{
  "dim": 16,
  "seed": 4,
  "condition_number": 50,
  "n_samples": 10000,
  "burn_in": 2000,
  "n_thin": 1,
  "n_chains": 150,
  "hwm_walkers_requested": 300,
  "jax_enable_x64": true,
  "af": false,
  "initialization_mode": "agnostic",
  "initialization_description": "independent N(0, 2^2) coordinates in the intrinsic Rosenbrock frame",
  "transform_affine": false,
  "overlay_rosenbrock": {
    "a": 1.0,
    "b": 100.0,
    "sigma": 1.5
  },
  "summary": {
    "Dense-mass NUTS": {
      "distribution": "Paired Rosenbrock",
      "tau": 5.160731196590951,
      "tau_std": 0.5547766232669158,
      "ess": 290656.48700921726,
      "ess_by_coordinate": [
        385367.5863831223,
        307338.30905738124,
        379095.011861903,
        294653.5527111293,
        387599.87598465977,
        302841.5022863274,
        383408.5176318713,
        307504.5081337121,
        381785.0077386594,
        290656.48700921726,
        387986.9169250323,
        300286.3654579265,
        400936.2852446879,
        308300.99912783335,
        391829.01076995255,
        303167.68008016946
      ],
      "ess_valid_fraction": [
        1.0,
        1.0,
        1.0,
        1.0,
        1.0,
        1.0,
        1.0,
        1.0,
        0.9933333333333333,
        0.9933333333333333,
        1.0,
        1.0,
        0.9933333333333333,
        0.9933333333333333,
        1.0,
        1.0
      ],
      "n_evaluations": 317403094.1666667,
      "evaluation_type": "gradient",
      "ess_per_eval": 0.0009157329980425304,
      "time": 315.33433985710144,
      "sigma": 1.5,
      "epsilon": 0.01662189456565247,
      "n_leapfrog": 211.60206277777777,
      "n_warmup": 2000,
      "target_accept": 0.8,
      "gamma": 0.05,
      "t0": 10,
      "kappa": 0.75,
      "mean_mse": 0.00032724972149646093,
      "cov_mse": 0.0007391343591138079,
      "acceptance_rate_mean": 0.8951641653246062,
      "acceptance_rate_min": 0.759841657594527,
      "acceptance_rate_max": 0.9703694472347776,
      "n_divergent": 5035,
      "actual_n_chains": 150,
      "diagnostic_draws_per_chain": 200,
      "sample_finite_fraction": 1.0,
      "finite_draw_fraction": 1.0,
      "sample_covariance_rank": 16,
      "sample_covariance_full_rank": true
    },
    "Hamiltonian Walk Move": {
      "distribution": "Paired Rosenbrock",
      "tau": 8.137669970405648,
      "tau_std": 0.9030752071679155,
      "ess": 368655.89424370026,
      "ess_by_coordinate": [
        468389.2228668573,
        388113.6135494866,
        531572.6307626271,
        378992.44569081883,
        482079.16306568665,
        376220.913137889,
        476473.9362586644,
        372907.2601594394,
        533103.1736401208,
        398794.1845947082,
        480978.95472495735,
        389521.3876522491,
        463032.40083101974,
        368655.89424370026,
        489087.0104622738,
        380089.31056117173
      ],
      "ess_valid_fraction": [
        0.9866666666666667,
        0.9866666666666667,
        0.9733333333333334,
        0.98,
        0.9833333333333333,
        0.9766666666666667,
        0.9733333333333334,
        0.9733333333333334,
        0.9833333333333333,
        0.9633333333333334,
        0.98,
        0.98,
        0.9833333333333333,
        0.98,
        0.9866666666666667,
        0.9866666666666667
      ],
      "n_evaluations": 335858750.0,
      "evaluation_type": "gradient",
      "ess_per_eval": 0.0010976515997981303,
      "time": 138.22329235076904,
      "sigma": 1.5,
      "epsilon": 0.02448048404915451,
      "n_leapfrog": 110.95291666666667,
      "n_warmup": 2000,
      "target_accept": 0.651,
      "gamma": 0.05,
      "t0": 10,
      "kappa": 0.75,
      "mean_mse": 0.0020070610611283113,
      "cov_mse": 0.012690303555632125,
      "acceptance_rate_mean": 0.6452058333333334,
      "acceptance_rate_min": 0.6452058333333333,
      "acceptance_rate_max": 0.6452058333333333,
      "n_divergent": null,
      "actual_n_chains": 300,
      "diagnostic_draws_per_chain": 200,
      "sample_finite_fraction": 1.0,
      "finite_draw_fraction": 1.0,
      "sample_covariance_rank": 16,
      "sample_covariance_full_rank": true
    },
    "Stretch Move": {
      "distribution": "Paired Rosenbrock",
      "tau": 2306.3074455843953,
      "tau_std": 459.88658944128446,
      "ess": 650.390303717688,
      "ess_by_coordinate": [
        927.4182078988192,
        1389.2198655945467,
        709.6069342805213,
        1638.613445494967,
        1038.3962477392909,
        1337.7614227481517,
        854.392519004736,
        1868.304885794881,
        714.9229630237268,
        1439.7418016210763,
        960.227062482391,
        1558.6827068000055,
        650.390303717688,
        1035.7829982992007,
        816.7245885290648,
        1415.5607532719773
      ],
      "ess_valid_fraction": [
        0.15333333333333332,
        0.21333333333333335,
        0.12,
        0.21333333333333335,
        0.16666666666666666,
        0.18,
        0.15333333333333332,
        0.26,
        0.12,
        0.21333333333333335,
        0.16666666666666666,
        0.23333333333333334,
        0.10666666666666667,
        0.16,
        0.13333333333333333,
        0.21333333333333335
      ],
      "n_evaluations": 1500000.0,
      "evaluation_type": "function",
      "ess_per_eval": 0.000433593535811792,
      "time": 3.7246053218841553,
      "sigma": 1.5,
      "epsilon": 0.0,
      "n_leapfrog": null,
      "n_warmup": null,
      "target_accept": null,
      "gamma": null,
      "t0": null,
      "kappa": null,
      "mean_mse": 3.297030974577947,
      "cov_mse": 0.8949723945625486,
      "acceptance_rate_mean": 0.13556555555555558,
      "acceptance_rate_min": 0.08433333333333333,
      "acceptance_rate_max": 0.174,
      "n_divergent": null,
      "actual_n_chains": 150,
      "diagnostic_draws_per_chain": 200,
      "sample_finite_fraction": 1.0,
      "finite_draw_fraction": 1.0,
      "sample_covariance_rank": 16,
      "sample_covariance_full_rank": true
    },
    "HMC": {
      "distribution": "Paired Rosenbrock",
      "tau": 3377.2234682400817,
      "tau_std": 696.0903447126883,
      "ess": 444.1518348152635,
      "ess_by_coordinate": [
        629.0920494696181,
        1037.260772696006,
        464.1641420993073,
        845.6272801853399,
        1032.6121812563802,
        1435.153309927729,
        765.0327516143886,
        1189.6195058210787,
        444.1518348152635,
        752.5650220324006,
        608.7361488171487,
        1320.6188282103606,
        1029.5360837262024,
        1353.672914314617,
        719.3171603309402,
        1089.6943703733803
      ],
      "ess_valid_fraction": [
        0.1,
        0.16666666666666666,
        0.08666666666666667,
        0.14,
        0.17333333333333334,
        0.22,
        0.12666666666666668,
        0.17333333333333334,
        0.08,
        0.12,
        0.09333333333333334,
        0.16,
        0.18,
        0.2,
        0.12,
        0.16
      ],
      "n_evaluations": 1500000.0,
      "evaluation_type": "gradient",
      "ess_per_eval": 0.00029610122321017566,
      "time": 13.33674430847168,
      "sigma": 1.5,
      "epsilon": 0.03812382396753885,
      "n_leapfrog": 0.0,
      "n_warmup": 2000,
      "target_accept": 0.651,
      "gamma": 0.05,
      "t0": 10,
      "kappa": 0.75,
      "mean_mse": 0.10785165473008929,
      "cov_mse": 0.17298253729116791,
      "acceptance_rate_mean": 0.6471222222222223,
      "acceptance_rate_min": 0.6471222222222222,
      "acceptance_rate_max": 0.6471222222222222,
      "n_divergent": null,
      "actual_n_chains": 150,
      "diagnostic_draws_per_chain": 200,
      "sample_finite_fraction": 1.0,
      "finite_draw_fraction": 1.0,
      "sample_covariance_rank": 16,
      "sample_covariance_full_rank": true
    }
  }
}