{
  "dim": 16,
  "seed": 4,
  "condition_number": 50,
  "n_samples": 10000,
  "burn_in": 1000,
  "n_thin": 1,
  "n_chains": 16,
  "af": false,
  "initialization_mode": "agnostic",
  "initialization_description": "independent N(0, 2^2) coordinates in the intrinsic Rosenbrock frame",
  "transform_affine": false,
  "overlay_rosenbrock": {
    "a": 1.0,
    "b": 100.0,
    "sigma": 0.7
  },
  "summary": {
    "Dense-mass NUTS": {
      "distribution": "Paired Rosenbrock",
      "tau": 5.833694887840565,
      "tau_std": 0.4036199403856048,
      "ess": 27426.871489884612,
      "ess_by_coordinate": [
        32778.14010157997,
        27426.871489884612,
        34258.20901292767,
        30185.750574816513,
        33528.61759565353,
        29399.66373315467,
        35781.93861733214,
        31753.673311050497,
        33444.14960434149,
        30502.192786305222,
        30330.648191920547,
        28173.529619695313,
        35814.6495347518,
        32542.585951222016,
        32548.06259328212,
        28705.914952863975
      ],
      "ess_valid_fraction": [
        0.875,
        0.8125,
        0.8125,
        0.875,
        0.8125,
        0.8125,
        0.875,
        0.8125,
        0.8125,
        0.875,
        0.8125,
        0.875,
        0.875,
        0.8125,
        0.8125,
        0.8125
      ],
      "n_evaluations": 23916480.0,
      "evaluation_type": "gradient",
      "ess_per_eval": 0.0011467770963739068,
      "time": 249.48634934425354,
      "sigma": 0.7,
      "epsilon": 5.7927623856812716e-05,
      "n_leapfrog": 149.478,
      "n_warmup": 1000,
      "target_accept": 0.8,
      "gamma": 0.05,
      "t0": 10,
      "kappa": 0.75
    },
    "Hamiltonian Walk Move": {
      "distribution": "Paired Rosenbrock",
      "tau": 496.8823469269827,
      "tau_std": 83.6293952644032,
      "ess": 322.0078173224217,
      "ess_by_coordinate": [
        559.2478191514746,
        553.5439171894229,
        859.0524887048523,
        887.8896289581494,
        520.8647913478076,
        589.8250774502205,
        751.1281374468922,
        791.6843545279362,
        744.701596666907,
        518.2585107944205,
        322.0078173224217,
        460.9687262972916,
        527.6530532235819,
        568.2511171899987,
        997.0317493049589,
        1013.7423755386582
      ],
      "ess_valid_fraction": [
        0.5625,
        0.5625,
        0.875,
        0.9375,
        0.5625,
        0.5,
        0.6875,
        0.75,
        0.75,
        0.5,
        0.375,
        0.5625,
        0.5625,
        0.625,
        0.875,
        0.9375
      ],
      "n_evaluations": 3520000.0,
      "evaluation_type": "gradient",
      "ess_per_eval": 9.147949355750617e-05,
      "time": 29.0283944606781,
      "sigma": 0.7,
      "epsilon": 0.0716693103313446,
      "n_leapfrog": 21,
      "n_warmup": 1000,
      "target_accept": 0.651,
      "gamma": 0.05,
      "t0": 10,
      "kappa": 0.75
    },
    "Stretch Move": {
      "distribution": "Paired Rosenbrock",
      "tau": 4940.511705921103,
      "tau_std": 1021.0740854600122,
      "ess": 32.385309361425705,
      "ess_by_coordinate": [
        91.69966695834638,
        140.5783500594589,
        208.09647472241627,
        299.9914683952306,
        145.38155792469294,
        69.64055618566277,
        77.70933867326264,
        188.80310670523937,
        82.1112345772116,
        115.91595905741605,
        32.385309361425705,
        197.6944146168205,
        99.19758340762118,
        165.4523292983791,
        167.41317985421705,
        178.61359282322056
      ],
      "ess_valid_fraction": [
        0.0625,
        0.1875,
        0.3125,
        0.3125,
        0.25,
        0.125,
        0.125,
        0.25,
        0.125,
        0.1875,
        0.0625,
        0.3125,
        0.1875,
        0.1875,
        0.25,
        0.25
      ],
      "n_evaluations": 160000.0,
      "evaluation_type": "function",
      "ess_per_eval": 0.00020240818350891065,
      "time": 0.953148365020752,
      "sigma": 0.7,
      "epsilon": 0.0,
      "n_leapfrog": null,
      "n_warmup": null,
      "target_accept": null,
      "gamma": null,
      "t0": null,
      "kappa": null
    },
    "HMC": {
      "distribution": "Paired Rosenbrock",
      "tau": 2.7084604858811585,
      "tau_std": 0.33100705338911945,
      "ess": 59074.149626349936,
      "ess_by_coordinate": [
        81565.54716235858,
        61703.48370145204,
        78563.49806830856,
        61809.96910506561,
        81552.4358820341,
        60491.83030042609,
        80769.50719055896,
        60391.71052003267,
        80689.25867818034,
        59074.149626349936,
        81018.39923008964,
        61652.048428881186,
        83089.92025993107,
        60825.21937210749,
        81623.45059458418,
        60530.67856567577
      ],
      "ess_valid_fraction": [
        1.0,
        1.0,
        1.0,
        1.0,
        1.0,
        1.0,
        1.0,
        1.0,
        1.0,
        1.0,
        1.0,
        1.0,
        1.0,
        1.0,
        1.0,
        1.0
      ],
      "n_evaluations": 126240000.0,
      "evaluation_type": "gradient",
      "ess_per_eval": 0.0004679511218817327,
      "time": 187.77835059165955,
      "sigma": 0.7,
      "epsilon": 0.00882706418633461,
      "n_leapfrog": 788,
      "n_warmup": 1000,
      "target_accept": 0.651,
      "gamma": 0.05,
      "t0": 10,
      "kappa": 0.75
    }
  }
}