{
  "dim": 32,
  "seed": 3,
  "n_samples": 10000,
  "burn_in": 1000,
  "n_thin": 1,
  "n_chains": 100,
  "af": true,
  "initialization_mode": "agnostic",
  "initialization_description": "independent N(0, 2^2) coordinates in the intrinsic Rosenbrock frame",
  "transform_affine": true,
  "overlay_rosenbrock": {
    "a": 1.0,
    "b": 100.0,
    "sigma": 0.7
  },
  "summary": {
    "Dense-mass NUTS": {
      "distribution": "Paired Rosenbrock",
      "tau": 208.8268400016635,
      "tau_std": 51.186689206232145,
      "ess": 4788.656477261419,
      "ess_by_coordinate": [
        32869.25315006327,
        32541.380355796,
        26361.80368060074,
        25702.03256246509,
        23791.17326256314,
        23489.583438843856,
        27446.153355226248,
        26840.13900269037,
        19420.019326873597,
        20103.369001985353,
        18851.263035057058,
        21218.285887217407,
        17644.59960489831,
        17403.237091710023,
        14686.35909564433,
        15840.937854691916,
        13115.06428422675,
        14712.002836350757,
        11560.385095708241,
        12350.905282404943,
        10461.769537634089,
        10835.924820197019,
        8354.8396380059,
        8720.271912021462,
        8301.772384854381,
        8520.049227358115,
        6806.701652718303,
        7257.122708880665,
        5420.972393658063,
        5952.4351923478835,
        4864.244359288845,
        4788.656477261419
      ],
      "ess_valid_fraction": [
        0.91,
        0.94,
        0.9,
        0.88,
        0.9,
        0.91,
        0.91,
        0.9,
        0.88,
        0.9,
        0.83,
        0.88,
        0.84,
        0.88,
        0.87,
        0.93,
        0.79,
        0.84,
        0.82,
        0.84,
        0.77,
        0.74,
        0.76,
        0.79,
        0.76,
        0.77,
        0.7,
        0.74,
        0.74,
        0.7,
        0.63,
        0.65
      ],
      "n_evaluations": 254783277.27272728,
      "evaluation_type": "gradient",
      "ess_per_eval": 1.8795018764655833e-05,
      "time": 286.73217487335205,
      "sigma": 0.7,
      "epsilon": 0.0139300636947155,
      "n_leapfrog": 254.78327727272728,
      "n_warmup": 1000,
      "target_accept": 0.8,
      "cond": 10.0
    },
    "Hamiltonian Walk Move": {
      "distribution": "Paired Rosenbrock",
      "tau": 18.69629720283514,
      "tau_std": 0.6098787184781916,
      "ess": 53486.526725107804,
      "ess_by_coordinate": [
        57990.79306595253,
        54035.116979244805,
        55084.3647478408,
        53486.526725107804,
        59665.447599847015,
        59421.839707002764,
        58964.02905724862,
        58078.544490794135,
        60236.58753523347,
        60125.5299534682,
        58507.86090345351,
        56152.08597667476,
        60160.98853667384,
        60354.856681258934,
        61126.43731549504,
        59969.664706511474,
        59850.19338987574,
        56561.28018694552,
        60874.4362306085,
        57987.373498012,
        61597.09929499388,
        59391.38428169617,
        59549.20964865454,
        56746.67137844184,
        57379.725829484305,
        59100.68245775808,
        58844.44168481666,
        56297.783693707905,
        59755.481340094455,
        59803.594567654276,
        60166.52751387101,
        56012.629779828014
      ],
      "ess_valid_fraction": [
        1.0,
        1.0,
        1.0,
        1.0,
        1.0,
        1.0,
        1.0,
        1.0,
        1.0,
        1.0,
        1.0,
        1.0,
        1.0,
        1.0,
        1.0,
        1.0,
        1.0,
        1.0,
        1.0,
        1.0,
        1.0,
        1.0,
        1.0,
        1.0,
        1.0,
        1.0,
        1.0,
        1.0,
        1.0,
        1.0,
        1.0,
        1.0
      ],
      "n_evaluations": 1001000000.0,
      "evaluation_type": "gradient",
      "ess_per_eval": 5.3433093631476326e-05,
      "time": 728.8485736846924,
      "sigma": 0.7,
      "epsilon": 0.0012653962476179004,
      "n_leapfrog": 1000,
      "n_warmup": 1000,
      "target_accept": 0.651,
      "cond": 10.0
    },
    "Stretch Move": {
      "distribution": "Paired Rosenbrock",
      "tau": 4063.2066160742056,
      "tau_std": 655.4311938725349,
      "ess": 246.11103851917363,
      "ess_by_coordinate": [
        465.24073972966596,
        832.743197449716,
        321.7480276875464,
        461.2011334079995,
        246.11103851917363,
        510.8634047992856,
        468.48984793714857,
        681.7039905416515,
        583.5348441760142,
        819.741355306401,
        715.9579267112457,
        801.9515837753604,
        505.1992717423718,
        802.591347592845,
        390.443209907318,
        932.9956694588955,
        631.436635581545,
        677.5218284845107,
        531.9768570432973,
        1026.9738222662024,
        600.6598315051781,
        1158.3085550357264,
        458.02358836548194,
        736.4502740146199,
        545.3417911305569,
        948.7948145575317,
        523.234983841616,
        907.6961156575344,
        514.2305339071884,
        672.3525849201503,
        706.3602399196137,
        1045.124850621906
      ],
      "ess_valid_fraction": [
        0.12,
        0.18,
        0.09,
        0.12,
        0.06,
        0.12,
        0.11,
        0.14,
        0.14,
        0.19,
        0.15,
        0.2,
        0.13,
        0.18,
        0.1,
        0.22,
        0.15,
        0.17,
        0.14,
        0.21,
        0.15,
        0.25,
        0.11,
        0.16,
        0.13,
        0.21,
        0.13,
        0.21,
        0.13,
        0.18,
        0.17,
        0.22
      ],
      "n_evaluations": 1000000.0,
      "evaluation_type": "function",
      "ess_per_eval": 0.0002461110385191736,
      "time": 4.201657772064209,
      "sigma": 0.7,
      "epsilon": 0.0,
      "n_leapfrog": null,
      "n_warmup": null,
      "target_accept": null,
      "cond": 10.0
    },
    "HMC": {
      "distribution": "Paired Rosenbrock",
      "tau": 3077.015335882085,
      "tau_std": 568.9527138077839,
      "ess": 324.9902554396373,
      "ess_by_coordinate": [
        357.353512496666,
        677.895437573832,
        414.9465368865124,
        458.5985361155028,
        721.0087218750001,
        1288.3025545047524,
        454.16625358056945,
        803.931801348949,
        636.6232410085107,
        787.2012449424182,
        347.89341733579255,
        873.0303213823048,
        437.5887887336902,
        769.2771244565071,
        466.5878632766881,
        532.3665385595151,
        357.53448996401613,
        872.5099833977683,
        324.9902554396373,
        462.8354942730723,
        503.30761399260643,
        412.41165762396616,
        674.4909063973602,
        531.0539483038758,
        862.5119882882499,
        511.49811424745343,
        686.871892916436,
        590.8955505334587,
        515.5313153564915,
        407.03503704075956,
        561.342923369381,
        519.4603752525521
      ],
      "ess_valid_fraction": [
        0.09,
        0.15,
        0.11,
        0.11,
        0.17,
        0.28,
        0.11,
        0.18,
        0.14,
        0.19,
        0.08,
        0.17,
        0.12,
        0.2,
        0.11,
        0.12,
        0.09,
        0.21,
        0.06,
        0.11,
        0.13,
        0.12,
        0.15,
        0.14,
        0.19,
        0.13,
        0.16,
        0.14,
        0.12,
        0.11,
        0.14,
        0.12
      ],
      "n_evaluations": 1000000.0,
      "evaluation_type": "gradient",
      "ess_per_eval": 0.00032499025543963726,
      "time": 13.467259168624878,
      "sigma": 0.7,
      "epsilon": 0.030819717794656754,
      "n_leapfrog": 0,
      "n_warmup": 1000,
      "target_accept": 0.651,
      "cond": 10.0
    }
  }
}