{
  "dim": 32,
  "seed": 3,
  "n_samples": 10000,
  "burn_in": 2000,
  "n_thin": 1,
  "n_chains": 100,
  "hwm_walkers_requested": 300,
  "jax_enable_x64": true,
  "af": true,
  "initialization_mode": "agnostic",
  "initialization_description": "independent N(0, 2^2) coordinates in the intrinsic Rosenbrock frame",
  "transform_affine": true,
  "overlay_rosenbrock": {
    "a": 1.0,
    "b": 100.0,
    "sigma": 1.5
  },
  "summary": {
    "Dense-mass NUTS": {
      "distribution": "Paired Rosenbrock",
      "tau": 6.422230248419402,
      "tau_std": 0.6543306824090142,
      "ess": 155709.14796244085,
      "ess_by_coordinate": [
        245499.08779228138,
        204932.7982364464,
        246686.60935140416,
        202908.61433444373,
        248048.9897345866,
        199086.12297614105,
        237526.630484059,
        190359.7641827553,
        245373.43938394866,
        207997.60908581,
        248631.09625059098,
        199710.43356594292,
        242959.35233903036,
        214691.0620937838,
        226763.4158670438,
        199754.73607382984,
        230968.81889179678,
        188091.1654691279,
        223685.40086620222,
        185509.7908011512,
        202227.0710890623,
        177032.59284824942,
        213627.46081174776,
        188630.9772167121,
        201333.34271162536,
        171221.12210453537,
        187741.0338704132,
        164436.15344574658,
        185190.16671274687,
        166273.251552194,
        175384.98003703426,
        155709.14796244085
      ],
      "ess_valid_fraction": [
        1.0,
        1.0,
        1.0,
        1.0,
        1.0,
        1.0,
        1.0,
        1.0,
        1.0,
        1.0,
        1.0,
        1.0,
        1.0,
        1.0,
        1.0,
        1.0,
        1.0,
        1.0,
        1.0,
        1.0,
        1.0,
        1.0,
        1.0,
        1.0,
        1.0,
        1.0,
        1.0,
        1.0,
        1.0,
        1.0,
        1.0,
        1.0
      ],
      "n_evaluations": 251751686.66666666,
      "evaluation_type": "gradient",
      "ess_per_eval": 0.0006185028987257928,
      "time": 325.5746624469757,
      "sigma": 1.5,
      "epsilon": 0.014226319168716384,
      "n_leapfrog": 251.75168666666667,
      "n_warmup": 2000,
      "target_accept": 0.8,
      "cond": 10.0,
      "mean_mse": 0.0005886113929004959,
      "cov_mse": 0.0014333348094877434,
      "acceptance_rate_mean": 0.8949689683637587,
      "acceptance_rate_min": 0.7965166737725625,
      "acceptance_rate_max": 0.9531599367284004,
      "n_divergent": 875,
      "actual_n_chains": 100,
      "diagnostic_draws_per_chain": 200,
      "sample_finite_fraction": 1.0,
      "finite_draw_fraction": 1.0,
      "sample_covariance_rank": 32,
      "sample_covariance_full_rank": true
    },
    "Hamiltonian Walk Move": {
      "distribution": "Paired Rosenbrock",
      "tau": 5.647804627785895,
      "tau_std": 0.8498984574530211,
      "ess": 531179.8473411584,
      "ess_by_coordinate": [
        754746.2928852608,
        536045.8198888607,
        890370.2121905774,
        626799.1433230636,
        800291.1931866712,
        559347.625258971,
        792632.2850879711,
        549028.1974103748,
        791083.7988667269,
        533990.7724018401,
        790890.6426599659,
        544442.1437716312,
        784803.0527808559,
        559375.4397603814,
        786966.1402804385,
        531179.8473411584,
        783131.3817417183,
        535466.7710214793,
        789934.1531841019,
        541572.9995343406,
        797160.0412760979,
        563350.3884962291,
        796133.794005564,
        551489.9170681951,
        800577.0610140476,
        541418.4124224005,
        786683.1419162533,
        548409.1768922145,
        791870.1948359167,
        551687.204985389,
        789162.4694527957,
        554331.9765302825
      ],
      "ess_valid_fraction": [
        0.9966666666666667,
        0.9966666666666667,
        0.9966666666666667,
        0.99,
        0.9966666666666667,
        0.9966666666666667,
        0.99,
        0.9933333333333333,
        0.9933333333333333,
        0.9933333333333333,
        0.9933333333333333,
        0.99,
        0.9933333333333333,
        0.9933333333333333,
        0.9933333333333333,
        0.9933333333333333,
        0.9933333333333333,
        0.99,
        0.9966666666666667,
        0.9966666666666667,
        0.9933333333333333,
        0.9966666666666667,
        0.9933333333333333,
        0.99,
        0.9933333333333333,
        0.99,
        0.9966666666666667,
        0.9966666666666667,
        0.9933333333333333,
        0.9933333333333333,
        0.9933333333333333,
        0.9933333333333333
      ],
      "n_evaluations": 456630250.0,
      "evaluation_type": "gradient",
      "ess_per_eval": 0.0011632603125639584,
      "time": 183.39682030677795,
      "sigma": 1.5,
      "epsilon": 0.021026150395362434,
      "n_leapfrog": 151.21008333333333,
      "n_warmup": 2000,
      "target_accept": 0.651,
      "cond": 10.0,
      "mean_mse": 0.0011762161933258004,
      "cov_mse": 0.010606173024909063,
      "acceptance_rate_mean": 0.6569063888888889,
      "acceptance_rate_min": 0.6569063888888889,
      "acceptance_rate_max": 0.6569063888888889,
      "n_divergent": null,
      "actual_n_chains": 300,
      "diagnostic_draws_per_chain": 200,
      "sample_finite_fraction": 1.0,
      "finite_draw_fraction": 1.0,
      "sample_covariance_rank": 32,
      "sample_covariance_full_rank": true
    },
    "Stretch Move": {
      "distribution": "Paired Rosenbrock",
      "tau": 3545.5374408449966,
      "tau_std": 674.1187095620979,
      "ess": 282.0446876346265,
      "ess_by_coordinate": [
        519.8806918112066,
        951.1858647254809,
        339.2852977625348,
        776.0617747913519,
        563.6412580267048,
        968.9888497577147,
        518.1686032903551,
        768.9108873624759,
        564.7637064842427,
        1251.52312896067,
        744.8565507371185,
        1002.6185116961836,
        516.5187890991037,
        913.3197048872697,
        452.0573568910926,
        600.5579748415576,
        349.75948102770997,
        619.4077809976787,
        326.870049941223,
        282.0446876346265,
        499.40824883247365,
        410.44735646994803,
        431.32265621731085,
        904.5583225207546,
        691.1509089959333,
        891.5419016535101,
        661.2146480420572,
        989.135898590313,
        677.4955930131737,
        801.7899061963288,
        591.0761328713652,
        951.5103763960406
      ],
      "ess_valid_fraction": [
        0.14,
        0.2,
        0.09,
        0.18,
        0.14,
        0.22,
        0.12,
        0.18,
        0.14,
        0.27,
        0.16,
        0.23,
        0.14,
        0.2,
        0.11,
        0.16,
        0.09,
        0.14,
        0.07,
        0.07,
        0.13,
        0.1,
        0.11,
        0.21,
        0.17,
        0.23,
        0.17,
        0.22,
        0.16,
        0.18,
        0.14,
        0.21
      ],
      "n_evaluations": 1000000.0,
      "evaluation_type": "function",
      "ess_per_eval": 0.0002820446876346265,
      "time": 4.461558818817139,
      "sigma": 1.5,
      "epsilon": 0.0,
      "n_leapfrog": null,
      "n_warmup": null,
      "target_accept": null,
      "cond": 10.0,
      "mean_mse": 4.336828571960126,
      "cov_mse": 0.9623421758436999,
      "acceptance_rate_mean": 0.17468666666666663,
      "acceptance_rate_min": 0.14316666666666666,
      "acceptance_rate_max": 0.20591666666666666,
      "n_divergent": null,
      "actual_n_chains": 100,
      "diagnostic_draws_per_chain": 200,
      "sample_finite_fraction": 1.0,
      "finite_draw_fraction": 1.0,
      "sample_covariance_rank": 32,
      "sample_covariance_full_rank": true
    },
    "HMC": {
      "distribution": "Paired Rosenbrock",
      "tau": 214.40275021885097,
      "tau_std": 66.20452783704599,
      "ess": 4664.119275425585,