{
  "dim": 4,
  "seed": 4,
  "condition_number": 50.0,
  "n_samples": 10000,
  "burn_in": 2000,
  "n_thin": 1,
  "n_chains": 150,
  "hwm_walkers_requested": 300,
  "jax_enable_x64": true,
  "af": false,
  "transform_affine": false,
  "summary": {
    "Dense-mass NUTS": {
      "distribution": "Gaussian",
      "tau": 1.002892264818439,
      "tau_std": 0.0007641091021718084,
      "ess": 1495674.1143791312,
      "ess_by_coordinate": [
        1498717.4123501228,
        1495674.1143791312,
        1497535.6956412457,
        1498130.8218967076
      ],
      "ess_valid_fraction": [
        1.0,
        1.0,
        1.0,
        1.0
      ],
      "n_evaluations": 7563825.0,
      "evaluation_type": "gradient",
      "ess_per_eval": 0.19774044407150235,
      "time": 30.798640966415405,
      "sigma": 0.0,
      "epsilon": 0.7318581687748498,
      "n_leapfrog": 5.04255,
      "n_warmup": 2000,
      "target_accept": 0.8,
      "gamma": 0.05,
      "t0": 10,
      "kappa": 0.75,
      "mean_mse": 5.5150161419565125e-06,
      "cov_mse": 6.129120038713718e-06,
      "acceptance_rate_mean": 0.9022136344498393,
      "acceptance_rate_min": 0.8690037783461237,
      "acceptance_rate_max": 0.9360729845346496,
      "n_divergent": 0,
      "actual_n_chains": 150,
      "diagnostic_draws_per_chain": 200,
      "sample_finite_fraction": 1.0,
      "finite_draw_fraction": 1.0,
      "sample_covariance_rank": 4,
      "sample_covariance_full_rank": true
    },
    "Hamiltonian Walk Move": {
      "distribution": "Gaussian",
      "tau": 1.3163393397637515,
      "tau_std": 0.0059222328194070755,
      "ess": 2279047.590067787,
      "ess_by_coordinate": [
        2287071.407440449,
        2279047.590067787,
        2290466.119002317,
        2307528.5497264774
      ],
      "ess_valid_fraction": [
        1.0,
        1.0,
        1.0,
        1.0
      ],
      "n_evaluations": 6563000.000000001,
      "evaluation_type": "gradient",
      "ess_per_eval": 0.34725698462102494,
      "time": 17.933813095092773,
      "sigma": 0.0,
      "epsilon": 1.2999617892981568,
      "n_leapfrog": 1.1876666666666666,
      "n_warmup": 2000,
      "target_accept": 0.651,
      "gamma": 0.05,
      "t0": 10,
      "kappa": 0.75,
      "mean_mse": 8.030988162650635e-06,
      "cov_mse": 5.2031859630776115e-06,
      "acceptance_rate_mean": 0.653463888888889,
      "acceptance_rate_min": 0.6534638888888888,
      "acceptance_rate_max": 0.6534638888888888,
      "n_divergent": null,
      "actual_n_chains": 300,
      "diagnostic_draws_per_chain": 200,
      "sample_finite_fraction": 1.0,
      "finite_draw_fraction": 1.0,
      "sample_covariance_rank": 4,
      "sample_covariance_full_rank": true
    },
    "Stretch Move": {
      "distribution": "Gaussian",
      "tau": 39.895087527948284,
      "tau_std": 0.40039524041020597,
      "ess": 37598.614088744216,
      "ess_by_coordinate": [
        38001.44522000586,
        38212.57959820083,
        37598.614088744216,
        38675.45123049717
      ],
      "ess_valid_fraction": [
        1.0,
        1.0,
        1.0,
        1.0
      ],
      "n_evaluations": 1500000.0,
      "evaluation_type": "function",
      "ess_per_eval": 0.02506574272582948,
      "time": 1.5142524242401123,
      "sigma": 0.0,
      "epsilon": 0.0,
      "n_leapfrog": null,
      "n_warmup": null,
      "target_accept": null,
      "gamma": null,
      "t0": null,
      "kappa": null,
      "mean_mse": 0.00020748880733806497,
      "cov_mse": 3.53697651827031e-05,
      "acceptance_rate_mean": 0.5776288888888889,
      "acceptance_rate_min": 0.5621666666666667,
      "acceptance_rate_max": 0.58875,
      "n_divergent": null,
      "actual_n_chains": 150,
      "diagnostic_draws_per_chain": 200,
      "sample_finite_fraction": 1.0,
      "finite_draw_fraction": 1.0,
      "sample_covariance_rank": 4,
      "sample_covariance_full_rank": true
    },
    "HMC": {
      "distribution": "Gaussian",
      "tau": 1.6207989379051595,
      "tau_std": 0.003050138328761856,
      "ess": 925469.5106961947,
      "ess_by_coordinate": [
        926320.7689425888,
        929274.9985772265,
        929406.1443006435,
        925469.5106961947
      ],
      "ess_valid_fraction": [
        1.0,
        1.0,
        1.0,
        1.0
      ],
      "n_evaluations": 3171375.0000000005,
      "evaluation_type": "gradient",
      "ess_per_eval": 0.2918196399656914,
      "time": 11.468509912490845,
      "sigma": 0.0,
      "epsilon": 4.059483683585956,
      "n_leapfrog": 1.11425,
      "n_warmup": 2000,
      "target_accept": 0.651,
      "gamma": 0.05,
      "t0": 10,
      "kappa": 0.75,
      "mean_mse": 3.1094082601257295e-06,
      "cov_mse": 3.1686798582984726e-06,
      "acceptance_rate_mean": 0.6516155555555556,
      "acceptance_rate_min": 0.6516155555555555,
      "acceptance_rate_max": 0.6516155555555555,
      "n_divergent": null,
      "actual_n_chains": 150,
      "diagnostic_draws_per_chain": 200,
      "sample_finite_fraction": 1.0,
      "finite_draw_fraction": 1.0,
      "sample_covariance_rank": 4,
      "sample_covariance_full_rank": true
    }
  }
}