{
  "dim": 32,
  "seed": 2,
  "n_samples": 10000,
  "burn_in": 1000,
  "n_thin": 1,
  "n_chains": 100,
  "af": true,
  "initialization_mode": "agnostic",
  "initialization_description": "independent N(0, 2^2) coordinates in the intrinsic Rosenbrock frame",
  "transform_affine": true,
  "overlay_rosenbrock": {
    "a": 1.0,
    "b": 100.0,
    "sigma": 0.7
  },
  "summary": {
    "Dense-mass NUTS": {
      "distribution": "Paired Rosenbrock",
      "tau": 7846.27273616366,
      "tau_std": 1295.139085300083,
      "ess": 127.44904920153692,
      "ess_by_coordinate": [
        200.08804895107608,
        266.84901676310653,
        289.7675769034357,
        427.16430544003066,
        127.44904920153692,
        321.13822590911326,
        180.60440197101366,
        206.988583102806,
        286.1853208275553,
        228.84840962935587,
        361.08400667651244,
        357.1476877507663,
        170.23839087284276,
        222.1820351656333,
        175.6530531909069,
        351.6456530512252,
        316.36876961700995,
        388.4820385467181,
        170.1492449970084,
        268.7173968805396,
        260.1354878787014,
        242.80887925378732,
        154.12138216424609,
        179.8244456315214,
        240.7696908529041,
        219.32459477770817,
        292.18493690945934,
        229.27122012192442,
        288.2482521499846,
        151.63945926032105,
        231.76818848761366,
        208.28340659278652
      ],
      "ess_valid_fraction": [
        0.03,
        0.07,
        0.08,
        0.1,
        0.03,
        0.09,
        0.05,
        0.05,
        0.08,
        0.06,
        0.09,
        0.08,
        0.05,
        0.06,
        0.04,
        0.09,
        0.07,
        0.1,
        0.05,
        0.07,
        0.07,
        0.06,
        0.04,
        0.05,
        0.06,
        0.05,
        0.08,
        0.06,
        0.07,
        0.04,
        0.06,
        0.05
      ],
      "n_evaluations": 255000000.0,
      "evaluation_type": "gradient",
      "ess_per_eval": 4.998001929472036e-07,
      "time": 277.9917953014374,
      "sigma": 0.7,
      "epsilon": 0.0011584155727177858,
      "n_leapfrog": 255.0,
      "n_warmup": 1000,
      "target_accept": 0.8,
      "cond": 1000.0
    },
    "Hamiltonian Walk Move": {
      "distribution": "Paired Rosenbrock",
      "tau": 5650.965133440076,
      "tau_std": 1025.1035841961354,
      "ess": 176.96092196400457,
      "ess_by_coordinate": [
        337.3482457582832,
        704.4263037253888,
        899.1017486450259,
        313.33393183982423,
        227.75769192857473,
        440.52003562198666,
        269.81849708873216,
        497.80341663325925,
        243.7618066320436,
        551.6942703651522,
        352.6793244898005,
        355.59645498062264,
        385.2372543306891,
        489.9358995920873,
        517.7463367741768,
        490.2243674134089,
        533.4137061259867,
        255.1124683104466,
        250.51378245450516,
        217.9601320544744,
        293.3763226090798,
        485.64679849083706,
        487.78802739951004,
        353.72630040617395,
        371.19842963538485,
        469.492824499082,
        356.74453623755875,
        281.61444075118,
        176.96092196400457,
        423.52414816168056,
        228.6029301511405,
        362.8808357698396
      ],
      "ess_valid_fraction": [
        0.09,
        0.18,
        0.2,
        0.08,
        0.06,
        0.12,
        0.07,
        0.13,
        0.07,
        0.13,
        0.08,
        0.09,
        0.09,
        0.12,
        0.13,
        0.13,
        0.13,
        0.07,
        0.06,
        0.05,
        0.08,
        0.11,
        0.13,
        0.1,
        0.1,
        0.13,
        0.1,
        0.07,
        0.04,
        0.12,
        0.06,
        0.09
      ],
      "n_evaluations": 1001000000.0,
      "evaluation_type": "gradient",
      "ess_per_eval": 1.7678413782617838e-07,
      "time": 709.3711996078491,
      "sigma": 0.7,
      "epsilon": 1.1860889514991868e-07,
      "n_leapfrog": 1000,
      "n_warmup": 1000,
      "target_accept": 0.651,
      "cond": 1000.0
    },
    "Stretch Move": {
      "distribution": "Paired Rosenbrock",
      "tau": 4580.380915334211,
      "tau_std": 709.4745584007206,
      "ess": 218.3224536309191,
      "ess_by_coordinate": [
        364.95502076277114,
        755.496406667702,
        779.1920431056077,
        912.3069281569924,
        586.2082972509286,
        1006.6486711407629,
        751.7583146477692,
        906.689916783765,
        218.3224536309191,
        731.3775259162026,
        694.5383612697868,
        1419.3558915635112,
        509.8695734777439,
        754.4428502049379,
        599.4441657376957,
        1090.4241948759168,
        622.341000443711,
        1211.9129782482514,
        549.283852312758,
        1206.215573212717,
        800.2860764765167,
        843.9007576092616,
        536.9091404892862,
        888.8157255206897,
        606.0681594676452,
        1059.6311262715976,
        391.62989164290747,
        550.6243848731277,
        532.6178925653883,
        616.8992270895551,
        616.9705464194191,
        681.5344456088313
      ],
      "ess_valid_fraction": [
        0.08,
        0.15,
        0.19,
        0.21,
        0.15,
        0.21,
        0.19,
        0.21,
        0.05,
        0.18,
        0.16,
        0.32,
        0.14,
        0.18,
        0.14,
        0.23,
        0.16,
        0.25,
        0.12,
        0.25,
        0.21,
        0.21,
        0.13,
        0.22,
        0.13,
        0.24,
        0.09,
        0.13,
        0.12,
        0.14,
        0.17,
        0.15
      ],
      "n_evaluations": 1000000.0,
      "evaluation_type": "function",
      "ess_per_eval": 0.0002183224536309191,
      "time": 4.337285041809082,
      "sigma": 0.7,
      "epsilon": 0.0,
      "n_leapfrog": null,
      "n_warmup": null,
      "target_accept": null,
      "cond": 1000.0
    },
    "HMC": {
      "distribution": "Paired Rosenbrock",
      "tau": 4209.406963416988,
      "tau_std": 970.3789445877942,
      "ess": 237.56315525934548,
      "ess_by_coordinate": [
        1512.5533800404105,
        1668.0152858045533,
        765.032964072362,
        1377.743199630713,
        772.8302880113466,
        1389.6143826653572,
        406.13500165971766,
        615.2047043794505,
        485.5671376898225,
        591.690948144837,
        634.0624232193587,
        1299.236288755277,
        463.00687760415036,
        722.1376080281726,
        499.32034898491514,
        342.467012979321,
        411.98228323653984,
        598.4671553934356,
        262.5981637375437,
        454.60515406684135,
        402.26288550043785,
        251.127083675004,
        251.87191974896004,
        371.6749063608661,
        472.26820855730597,
        525.5681618525128,
        442.92099551686846,
        237.56315525934548,
        328.5082341986527,
        428.1179225606954,
        335.8272414481087,
        445.0476724555187
      ],
      "ess_valid_fraction": [
        0.35,
        0.36,
        0.2,
        0.3,
        0.18,
        0.28,
        0.11,
        0.15,
        0.13,
        0.15,
        0.16,
        0.29,
        0.1,
        0.17,
        0.13,
        0.08,
        0.1,
        0.14,
        0.07,
        0.11,
        0.1,
        0.07,
        0.06,
        0.11,
        0.12,
        0.13,
        0.11,
        0.06,
        0.07,
        0.1,
        0.09,
        0.12
      ],
      "n_evaluations": 1001000000.0,
      "evaluation_type": "gradient",
      "ess_per_eval": 2.3732582942991557e-07,
      "time": 357.63708782196045,
      "sigma": 0.7,
      "epsilon": 0.00011807197006419301,
      "n_leapfrog": 1000,
      "n_warmup": 1000,
      "target_accept": 0.651,
      "cond": 1000.0
    }
  }
}