{
  "dim": 32,
  "seed": 2,
  "n_samples": 10000,
  "burn_in": 2000,
  "n_thin": 1,
  "n_chains": 100,
  "hwm_walkers_requested": 300,
  "jax_enable_x64": true,
  "af": true,
  "initialization_mode": "agnostic",
  "initialization_description": "independent N(0, 2^2) coordinates in the intrinsic Rosenbrock frame",
  "transform_affine": true,
  "overlay_rosenbrock": {
    "a": 1.0,
    "b": 100.0,
    "sigma": 1.5
  },
  "summary": {
    "Dense-mass NUTS": {
      "distribution": "Paired Rosenbrock",
      "tau": 426.27828148421463,
      "tau_std": 114.52567431343695,
      "ess": 2345.8854073404877,
      "ess_by_coordinate": [
        234215.66057667008,
        186132.8359502902,
        227543.46488594363,
        185063.13784304954,
        209001.8061644694,
        175129.843509511,
        208098.58458784618,
        170581.30097410004,
        182786.6616888822,
        156206.72461199082,
        171028.61012707272,
        138538.21363516935,
        128169.90209592134,
        115758.58369083195,
        114840.18955470016,
        100827.1720411469,
        67425.1662403933,
        61694.65627494451,
        45040.46960875662,
        34965.24178760611,
        24647.519732891662,
        20793.07455774172,
        18221.119118186183,
        16565.664362335927,
        7880.722703517352,
        7234.542546159486,
        5608.089208490172,
        6011.643880051278,
        3586.480750985745,
        3480.9254827447776,
        2621.6713922910244,
        2345.8854073404877
      ],
      "ess_valid_fraction": [
        0.99,
        1.0,
        0.98,
        1.0,
        1.0,
        1.0,
        0.98,
        1.0,
        0.94,
        0.96,
        1.0,
        0.98,
        0.92,
        0.95,
        0.89,
        0.91,
        0.88,
        0.91,
        0.87,
        0.89,
        0.86,
        0.86,
        0.75,
        0.76,
        0.69,
        0.67,
        0.58,
        0.63,
        0.58,
        0.56,
        0.35,
        0.39
      ],
      "n_evaluations": 252977500.0,
      "evaluation_type": "gradient",
      "ess_per_eval": 9.273099020033354e-06,
      "time": 361.6212351322174,
      "sigma": 1.5,
      "epsilon": 0.013500022495759325,
      "n_leapfrog": 252.9775,
      "n_warmup": 2000,
      "target_accept": 0.8,
      "cond": 1000.0,
      "mean_mse": 0.11004181466585597,
      "cov_mse": 0.2619057424573073,
      "acceptance_rate_mean": 0.8795533265141654,
      "acceptance_rate_min": 0.6567253326731181,
      "acceptance_rate_max": 0.9617717457384067,
      "n_divergent": 8592,
      "actual_n_chains": 100,
      "diagnostic_draws_per_chain": 200,
      "sample_finite_fraction": 1.0,
      "finite_draw_fraction": 1.0,
      "sample_covariance_rank": 32,
      "sample_covariance_full_rank": true
    },
    "Hamiltonian Walk Move": {
      "distribution": "Paired Rosenbrock",
      "tau": 6.481932992676542,
      "tau_std": 0.7458131048431738,
      "ess": 462824.90167508344,
      "ess_by_coordinate": [
        627234.3260628055,
        493167.2036039977,
        624716.4664889637,
        482652.27691092936,
        639580.1867416601,
        492524.16855113464,
        630636.3387915625,
        485138.5986887524,
        630349.0522125966,
        465588.78303761047,
        624703.7621935634,
        480697.01666903077,
        643927.0522668809,
        490230.1964473083,
        642996.7393425126,
        490565.4036172066,
        620703.8631388298,
        462824.90167508344,
        629760.1454995305,
        482402.01097920677,
        646839.8391828544,
        499529.6282898409,
        632392.8356667967,
        475387.77846861933,
        627302.4176098248,
        485326.9470754678,
        630459.3537921291,
        481134.82568153355,
        630256.822287079,
        480019.81583539525,
        656541.5459038161,
        480085.2081601514
      ],
      "ess_valid_fraction": [
        1.0,
        0.9966666666666667,
        1.0,
        1.0,
        1.0,
        1.0,
        1.0,
        1.0,
        0.9966666666666667,
        0.9933333333333333,
        1.0,
        1.0,
        1.0,
        1.0,
        0.9966666666666667,
        0.9966666666666667,
        1.0,
        1.0,
        0.9966666666666667,
        0.9966666666666667,
        1.0,
        1.0,
        0.9966666666666667,
        0.9966666666666667,
        1.0,
        1.0,
        1.0,
        1.0,
        1.0,
        1.0,
        1.0,
        1.0
      ],
      "n_evaluations": 394876750.0,
      "evaluation_type": "gradient",
      "ess_per_eval": 0.0011720743286989762,
      "time": 1261.142501592636,
      "sigma": 1.5,
      "epsilon": 0.021360778813198904,
      "n_leapfrog": 130.62558333333334,
      "n_warmup": 2000,
      "target_accept": 0.651,
      "cond": 1000.0,
      "mean_mse": 0.0003287896730295758,
      "cov_mse": 0.0009291806271584065,
      "acceptance_rate_mean": 0.6533641666666667,
      "acceptance_rate_min": 0.6533641666666666,
      "acceptance_rate_max": 0.6533641666666666,
      "n_divergent": null,
      "actual_n_chains": 300,
      "diagnostic_draws_per_chain": 200,
      "sample_finite_fraction": 1.0,
      "finite_draw_fraction": 1.0,
      "sample_covariance_rank": 32,
      "sample_covariance_full_rank": true
    },
    "Stretch Move": {
      "distribution": "Paired Rosenbrock",
      "tau": 4924.706479827654,
      "tau_std": 847.7637027925625,
      "ess": 203.0577871181058,
      "ess_by_coordinate": [
        364.4787191914089,
        719.9460832114145,
        476.31086077671233,
        520.9825204126928,
        588.1558685738628,
        839.688232873644,
        321.7707587986714,
        721.3778002181548,
        570.8427850663504,
        465.06619749458275,
        412.0233862035489,
        724.4461477048228,
        254.12547750931395,
        571.8453027629341,
        538.2341971963616,
        736.0716332265887,
        594.9617672266572,
        915.2738455476741,
        391.621949566469,
        689.8887378476912,
        203.0577871181058,
        642.634328722026,
        522.9956468355444,
        817.9705450522122,
        657.8206268570351,
        951.0554018367858,
        651.1194614334804,
        1216.5102399017944,
        654.2865156610227,
        926.1628804733652,
        410.5524823023228,
        761.8230700854223
      ],
      "ess_valid_fraction": [
        0.09,
        0.17,
        0.11,
        0.13,
        0.14,
        0.2,
        0.09,
        0.19,
        0.13,
        0.12,
        0.1,
        0.18,
        0.06,
        0.13,
        0.14,
        0.16,
        0.14,
        0.19,
        0.11,
        0.18,
        0.05,
        0.15,
        0.13,
        0.18,
        0.17,
        0.22,
        0.17,
        0.27,
        0.15,
        0.22,
        0.1,
        0.19
      ],
      "n_evaluations": 1000000.0,
      "evaluation_type": "function",
      "ess_per_eval": 0.0002030577871181058,
      "time": 4.514440298080444,
      "sigma": 1.5,
      "epsilon": 0.0,
      "n_leapfrog": null,
      "n_warmup": null,
      "target_accept": null,
      "cond": 1000.0,
      "mean_mse": 4.441165821474955,
      "cov_mse": 0.9681691470351425,
      "acceptance_rate_mean": 0.16511333333333333,
      "acceptance_rate_min": 0.12066666666666667,
      "acceptance_rate_max": 0.20216666666666666,
      "n_divergent": null,
      "actual_n_chains": 100,
      "diagnostic_draws_per_chain": 200,
      "sample_finite_fraction": 1.0,
      "finite_draw_fraction": 1.0,
      "sample_covariance_rank": 32,
      "sample_covariance_full_rank": true
    },
    "HMC": {
      "distribution": "Paired Rosenbrock",
      "tau": 6424.491122104252,
      "tau_std": 1356.134144813366,
      "ess": 155.65435160449937,