{
  "dim": 32,
  "seed": 4,
  "condition_number": 50.0,
  "n_samples": 10000,
  "burn_in": 2000,
  "n_thin": 1,
  "n_chains": 150,
  "hwm_walkers_requested": 300,
  "jax_enable_x64": true,
  "af": false,
  "transform_affine": false,
  "summary": {
    "Dense-mass NUTS": {
      "distribution": "Gaussian",
      "tau": 1.0,
      "tau_std": 0.0,
      "ess": 1500000.0,
      "ess_by_coordinate": [
        1500000.0,
        1500000.0,
        1500000.0,
        1500000.0,
        1500000.0,
        1500000.0,
        1500000.0,
        1500000.0,
        1500000.0,
        1500000.0,
        1500000.0,
        1500000.0,
        1500000.0,
        1500000.0,
        1500000.0,
        1500000.0,
        1500000.0,
        1500000.0,
        1500000.0,
        1500000.0,
        1500000.0,
        1500000.0,
        1500000.0,
        1500000.0,
        1500000.0,
        1500000.0,
        1500000.0,
        1500000.0,
        1500000.0,
        1500000.0,
        1500000.0,
        1500000.0
      ],
      "ess_valid_fraction": [
        1.0,
        1.0,
        1.0,
        1.0,
        1.0,
        1.0,
        1.0,
        1.0,
        1.0,
        1.0,
        1.0,
        1.0,
        1.0,
        1.0,
        1.0,
        1.0,
        1.0,
        1.0,
        1.0,
        1.0,
        1.0,
        1.0,
        1.0,
        1.0,
        1.0,
        1.0,
        1.0,
        1.0,
        1.0,
        1.0,
        1.0,
        1.0
      ],
      "n_evaluations": 10503660.0,
      "evaluation_type": "gradient",
      "ess_per_eval": 0.14280736429016172,
      "time": 69.76428246498108,
      "sigma": 0.0,
      "epsilon": 0.5527624303433618,
      "n_leapfrog": 7.00244,
      "n_warmup": 2000,
      "target_accept": 0.8,
      "gamma": 0.05,
      "t0": 10,
      "kappa": 0.75,
      "mean_mse": 2.6469145005364176e-06,
      "cov_mse": 4.50896363116728e-05,
      "acceptance_rate_mean": 0.8684964119542273,
      "acceptance_rate_min": 0.8112277116794706,
      "acceptance_rate_max": 0.9082506362499346,
      "n_divergent": 0,
      "actual_n_chains": 150,
      "diagnostic_draws_per_chain": 200,
      "sample_finite_fraction": 1.0,
      "finite_draw_fraction": 1.0,
      "sample_covariance_rank": 32,
      "sample_covariance_full_rank": true
    },
    "Hamiltonian Walk Move": {
      "distribution": "Gaussian",
      "tau": 1.4790951198890994,
      "tau_std": 0.005348766631540981,
      "ess": 2028267.1206601886,
      "ess_by_coordinate": [
        2039213.107545473,
        2046319.5938805756,
        2046359.010233068,
        2036948.4789733088,
        2035202.843023133,
        2040299.146939482,
        2036960.9121295046,
        2030811.9010897565,
        2036425.5909943203,
        2038674.6842805506,
        2045465.35310411,
        2034870.4788957706,
        2051607.3715883594,
        2051675.9753300974,
        2052340.7286644592,
        2037934.0929178142,
        2035717.6391459797,
        2053180.4063107506,
        2036299.0054746256,
        2032218.9931402346,
        2028267.1206601886,
        2030403.6654046022,
        2051373.9357798204,
        2044940.1402845143,
        2035663.7415925632,
        2050261.5793184675,
        2028676.7346532098,
        2043340.5676560532,
        2030260.2452267793,
        2034437.0009922187,
        2043422.5145694043,
        2036879.6776669142
      ],
      "ess_valid_fraction": [
        1.0,
        1.0,
        1.0,
        1.0,
        1.0,
        1.0,
        1.0,
        1.0,
        1.0,
        1.0,
        1.0,
        1.0,
        1.0,
        1.0,
        1.0,
        1.0,
        1.0,
        1.0,
        1.0,
        1.0,
        1.0,
        1.0,
        1.0,
        1.0,
        1.0,
        1.0,
        1.0,
        1.0,
        1.0,
        1.0,
        1.0,
        1.0
      ],
      "n_evaluations": 9584750.0,
      "evaluation_type": "gradient",
      "ess_per_eval": 0.21161398269753395,
      "time": 25.048460721969604,
      "sigma": 0.0,
      "epsilon": 0.8502386995914709,
      "n_leapfrog": 2.1949166666666664,
      "n_warmup": 2000,
      "target_accept": 0.651,
      "gamma": 0.05,
      "t0": 10,
      "kappa": 0.75,
      "mean_mse": 3.878754031058965e-06,
      "cov_mse": 2.8427015639397503e-05,
      "acceptance_rate_mean": 0.6387844444444443,
      "acceptance_rate_min": 0.6387844444444444,
      "acceptance_rate_max": 0.6387844444444444,
      "n_divergent": null,
      "actual_n_chains": 300,
      "diagnostic_draws_per_chain": 200,
      "sample_finite_fraction": 1.0,
      "finite_draw_fraction": 1.0,
      "sample_covariance_rank": 32,
      "sample_covariance_full_rank": true
    },
    "Stretch Move": {
      "distribution": "Gaussian",
      "tau": 241.03431522137666,
      "tau_std": 11.35838947745074,
      "ess": 6223.180291247465,
      "ess_by_coordinate": [
        7122.484160924489,
        6649.236733933281,
        7198.237034817354,
        7481.407411736661,
        6660.40101012218,
        6223.180291247465,
        7290.574147768423,
        6703.863269540889,
        6483.030560905909,
        7331.189712578102,
        7074.582449219828,
        6598.9877182322225,
        7126.503499994418,
        7532.308589353299,
        7288.972332967358,
        6836.965455125677,
        6816.253106643219,
        6856.26482382083,
        7590.234862099592,
        6679.856521616705,
        6747.182818248933,
        7291.581792611009,
        6290.037514100118,
        6996.915342252697,
        6878.6044641368035,
        6309.47259222459,
        7199.582792600174,
        6658.689979557195,
        6546.473129034066,
        6711.049493260218,
        6883.9610086308685,
        6658.267258907258
      ],
      "ess_valid_fraction": [
        0.7866666666666666,
        0.8,
        0.8133333333333334,
        0.8,
        0.78,
        0.7333333333333333,
        0.8066666666666666,
        0.7866666666666666,
        0.7533333333333333,
        0.7666666666666667,
        0.7933333333333333,
        0.7733333333333333,
        0.7933333333333333,
        0.84,
        0.7866666666666666,
        0.7733333333333333,
        0.7666666666666667,
        0.7933333333333333,
        0.82,
        0.78,
        0.7466666666666667,
        0.8133333333333334,
        0.74,
        0.7666666666666667,
        0.76,
        0.7333333333333333,
        0.8066666666666666,
        0.78,
        0.7533333333333333,
        0.7666666666666667,
        0.78,
        0.78
      ],
      "n_evaluations": 1500000.0,
      "evaluation_type": "function",
      "ess_per_eval": 0.004148786860831644,
      "time": 8.456905603408813,
      "sigma": 0.0,
      "epsilon": 0.0,
      "n_leapfrog": null,
      "n_warmup": null,
      "target_accept": null,
      "gamma": null,
      "t0": null,
      "kappa": null,
      "mean_mse": 0.0028016287463806682,
      "cov_mse": 0.005007405963087224,
      "acceptance_rate_mean": 0.4783294444444444,
      "acceptance_rate_min": 0.46591666666666665,
      "acceptance_rate_max": 0.48791666666666667,
      "n_divergent": null,
      "actual_n_chains": 150,
      "diagnostic_draws_per_chain": 200,
      "sample_finite_fraction": 1.0,
      "finite_draw_fraction": 1.0,
      "sample_covariance_rank": 32,
      "sample_covariance_full_rank": true
    },
    "HMC": {
      "distribution": "Gaussian",
      "tau": 2.903343788093476,
      "tau_std": 0.024411479078664883,
      "ess": 516645.6711573235,