{
  "dim": 32,
  "seed": 4,
  "condition_number": 50.0,
  "n_samples": 10000,
  "burn_in": 1000,
  "n_thin": 1,
  "n_chains": 16,
  "af": false,
  "transform_affine": false,
  "summary": {
    "Dense-mass NUTS": {
      "distribution": "Gaussian",
      "tau": 1.0,
      "tau_std": 0.0,
      "ess": 160000.0,
      "ess_by_coordinate": [
        160000.0,
        160000.0,
        160000.0,
        160000.0,
        160000.0,
        160000.0,
        160000.0,
        160000.0,
        160000.0,
        160000.0,
        160000.0,
        160000.0,
        160000.0,
        160000.0,
        160000.0,
        160000.0,
        160000.0,
        160000.0,
        160000.0,
        160000.0,
        160000.0,
        160000.0,
        160000.0,
        160000.0,
        160000.0,
        160000.0,
        160000.0,
        160000.0,
        160000.0,
        160000.0,
        160000.0,
        160000.0
      ],
      "ess_valid_fraction": [
        1.0,
        1.0,
        1.0,
        1.0,
        1.0,
        1.0,
        1.0,
        1.0,
        1.0,
        1.0,
        1.0,
        1.0,
        1.0,
        1.0,
        1.0,
        1.0,
        1.0,
        1.0,
        1.0,
        1.0,
        1.0,
        1.0,
        1.0,
        1.0,
        1.0,
        1.0,
        1.0,
        1.0,
        1.0,
        1.0,
        1.0,
        1.0
      ],
      "n_evaluations": 1121225.4545454546,
      "evaluation_type": "gradient",
      "ess_per_eval": 0.14270100571776984,
      "time": 46.79972052574158,
      "sigma": 0.0,
      "epsilon": 0.536503791809082,
      "n_leapfrog": 7.007659090909091,
      "n_warmup": 1000,
      "target_accept": 0.8,
      "gamma": 0.05,
      "t0": 10,
      "kappa": 0.75
    },
    "Hamiltonian Walk Move": {
      "distribution": "Gaussian",
      "tau": 8.139083215158303,
      "tau_std": 0.30709261232944485,
      "ess": 19658.23370647133,
      "ess_by_coordinate": [
        20235.66561766705,
        19658.23370647133,
        21030.097343507376,
        22083.017480280992,
        20402.10979695573,
        21855.02869739114,
        22342.045125147208,
        22332.459799846696,
        20961.168283256535,
        21574.157020526436,
        23651.47278431618,
        21728.720084211884,
        21289.69276918121,
        23513.227081386103,
        20211.817743927746,
        21063.557839277106,
        20617.9039469128,
        21619.67175492099,
        22478.51673314748,
        22315.942103781388,
        22528.476276976467,
        20956.71513536439,
        21903.765205057007,
        21920.882710522466,
        20961.099887900702,
        21421.686960960535,
        22121.097925067053,
        22584.482857790106,
        21861.20659993522,
        21400.359869205917,
        22426.99930955334,
        21368.837347926856
      ],
      "ess_valid_fraction": [
        1.0,
        1.0,
        1.0,
        1.0,
        1.0,
        1.0,
        1.0,
        1.0,
        1.0,
        1.0,
        1.0,
        1.0,
        1.0,
        1.0,
        1.0,
        1.0,
        1.0,
        1.0,
        1.0,
        1.0,
        1.0,
        1.0,
        1.0,
        1.0,
        1.0,
        1.0,
        1.0,
        1.0,
        1.0,
        1.0,
        1.0,
        1.0
      ],
      "n_evaluations": 800000.0,
      "evaluation_type": "gradient",
      "ess_per_eval": 0.02457279213308916,
      "time": 17.34381127357483,
      "sigma": 0.0,
      "epsilon": 0.484273761510849,
      "n_leapfrog": 4,
      "n_warmup": 1000,
      "target_accept": 0.651,
      "gamma": 0.05,
      "t0": 10,
      "kappa": 0.75
    },
    "Stretch Move": {
      "distribution": "Gaussian",
      "tau": 486.4796207572043,
      "tau_std": 68.34463652651787,
      "ess": 328.8935305264389,
      "ess_by_coordinate": [
        377.6509338981364,
        503.6028999637747,
        382.4447705063605,
        362.08631891501716,
        376.52837298827876,
        469.8319938653916,
        485.2217287736905,
        499.6743951798811,
        380.88954958431685,
        481.90482216812813,
        514.2655996069499,
        499.62472953371935,
        538.9596751712393,
        537.228055175702,
        516.8130938077768,
        478.3796792596588,
        451.783146866627,
        366.0636845588615,
        513.9285331621384,
        509.74430997864516,
        518.345657165879,
        358.4907321858209,
        671.2836172097867,
        328.8935305264389,
        521.2047477049632,
        343.30983336466085,
        618.5926070015543,
        645.3858142269007,
        574.8730100095074,
        718.2336810680301,
        511.75014702536106,
        482.8687272205018
      ],
      "ess_valid_fraction": [
        0.5,
        0.6875,
        0.5,
        0.5,
        0.5,
        0.5625,
        0.6875,
        0.5625,
        0.5625,
        0.5625,
        0.625,
        0.625,
        0.625,
        0.5625,
        0.6875,
        0.6875,
        0.5625,
        0.5,
        0.6875,
        0.625,
        0.6875,
        0.4375,
        0.75,
        0.4375,
        0.75,
        0.5,
        0.8125,
        0.6875,
        0.8125,
        0.75,
        0.6875,
        0.5
      ],
      "n_evaluations": 160000.0,
      "evaluation_type": "function",
      "ess_per_eval": 0.0020555845657902433,
      "time": 2.4163870811462402,
      "sigma": 0.0,
      "epsilon": 0.0,
      "n_leapfrog": null,
      "n_warmup": null,
      "target_accept": null,
      "gamma": null,
      "t0": null,
      "kappa": null
    },
    "HMC": {
      "distribution": "Gaussian",
      "tau": 2.067658959857862,
      "tau_std": 0.04599002254687136,
      "ess": 77382.20040455752,
      "ess_by_coordinate": [
        79693.12830656851,
        78462.07502673182,
        79202.67042388741,
        78483.92916759202,
        80504.55631646854,
        77558.77224780591,
        81463.536420305,
        81421.88062010209,
        80347.88347562638,
        83757.72860697759,
        82169.07235479119,
        79438.38800970273,
        82707.20052321449,
        77382.20040455752,
        81198.04854974082,
        79656.81152973234,
        80569.49323731722,
        78787.31399322819,
        80682.29069293379,
        77766.5118931614,
        79096.9858468797,
        81777.13874029895,
        81102.21424335794,
        78759.4252322561,
        83603.51772153561,
        79277.88225979787,
        80582.1756798037,
        79266.98834881115,
        80046.5829354039,
        85818.96365634803,
        80163.64272505087,
        78189.34247342963
      ],
      "ess_valid_fraction": [
        1.0,
        1.0,
        1.0,
        1.0,
        1.0,
        1.0,
        1.0,
        1.0,
        1.0,
        1.0,
        1.0,
        1.0,
        1.0,
        1.0,
        1.0,
        1.0,
        1.0,
        1.0,
        1.0,
        1.0,
        1.0,
        1.0,
        1.0,
        1.0,
        1.0,
        1.0,
        1.0,
        1.0,
        1.0,
        1.0,
        1.0,
        1.0
      ],
      "n_evaluations": 480000.0,
      "evaluation_type": "gradient",
      "ess_per_eval": 0.16121291750949482,
      "time": 9.72318696975708,
      "sigma": 0.0,
      "epsilon": 2.0780537128448486,
      "n_leapfrog": 2,
      "n_warmup": 1000,
      "target_accept": 0.651,
      "gamma": 0.05,
      "t0": 10,
      "kappa": 0.75
    }
  }
}