{
  "dim": 32,
  "seed": 1,
  "condition_number": 50.0,
  "n_samples": 10000,
  "burn_in": 2000,
  "n_thin": 1,
  "n_chains": 150,
  "hwm_walkers_requested": 300,
  "jax_enable_x64": true,
  "af": false,
  "transform_affine": false,
  "summary": {
    "Dense-mass NUTS": {
      "distribution": "Gaussian",
      "tau": 1.0,
      "tau_std": 0.0,
      "ess": 1500000.0,
      "ess_by_coordinate": [
        1500000.0,
        1500000.0,
        1500000.0,
        1500000.0,
        1500000.0,
        1500000.0,
        1500000.0,
        1500000.0,
        1500000.0,
        1500000.0,
        1500000.0,
        1500000.0,
        1500000.0,
        1500000.0,
        1500000.0,
        1500000.0,
        1500000.0,
        1500000.0,
        1500000.0,
        1500000.0,
        1500000.0,
        1500000.0,
        1500000.0,
        1500000.0,
        1500000.0,
        1500000.0,
        1500000.0,
        1500000.0,
        1500000.0,
        1500000.0,
        1500000.0,
        1500000.0
      ],
      "ess_valid_fraction": [
        1.0,
        1.0,
        1.0,
        1.0,
        1.0,
        1.0,
        1.0,
        1.0,
        1.0,
        1.0,
        1.0,
        1.0,
        1.0,
        1.0,
        1.0,
        1.0,
        1.0,
        1.0,
        1.0,
        1.0,
        1.0,
        1.0,
        1.0,
        1.0,
        1.0,
        1.0,
        1.0,
        1.0,
        1.0,
        1.0,
        1.0,
        1.0
      ],
      "n_evaluations": 10507460.0,
      "evaluation_type": "gradient",
      "ess_per_eval": 0.14275571831822342,
      "time": 69.06874251365662,
      "sigma": 0.0,
      "epsilon": 0.5536741923940096,
      "n_leapfrog": 7.004973333333333,
      "n_warmup": 2000,
      "target_accept": 0.8,
      "gamma": 0.05,
      "t0": 10,
      "kappa": 0.75,
      "mean_mse": 2.888316859084789e-06,
      "cov_mse": 5.5946653537478525e-05,
      "acceptance_rate_mean": 0.8693444535563777,
      "acceptance_rate_min": 0.8282669398937551,
      "acceptance_rate_max": 0.9101095241362718,
      "n_divergent": 0,
      "actual_n_chains": 150,
      "diagnostic_draws_per_chain": 200,
      "sample_finite_fraction": 1.0,
      "finite_draw_fraction": 1.0,
      "sample_covariance_rank": 32,
      "sample_covariance_full_rank": true
    },
    "Hamiltonian Walk Move": {
      "distribution": "Gaussian",
      "tau": 1.3006952928740694,
      "tau_std": 0.006840599540189873,
      "ess": 2306458.719759858,
      "ess_by_coordinate": [
        2339825.952935634,
        2333313.8741939967,
        2327979.831151114,
        2332738.2768267915,
        2332574.579563414,
        2337283.5529334066,
        2333259.130407407,
        2322577.9125665594,
        2314334.482482222,
        2336986.742491276,
        2356677.623259696,
        2328580.711956834,
        2327799.339291399,
        2321969.865252028,
        2334523.7666158974,
        2307525.1432118104,
        2328237.771177751,
        2330373.419605962,
        2356024.6678520353,
        2319622.7152219852,
        2318909.3412131257,
        2339554.1046362566,
        2306458.719759858,
        2318571.7534083985,
        2308565.1016713595,
        2328238.0190693056,
        2339836.613106299,
        2355813.7246402446,
        2320450.597628259,
        2333779.884190267,
        2333462.536714115,
        2323584.6048557614
      ],
      "ess_valid_fraction": [
        1.0,
        1.0,
        1.0,
        1.0,
        1.0,
        1.0,
        1.0,
        1.0,
        1.0,
        1.0,
        1.0,
        1.0,
        1.0,
        1.0,
        1.0,
        1.0,
        1.0,
        1.0,
        1.0,
        1.0,
        1.0,
        1.0,
        1.0,
        1.0,
        1.0,
        1.0,
        1.0,
        1.0,
        1.0,
        1.0,
        1.0,
        1.0
      ],
      "n_evaluations": 9936000.0,
      "evaluation_type": "gradient",
      "ess_per_eval": 0.2321315136634318,
      "time": 24.1273353099823,
      "sigma": 0.0,
      "epsilon": 0.8508333737646098,
      "n_leapfrog": 2.312,
      "n_warmup": 2000,
      "target_accept": 0.651,
      "gamma": 0.05,
      "t0": 10,
      "kappa": 0.75,
      "mean_mse": 5.4225569585150455e-06,
      "cov_mse": 2.917474340063277e-05,
      "acceptance_rate_mean": 0.6511477777777778,
      "acceptance_rate_min": 0.6511477777777778,
      "acceptance_rate_max": 0.6511477777777778,
      "n_divergent": null,
      "actual_n_chains": 300,
      "diagnostic_draws_per_chain": 200,
      "sample_finite_fraction": 1.0,
      "finite_draw_fraction": 1.0,
      "sample_covariance_rank": 32,
      "sample_covariance_full_rank": true
    },
    "Stretch Move": {
      "distribution": "Gaussian",
      "tau": 261.76371183099684,
      "tau_std": 12.490831254003583,
      "ess": 5730.358839686873,
      "ess_by_coordinate": [
        7104.808880653314,
        7118.383131428234,
        6847.9208875991,
        7378.583568670349,
        7229.918633104154,
        6860.344003036029,
        6428.847276121771,
        6871.168904996943,
        7047.207625653116,
        6084.172434386133,
        6465.3805442096855,
        6706.733178048694,
        7036.591898252697,
        6573.384021306298,
        6702.457711387024,
        6425.483995847152,
        6686.66469308875,
        5730.358839686873,
        6678.486569868808,
        6903.110502795698,
        6828.616812766414,
        6674.426341302311,
        7473.948150190071,
        6424.472905650649,
        7165.760492466536,
        6630.546070879604,
        6618.29193481802,
        7402.776222682598,
        7125.7919543131175,
        6565.977013024406,
        6610.54286720882,
        6749.935846591123
      ],
      "ess_valid_fraction": [
        0.7866666666666666,
        0.7866666666666666,
        0.74,
        0.8133333333333334,
        0.7933333333333333,
        0.7866666666666666,
        0.76,
        0.7666666666666667,
        0.8333333333333334,
        0.7133333333333334,
        0.74,
        0.7533333333333333,
        0.78,
        0.76,
        0.7733333333333333,
        0.76,
        0.7733333333333333,
        0.72,
        0.8133333333333334,
        0.8066666666666666,
        0.7866666666666666,
        0.78,
        0.7866666666666666,
        0.7733333333333333,
        0.78,
        0.7466666666666667,
        0.7733333333333333,
        0.86,
        0.7866666666666666,
        0.74,
        0.7666666666666667,
        0.78
      ],
      "n_evaluations": 1500000.0,
      "evaluation_type": "function",
      "ess_per_eval": 0.003820239226457915,
      "time": 8.30196499824524,
      "sigma": 0.0,
      "epsilon": 0.0,
      "n_leapfrog": null,
      "n_warmup": null,
      "target_accept": null,
      "gamma": null,
      "t0": null,
      "kappa": null,
      "mean_mse": 0.0023626062674299004,
      "cov_mse": 0.005392852469051987,
      "acceptance_rate_mean": 0.4768088888888889,
      "acceptance_rate_min": 0.46158333333333335,
      "acceptance_rate_max": 0.4905,
      "n_divergent": null,
      "actual_n_chains": 150,
      "diagnostic_draws_per_chain": 200,
      "sample_finite_fraction": 1.0,
      "finite_draw_fraction": 1.0,
      "sample_covariance_rank": 32,
      "sample_covariance_full_rank": true
    },
    "HMC": {
      "distribution": "Gaussian",
      "tau": 2.7509830067737275,
      "tau_std": 0.019505088442594,
      "ess": 545259.6385752147,