{
  "dim": 32,
  "seed": 1,
  "condition_number": 50.0,
  "n_samples": 10000,
  "burn_in": 1000,
  "n_thin": 1,
  "n_chains": 16,
  "af": false,
  "transform_affine": false,
  "summary": {
    "Dense-mass NUTS": {
      "distribution": "Gaussian",
      "tau": 1.0,
      "tau_std": 0.0,
      "ess": 160000.0,
      "ess_by_coordinate": [
        160000.0,
        160000.0,
        160000.0,
        160000.0,
        160000.0,
        160000.0,
        160000.0,
        160000.0,
        160000.0,
        160000.0,
        160000.0,
        160000.0,
        160000.0,
        160000.0,
        160000.0,
        160000.0,
        160000.0,
        160000.0,
        160000.0,
        160000.0,
        160000.0,
        160000.0,
        160000.0,
        160000.0,
        160000.0,
        160000.0,
        160000.0,
        160000.0,
        160000.0,
        160000.0,
        160000.0,
        160000.0
      ],
      "ess_valid_fraction": [
        1.0,
        1.0,
        1.0,
        1.0,
        1.0,
        1.0,
        1.0,
        1.0,
        1.0,
        1.0,
        1.0,
        1.0,
        1.0,
        1.0,
        1.0,
        1.0,
        1.0,
        1.0,
        1.0,
        1.0,
        1.0,
        1.0,
        1.0,
        1.0,
        1.0,
        1.0,
        1.0,
        1.0,
        1.0,
        1.0,
        1.0,
        1.0
      ],
      "n_evaluations": 1125749.0909090908,
      "evaluation_type": "gradient",
      "ess_per_eval": 0.1421275853492301,
      "time": 48.86168718338013,
      "sigma": 0.0,
      "epsilon": 0.5308995842933655,
      "n_leapfrog": 7.035931818181818,
      "n_warmup": 1000,
      "target_accept": 0.8,
      "gamma": 0.05,
      "t0": 10,
      "kappa": 0.75
    },
    "Hamiltonian Walk Move": {
      "distribution": "Gaussian",
      "tau": 11.651163082888534,
      "tau_std": 0.4877535040496237,
      "ess": 13732.534585751684,
      "ess_by_coordinate": [
        16436.14867526416,
        15448.479780994403,
        15000.570980872133,
        16551.785252883725,
        14893.8319871966,
        14414.46882836139,
        16212.471152538215,
        16290.60764506734,
        15567.232025922054,
        15702.683003491122,
        14885.098065339926,
        15802.573581664401,
        15922.850055683137,
        14931.178713244706,
        15844.142769308728,
        14731.168082042252,
        15719.01453061371,
        13732.534585751684,
        14069.464215984764,
        15973.981169559103,
        15388.037177218182,
        15597.018403752243,
        14685.697525753278,
        15980.392804476227,
        15943.126668557776,
        15420.682561940153,
        14542.500169342857,
        15267.958762852451,
        15470.965981413083,
        16774.871632835966,
        15946.702743236961,
        15041.416595489543
      ],
      "ess_valid_fraction": [
        1.0,
        1.0,
        1.0,
        1.0,
        1.0,
        1.0,
        1.0,
        1.0,
        1.0,
        1.0,
        1.0,
        1.0,
        1.0,
        1.0,
        1.0,
        1.0,
        1.0,
        1.0,
        1.0,
        1.0,
        1.0,
        1.0,
        1.0,
        1.0,
        1.0,
        1.0,
        1.0,
        1.0,
        1.0,
        1.0,
        1.0,
        1.0
      ],
      "n_evaluations": 2240000.0,
      "evaluation_type": "gradient",
      "ess_per_eval": 0.0061305957972105736,
      "time": 23.010623455047607,
      "sigma": 0.0,
      "epsilon": 0.49443238973617554,
      "n_leapfrog": 13,
      "n_warmup": 1000,
      "target_accept": 0.651,
      "gamma": 0.05,
      "t0": 10,
      "kappa": 0.75
    },
    "Stretch Move": {
      "distribution": "Gaussian",
      "tau": 540.8469006141372,
      "tau_std": 78.91283719173002,
      "ess": 295.8323322521001,
      "ess_by_coordinate": [
        400.5017994811572,
        348.6563165561663,
        806.074748408139,
        619.1463604352778,
        442.69783029203523,
        543.4959549151936,
        567.8685471967532,
        622.0972646163187,
        416.67528099489203,
        529.9571216416401,
        697.7681583934102,
        658.347863641367,
        594.4197711137701,
        487.15590945076343,
        347.06134409801734,
        518.773201768095,
        497.36195979379215,
        633.1783689490853,
        630.5975067981346,
        295.8323322521001,
        486.61507743634513,
        456.26827264113564,
        593.8009236742503,
        517.5117781625047,
        647.5903112572086,
        488.5040551980025,
        338.72960469252934,
        564.4523029504422,
        663.0230171802442,
        684.7828235419395,
        570.6539743428646,
        548.4638139256232
      ],
      "ess_valid_fraction": [
        0.5,
        0.5,
        0.875,
        0.625,
        0.5625,
        0.75,
        0.6875,
        0.6875,
        0.625,
        0.6875,
        0.875,
        0.8125,
        0.75,
        0.625,
        0.4375,
        0.6875,
        0.625,
        0.75,
        0.6875,
        0.4375,
        0.6875,
        0.625,
        0.6875,
        0.75,
        0.5625,
        0.5625,
        0.4375,
        0.625,
        0.6875,
        0.9375,
        0.75,
        0.75
      ],
      "n_evaluations": 160000.0,
      "evaluation_type": "function",
      "ess_per_eval": 0.0018489520765756257,
      "time": 1.9630966186523438,
      "sigma": 0.0,
      "epsilon": 0.0,
      "n_leapfrog": null,
      "n_warmup": null,
      "target_accept": null,
      "gamma": null,
      "t0": null,
      "kappa": null
    },
    "HMC": {
      "distribution": "Gaussian",
      "tau": 2.0340485606999574,
      "tau_std": 0.042456576503792594,
      "ess": 78660.85554267238,
      "ess_by_coordinate": [
        83375.1919541177,
        83301.3443615103,
        82237.38038583173,
        82993.00959798497,
        80357.54044827353,
        80484.28369387359,
        81702.3046435332,
        82863.9711379113,
        82689.76291589186,
        79605.03827363053,
        83352.19968658732,
        79980.20133574874,
        80248.6388692517,
        86711.91695546181,
        80263.49734426098,
        80731.1159571694,
        83691.86049532883,
        83932.37159776015,
        81915.7157121395,
        84871.87432897661,
        83161.42352358285,
        83060.39441289552,
        84675.17107941327,
        81812.41850799942,
        83540.7398859816,
        83055.77227454438,
        79469.87072586146,
        78660.85554267238,
        83439.17935451196,
        83497.79044988193,
        80698.57967590593,
        83334.79944570531
      ],
      "ess_valid_fraction": [
        1.0,
        1.0,
        1.0,
        1.0,
        1.0,
        1.0,
        1.0,
        1.0,
        1.0,
        1.0,
        1.0,
        1.0,
        1.0,
        1.0,
        1.0,
        1.0,
        1.0,
        1.0,
        1.0,
        1.0,
        1.0,
        1.0,
        1.0,
        1.0,
        1.0,
        1.0,
        1.0,
        1.0,
        1.0,
        1.0,
        1.0,
        1.0
      ],
      "n_evaluations": 480000.0,
      "evaluation_type": "gradient",
      "ess_per_eval": 0.16387678238056744,
      "time": 9.606505393981934,
      "sigma": 0.0,
      "epsilon": 2.074899435043335,
      "n_leapfrog": 2,
      "n_warmup": 1000,
      "target_accept": 0.651,
      "gamma": 0.05,
      "t0": 10,
      "kappa": 0.75
    }
  }
}