{
  "dim": 32,
  "seed": 4,
  "n_samples": 10000,
  "burn_in": 1000,
  "n_thin": 1,
  "n_chains": 100,
  "cond": 100.0,
  "af": true,
  "transform_affine": true,
  "summary": {
    "Dense-mass NUTS": {
      "distribution": "Gaussian",
      "tau": 1.0011182799191432,
      "tau_std": 0.00020010180376873568,
      "ess": 998882.9692339316,
      "ess_by_coordinate": [
        1000000.0,
        1000000.0,
        998882.9692339316,
        1000000.0,
        1000000.0,
        999693.1201020762,
        1000000.0,
        1000000.0,
        1000000.0,
        1000000.0,
        1000000.0,
        1000000.0,
        1000000.0,
        1000000.0,
        1000000.0,
        1000000.0,
        1000000.0,
        1000000.0,
        1000000.0,
        1000000.0,
        1000000.0,
        1000000.0,
        1000000.0,
        1000000.0,
        1000000.0,
        1000000.0,
        1000000.0,
        1000000.0,
        1000000.0,
        1000000.0,
        1000000.0,
        1000000.0
      ],
      "ess_valid_fraction": [
        1.0,
        1.0,
        1.0,
        1.0,
        1.0,
        1.0,
        1.0,
        1.0,
        1.0,
        1.0,
        1.0,
        1.0,
        1.0,
        1.0,
        1.0,
        1.0,
        1.0,
        1.0,
        1.0,
        1.0,
        1.0,
        1.0,
        1.0,
        1.0,
        1.0,
        1.0,
        1.0,
        1.0,
        1.0,
        1.0,
        1.0,
        1.0
      ],
      "n_evaluations": 7048003.636363636,
      "evaluation_type": "gradient",
      "ess_per_eval": 0.14172566031042766,
      "time": 357.09470534324646,
      "sigma": 0.0,
      "epsilon": 0.6002426743507385,
      "n_leapfrog": 7.048003636363636,
      "n_warmup": 1000,
      "target_accept": 0.8,
      "gamma": 0.05,
      "t0": 10,
      "kappa": 0.75
    },
    "Hamiltonian Walk Move": {
      "distribution": "Gaussian",
      "tau": 1.2463656014502051,
      "tau_std": 0.007868367318903018,
      "ess": 802332.7977252043,
      "ess_by_coordinate": [
        803929.6848394688,
        803160.1126875795,
        817963.3593800548,
        815696.4244488671,
        815052.6539081178,
        813752.5340144635,
        813507.5689600083,
        810369.813929601,
        811115.7928153842,
        820295.5108365873,
        815893.0770500608,
        807311.3414734893,
        818760.276044886,
        805096.7006068511,
        804106.8867827755,
        819147.6965266299,
        810078.6144622306,
        806854.0071792123,
        805730.3296867087,
        811524.1925131334,
        805353.7324193267,
        807258.749469821,
        816599.4730938944,
        808818.7700303223,
        816971.7418998298,
        803847.2149976327,
        802332.7977252043,
        810844.960268012,
        813313.0539756791,
        807897.2147972181,
        811880.8289475648,
        808047.158592616
      ],
      "ess_valid_fraction": [
        1.0,
        1.0,
        1.0,
        1.0,
        1.0,
        1.0,
        1.0,
        1.0,
        1.0,
        1.0,
        1.0,
        1.0,
        1.0,
        1.0,
        1.0,
        1.0,
        1.0,
        1.0,
        1.0,
        1.0,
        1.0,
        1.0,
        1.0,
        1.0,
        1.0,
        1.0,
        1.0,
        1.0,
        1.0,
        1.0,
        1.0,
        1.0
      ],
      "n_evaluations": 10000000.0,
      "evaluation_type": "gradient",
      "ess_per_eval": 0.08023327977252043,
      "time": 114.97038960456848,
      "sigma": 0.0,
      "epsilon": 0.6401857733726501,
      "n_leapfrog": 9,
      "n_warmup": 1000,
      "target_accept": 0.651,
      "gamma": 0.05,
      "t0": 10,
      "kappa": 0.75
    },
    "Stretch Move": {
      "distribution": "Gaussian",
      "tau": 266.14586006934525,
      "tau_std": 15.421441870643681,
      "ess": 3757.3381744110034,
      "ess_by_coordinate": [
        4746.451940256131,
        4197.145480891908,
        4020.922078146368,
        4343.954026307255,
        4847.781042802205,
        4877.9901219050325,
        4491.945004297473,
        4502.13992222525,
        4403.602087436859,
        4034.8985543104754,
        4191.744154095947,
        3811.0349487569733,
        4129.758935042483,
        4515.739387659213,
        4702.254393765884,
        4286.350853643659,
        3757.3381744110034,
        4197.175995085706,
        4726.985916827472,
        4716.040218036589,
        3986.3446640199495,
        4590.984905803065,
        4510.414456505253,
        4594.643961981333,
        4335.236446105611,
        4554.7898525611545,
        4371.019901041538,
        4024.9074567620255,
        4440.534386798335,
        4366.689268754747,
        4104.710891880302,
        4455.271703935935
      ],
      "ess_valid_fraction": [
        0.74,
        0.73,
        0.73,
        0.73,
        0.8,
        0.78,
        0.79,
        0.73,
        0.79,
        0.71,
        0.75,
        0.75,
        0.78,
        0.78,
        0.83,
        0.75,
        0.7,
        0.76,
        0.79,
        0.81,
        0.71,
        0.78,
        0.79,
        0.81,
        0.77,
        0.78,
        0.76,
        0.72,
        0.77,
        0.8,
        0.74,
        0.75
      ],
      "n_evaluations": 1000000.0,
      "evaluation_type": "function",
      "ess_per_eval": 0.0037573381744110033,
      "time": 6.401271820068359,
      "sigma": 0.0,
      "epsilon": 0.0,
      "n_leapfrog": null,
      "n_warmup": null,
      "target_accept": null,
      "gamma": null,
      "t0": null,
      "kappa": null
    },
    "HMC": {
      "distribution": "Gaussian",
      "tau": 1095.5487565018248,
      "tau_std": 310.35653996864943,
      "ess": 912.7845694363074,
      "ess_by_coordinate": [
        1000000.0,
        1000000.0,
        1000000.0,
        1000000.0,
        887388.378529465,
        603898.7860646666,
        416664.8997904608,
        294551.2147969371,
        203629.47456545237,
        150867.4546272378,
        108216.05495724812,
        78769.81580098765,
        60205.00499303239,
        44517.51346457945,
        32020.03193408987,
        27100.14578678799,
        20314.159991773922,
        16649.159759128295,
        12664.753597441886,
        9938.142601490663,
        7669.042195050436,
        6844.920209593453,
        5719.615496765311,
        3629.225901082882,
        3730.884845591488,
        3062.7355996270276,
        2938.6624081635287,
        1598.233093767209,
        1171.003081890019,
        1236.0871138542034,
        1027.966492393263,
        912.7845694363074
      ],
      "ess_valid_fraction": [
        1.0,
        1.0,
        1.0,
        1.0,
        1.0,
        1.0,
        1.0,
        1.0,
        1.0,
        1.0,
        1.0,
        1.0,
        1.0,
        1.0,
        1.0,
        1.0,
        1.0,
        1.0,
        0.99,
        0.98,
        0.92,
        0.93,
        0.87,
        0.65,
        0.71,
        0.62,
        0.6,
        0.37,
        0.27,
        0.3,
        0.25,
        0.21
      ],
      "n_evaluations": 3000000.0,
      "evaluation_type": "gradient",
      "ess_per_eval": 0.0003042615231454358,
      "time": 55.37709093093872,
      "sigma": 0.0,
      "epsilon": 4.2624077796936035,
      "n_leapfrog": 2,
      "n_warmup": 1000,
      "target_accept": 0.651,
      "gamma": 0.05,
      "t0": 10,
      "kappa": 0.75
    }
  }
}