{
  "dim": 16,
  "seed": 3,
  "condition_number": 50.0,
  "n_samples": 10000,
  "burn_in": 2000,
  "n_thin": 1,
  "n_chains": 150,
  "hwm_walkers_requested": 300,
  "jax_enable_x64": true,
  "af": false,
  "transform_affine": false,
  "summary": {
    "Dense-mass NUTS": {
      "distribution": "Gaussian",
      "tau": 1.0,
      "tau_std": 0.0,
      "ess": 1500000.0,
      "ess_by_coordinate": [
        1500000.0,
        1500000.0,
        1500000.0,
        1500000.0,
        1500000.0,
        1500000.0,
        1500000.0,
        1500000.0,
        1500000.0,
        1500000.0,
        1500000.0,
        1500000.0,
        1500000.0,
        1500000.0,
        1500000.0,
        1500000.0
      ],
      "ess_valid_fraction": [
        1.0,
        1.0,
        1.0,
        1.0,
        1.0,
        1.0,
        1.0,
        1.0,
        1.0,
        1.0,
        1.0,
        1.0,
        1.0,
        1.0,
        1.0,
        1.0
      ],
      "n_evaluations": 10396356.666666668,
      "evaluation_type": "gradient",
      "ess_per_eval": 0.1442813139346572,
      "time": 27.102901458740234,
      "sigma": 0.0,
      "epsilon": 0.6262565486572006,
      "n_leapfrog": 6.930904444444445,
      "n_warmup": 2000,
      "target_accept": 0.8,
      "gamma": 0.05,
      "t0": 10,
      "kappa": 0.75,
      "mean_mse": 1.3530695737281428e-06,
      "cov_mse": 2.6982761437765718e-05,
      "acceptance_rate_mean": 0.8793261929763591,
      "acceptance_rate_min": 0.8074974063282792,
      "acceptance_rate_max": 0.915035983632341,
      "n_divergent": 0,
      "actual_n_chains": 150,
      "diagnostic_draws_per_chain": 200,
      "sample_finite_fraction": 1.0,
      "finite_draw_fraction": 1.0,
      "sample_covariance_rank": 16,
      "sample_covariance_full_rank": true
    },
    "Hamiltonian Walk Move": {
      "distribution": "Gaussian",
      "tau": 1.7803102386212932,
      "tau_std": 0.008902550867927957,
      "ess": 1685099.5601324285,
      "ess_by_coordinate": [
        1685452.5936406986,
        1705406.763562476,
        1689222.051607367,
        1709100.6756293206,
        1705069.4653094364,
        1691668.610934325,
        1688831.6816741796,
        1689855.612042083,
        1705095.2217375762,
        1695044.5817687332,
        1685099.5601324285,
        1694446.8287083714,
        1701861.9223583923,
        1695476.141219857,
        1703969.5712250227,
        1713131.872029357
      ],
      "ess_valid_fraction": [
        1.0,
        1.0,
        1.0,
        1.0,
        1.0,
        1.0,
        1.0,
        1.0,
        1.0,
        1.0,
        1.0,
        1.0,
        1.0,
        1.0,
        1.0,
        1.0
      ],
      "n_evaluations": 7868250.0,
      "evaluation_type": "gradient",
      "ess_per_eval": 0.21416446606709605,
      "time": 20.483038425445557,
      "sigma": 0.0,
      "epsilon": 0.9570253159157337,
      "n_leapfrog": 1.62275,
      "n_warmup": 2000,
      "target_accept": 0.651,
      "gamma": 0.05,
      "t0": 10,
      "kappa": 0.75,
      "mean_mse": 5.930875071817413e-06,
      "cov_mse": 1.2407720571736055e-05,
      "acceptance_rate_mean": 0.6542916666666666,
      "acceptance_rate_min": 0.6542916666666666,
      "acceptance_rate_max": 0.6542916666666666,
      "n_divergent": null,
      "actual_n_chains": 300,
      "diagnostic_draws_per_chain": 200,
      "sample_finite_fraction": 1.0,
      "finite_draw_fraction": 1.0,
      "sample_covariance_rank": 16,
      "sample_covariance_full_rank": true
    },
    "Stretch Move": {
      "distribution": "Gaussian",
      "tau": 137.8395160943905,
      "tau_std": 5.369032457017205,
      "ess": 10882.220443757375,
      "ess_by_coordinate": [
        12352.099258822534,
        12343.470961930881,
        11560.774965503519,
        11614.01038497607,
        11246.817664437205,
        11519.241910925002,
        10882.220443757375,
        10952.0464234662,
        11517.016523289236,
        11962.575247728364,
        11236.452649313243,
        11681.163863554248,
        11830.545308734261,
        12563.433236956473,
        12363.692527389008,
        11620.94588710364
      ],
      "ess_valid_fraction": [
        0.9333333333333333,
        0.9333333333333333,
        0.94,
        0.9466666666666667,
        0.9466666666666667,
        0.9533333333333334,
        0.94,
        0.9533333333333334,
        0.9666666666666667,
        0.9466666666666667,
        0.94,
        0.96,
        0.94,
        0.9666666666666667,
        0.94,
        0.9866666666666667
      ],
      "n_evaluations": 1500000.0,
      "evaluation_type": "function",
      "ess_per_eval": 0.0072548136291715835,
      "time": 4.396275997161865,
      "sigma": 0.0,
      "epsilon": 0.0,
      "n_leapfrog": null,
      "n_warmup": null,
      "target_accept": null,
      "gamma": null,
      "t0": null,
      "kappa": null,
      "mean_mse": 0.0007437252488713829,
      "cov_mse": 0.001266202960458776,
      "acceptance_rate_mean": 0.5012466666666667,
      "acceptance_rate_min": 0.4915,
      "acceptance_rate_max": 0.5130833333333333,
      "n_divergent": null,
      "actual_n_chains": 150,
      "diagnostic_draws_per_chain": 200,
      "sample_finite_fraction": 1.0,
      "finite_draw_fraction": 1.0,
      "sample_covariance_rank": 16,
      "sample_covariance_full_rank": true
    },
    "HMC": {
      "distribution": "Gaussian",
      "tau": 2.4557763516078217,
      "tau_std": 0.01840237848258586,
      "ess": 610804.8068049579,
      "ess_by_coordinate": [
        621828.8480709417,
        619653.1698500427,
        619522.3553651251,
        614119.2561439788,
        625170.8297301391,
        619259.2828011864,
        618441.0082802888,
        614803.7305736814,
        616177.5415691053,
        610804.8068049579,
        617659.0449228594,
        617141.1034578402,
        610837.0013763721,
        623192.92297915,
        626890.6217089846,
        611643.7882403
      ],
      "ess_valid_fraction": [
        1.0,
        1.0,
        1.0,
        1.0,
        1.0,
        1.0,
        1.0,
        1.0,
        1.0,
        1.0,
        1.0,
        1.0,
        1.0,
        1.0,
        1.0,
        1.0
      ],
      "n_evaluations": 3488500.0,
      "evaluation_type": "gradient",
      "ess_per_eval": 0.17509095794896315,
      "time": 12.282951831817627,
      "sigma": 0.0,
      "epsilon": 3.0583110931305084,
      "n_leapfrog": 1.3256666666666665,
      "n_warmup": 2000,
      "target_accept": 0.651,
      "gamma": 0.05,
      "t0": 10,
      "kappa": 0.75,
      "mean_mse": 1.681872644230101e-05,
      "cov_mse": 3.133102709552496e-05,
      "acceptance_rate_mean": 0.6514033333333334,
      "acceptance_rate_min": 0.6514033333333333,
      "acceptance_rate_max": 0.6514033333333333,
      "n_divergent": null,
      "actual_n_chains": 150,
      "diagnostic_draws_per_chain": 200,
      "sample_finite_fraction": 1.0,
      "finite_draw_fraction": 1.0,
      "sample_covariance_rank": 16,
      "sample_covariance_full_rank": true
    }
  }
}