{
  "dim": 16,
  "seed": 3,
  "condition_number": 50.0,
  "n_samples": 10000,
  "burn_in": 1000,
  "n_thin": 1,
  "n_chains": 16,
  "af": false,
  "transform_affine": false,
  "summary": {
    "Dense-mass NUTS": {
      "distribution": "Gaussian",
      "tau": 1.0,
      "tau_std": 0.0,
      "ess": 160000.0,
      "ess_by_coordinate": [
        160000.0,
        160000.0,
        160000.0,
        160000.0,
        160000.0,
        160000.0,
        160000.0,
        160000.0,
        160000.0,
        160000.0,
        160000.0,
        160000.0,
        160000.0,
        160000.0,
        160000.0,
        160000.0
      ],
      "ess_valid_fraction": [
        1.0,
        1.0,
        1.0,
        1.0,
        1.0,
        1.0,
        1.0,
        1.0,
        1.0,
        1.0,
        1.0,
        1.0,
        1.0,
        1.0,
        1.0,
        1.0
      ],
      "n_evaluations": 1113058.1818181819,
      "evaluation_type": "gradient",
      "ess_per_eval": 0.14374810105491503,
      "time": 18.24743676185608,
      "sigma": 0.0,
      "epsilon": 0.6211466789245605,
      "n_leapfrog": 6.956613636363636,
      "n_warmup": 1000,
      "target_accept": 0.8,
      "gamma": 0.05,
      "t0": 10,
      "kappa": 0.75
    },
    "Hamiltonian Walk Move": {
      "distribution": "Gaussian",
      "tau": 5.3698649362802975,
      "tau_std": 0.13937109112862264,
      "ess": 29795.907699464766,
      "ess_by_coordinate": [
        31216.83234336847,
        32652.84743240105,
        32920.415374869204,
        31834.986783672113,
        30266.02376830357,
        30565.27564376661,
        30671.98800811097,
        30925.03069818423,
        30494.116758078424,
        30377.972062919005,
        30827.409620760554,
        31273.39028773722,
        32170.524000435387,
        29795.907699464766,
        31057.74472108997,
        30415.310942393964
      ],
      "ess_valid_fraction": [
        1.0,
        1.0,
        1.0,
        1.0,
        1.0,
        1.0,
        1.0,
        1.0,
        1.0,
        1.0,
        1.0,
        1.0,
        1.0,
        1.0,
        1.0,
        1.0
      ],
      "n_evaluations": 1920000.0,
      "evaluation_type": "gradient",
      "ess_per_eval": 0.015518701926804565,
      "time": 20.70891547203064,
      "sigma": 0.0,
      "epsilon": 0.6488355398178101,
      "n_leapfrog": 11,
      "n_warmup": 1000,
      "target_accept": 0.651,
      "gamma": 0.05,
      "t0": 10,
      "kappa": 0.75
    },
    "Stretch Move": {
      "distribution": "Gaussian",
      "tau": 298.6329994732333,
      "tau_std": 35.09714659041543,
      "ess": 535.7746809034107,
      "ess_by_coordinate": [
        987.532045993559,
        963.9312815397182,
        944.2257362267878,
        757.9198255811469,
        856.9215711540807,
        1062.515379795532,
        838.4127797313888,
        948.8736435938906,
        768.1435309627894,
        1116.7655195655816,
        1028.5989435217864,
        892.1326853693431,
        818.9172217094016,
        803.7775212740364,
        535.7746809034107,
        845.4892976859993
      ],
      "ess_valid_fraction": [
        0.875,
        0.9375,
        0.875,
        0.8125,
        0.875,
        1.0,
        0.875,
        0.9375,
        0.8125,
        0.9375,
        0.9375,
        1.0,
        0.875,
        0.875,
        0.6875,
        0.8125
      ],
      "n_evaluations": 160000.0,
      "evaluation_type": "function",
      "ess_per_eval": 0.003348591755646317,
      "time": 1.0031354427337646,
      "sigma": 0.0,
      "epsilon": 0.0,
      "n_leapfrog": null,
      "n_warmup": null,
      "target_accept": null,
      "gamma": null,
      "t0": null,
      "kappa": null
    },
    "HMC": {
      "distribution": "Gaussian",
      "tau": 2.1009339898743367,
      "tau_std": 0.04234820313138223,
      "ess": 76156.60500098344,
      "ess_by_coordinate": [
        82778.50495510135,
        78636.53276278723,
        81012.87065136331,
        80039.20295135278,
        79595.98583217443,
        79238.18147474749,
        80688.11347735432,
        76726.30141920727,
        77522.11422594084,
        78139.38664136284,
        78528.86121700957,
        79768.97212333677,
        79399.72823158844,
        81265.38700647041,
        76156.60500098344,
        78541.84657923371
      ],
      "ess_valid_fraction": [
        1.0,
        1.0,
        1.0,
        1.0,
        1.0,
        1.0,
        1.0,
        1.0,
        1.0,
        1.0,
        1.0,
        1.0,
        1.0,
        1.0,
        1.0,
        1.0
      ],
      "n_evaluations": 480000.0,
      "evaluation_type": "gradient",
      "ess_per_eval": 0.15865959375204883,
      "time": 9.066816568374634,
      "sigma": 0.0,
      "epsilon": 2.435642719268799,
      "n_leapfrog": 2,
      "n_warmup": 1000,
      "target_accept": 0.651,
      "gamma": 0.05,
      "t0": 10,
      "kappa": 0.75
    }
  }
}