{
  "dim": 32,
  "seed": 1,
  "n_samples": 10000,
  "burn_in": 2000,
  "n_thin": 1,
  "n_chains": 100,
  "hwm_walkers_requested": 300,
  "jax_enable_x64": true,
  "af": true,
  "initialization_mode": "agnostic",
  "initialization_description": "independent N(0, 2^2) coordinates in the intrinsic Rosenbrock frame",
  "transform_affine": true,
  "overlay_rosenbrock": {
    "a": 1.0,
    "b": 100.0,
    "sigma": 1.5
  },
  "summary": {
    "Dense-mass NUTS": {
      "distribution": "Paired Rosenbrock",
      "tau": 430.822544735955,
      "tau_std": 120.74917637529302,
      "ess": 2321.1412963843054,
      "ess_by_coordinate": [
        251554.93461951552,
        202130.36241289505,
        254168.35745347734,
        192711.59637074143,
        215353.11548206522,
        180446.0763046859,
        214481.15341141805,
        177364.95990620882,
        198687.94612720376,
        167298.80498468952,
        158602.5785531653,
        132211.40017082889,
        130739.58921591495,
        116796.59248741461,
        94720.68488385998,
        83647.64213542925,
        70162.02403890478,
        54277.67603561121,
        45387.32209171973,
        38100.07631371966,
        24506.753295166367,
        20241.541351070457,
        16473.45543630494,
        14944.899409663074,
        8757.886969494524,
        8148.542555926952,
        6165.198825521459,
        5122.660929292022,
        2871.754931755916,
        3628.500004655493,
        2321.1412963843054,
        2461.550711510826
      ],
      "ess_valid_fraction": [
        0.98,
        0.98,
        0.98,
        0.99,
        0.98,
        0.98,
        0.97,
        0.98,
        0.96,
        0.98,
        0.94,
        0.94,
        0.91,
        0.94,
        0.92,
        0.93,
        0.87,
        0.88,
        0.86,
        0.88,
        0.82,
        0.84,
        0.75,
        0.82,
        0.64,
        0.65,
        0.65,
        0.64,
        0.49,
        0.58,
        0.41,
        0.42
      ],
      "n_evaluations": 252785275.0,
      "evaluation_type": "gradient",
      "ess_per_eval": 9.182264656769684e-06,
      "time": 342.59366250038147,
      "sigma": 1.5,
      "epsilon": 0.01812839482176772,
      "n_leapfrog": 252.785275,
      "n_warmup": 2000,
      "target_accept": 0.8,
      "cond": 1000.0,
      "mean_mse": 0.09872501013282886,
      "cov_mse": 0.18490356299925062,
      "acceptance_rate_mean": 0.8717265065787558,
      "acceptance_rate_min": 0.40067769538930287,
      "acceptance_rate_max": 0.9584328039749923,
      "n_divergent": 12138,
      "actual_n_chains": 100,
      "diagnostic_draws_per_chain": 200,
      "sample_finite_fraction": 1.0,
      "finite_draw_fraction": 1.0,
      "sample_covariance_rank": 32,
      "sample_covariance_full_rank": true
    },
    "Hamiltonian Walk Move": {
      "distribution": "Paired Rosenbrock",
      "tau": 6.495899033243531,
      "tau_std": 0.8459653263618515,
      "ess": 461829.8382790658,
      "ess_by_coordinate": [
        643363.5117186795,
        471713.0349340411,
        671606.5532149336,
        483786.9882640787,
        662504.7405796726,
        483892.87124535907,
        656122.8247958142,
        474483.60653800925,
        636567.4782549922,
        470550.0755737358,
        661689.9699472776,
        473502.68042944383,
        643196.7346120382,
        488129.0541642112,
        689644.5464559416,
        506609.21403707913,
        645889.2448812693,
        478907.8989624154,
        671050.3610428205,
        478353.97834330203,
        684010.5042293377,
        494815.6915494226,
        665447.9421139229,
        470316.42718607635,
        650887.1958601349,
        482766.2611382885,
        635320.4848340233,
        461829.8382790658,
        648172.6341457042,
        488860.6894026587,
        648132.2655042155,
        484680.6479103806
      ],
      "ess_valid_fraction": [
        1.0,
        1.0,
        1.0,
        1.0,
        1.0,
        1.0,
        1.0,
        0.9966666666666667,
        1.0,
        1.0,
        0.9933333333333333,
        0.9966666666666667,
        1.0,
        1.0,
        0.9933333333333333,
        0.9933333333333333,
        1.0,
        0.9966666666666667,
        1.0,
        1.0,
        0.9966666666666667,
        0.9933333333333333,
        1.0,
        1.0,
        0.9966666666666667,
        0.9966666666666667,
        1.0,
        1.0,
        1.0,
        1.0,
        1.0,
        0.9966666666666667
      ],
      "n_evaluations": 425764000.0,
      "evaluation_type": "gradient",
      "ess_per_eval": 0.0010847085199290354,
      "time": 173.79632830619812,
      "sigma": 1.5,
      "epsilon": 0.021446006938648173,
      "n_leapfrog": 140.92133333333334,
      "n_warmup": 2000,
      "target_accept": 0.651,
      "cond": 1000.0,
      "mean_mse": 0.00031056704793660085,
      "cov_mse": 0.001480233353855602,
      "acceptance_rate_mean": 0.6438033333333334,
      "acceptance_rate_min": 0.6438033333333333,
      "acceptance_rate_max": 0.6438033333333333,
      "n_divergent": null,
      "actual_n_chains": 300,
      "diagnostic_draws_per_chain": 200,
      "sample_finite_fraction": 1.0,
      "finite_draw_fraction": 1.0,
      "sample_covariance_rank": 32,
      "sample_covariance_full_rank": true
    },
    "Stretch Move": {
      "distribution": "Paired Rosenbrock",
      "tau": 4266.555716092353,
      "tau_std": 743.7068182845368,
      "ess": 234.38109485556623,
      "ess_by_coordinate": [
        545.3662066947372,
        760.1946247779135,
        464.09562808234796,
        787.819712458744,
        755.8315202275137,
        971.4349454465683,
        430.64250829162955,
        1035.5244034271727,
        342.1937709509524,
        630.5665594454453,
        775.4692336958307,
        842.9677295608772,
        288.3022245880179,
        580.1019573965445,
        543.6465483714894,
        1045.6644145154855,
        607.805936333838,
        1050.804075045166,
        563.2597871197197,
        720.9154009516428,
        577.3057078033531,
        880.5268616946987,
        234.38109485556623,
        784.7988490278058,
        684.2857637015359,
        521.4624478250895,
        603.2856624558699,
        1129.4639056458532,
        387.45179238323465,
        1053.731468822953,
        504.91152005819094,
        666.7334659739265
      ],
      "ess_valid_fraction": [
        0.15,
        0.17,
        0.12,
        0.2,
        0.17,
        0.23,
        0.11,
        0.24,
        0.09,
        0.14,
        0.19,
        0.2,
        0.08,
        0.16,
        0.12,
        0.25,
        0.16,
        0.24,
        0.14,
        0.19,
        0.15,
        0.2,
        0.06,
        0.17,
        0.17,
        0.14,
        0.15,
        0.26,
        0.1,
        0.21,
        0.11,
        0.15
      ],
      "n_evaluations": 1000000.0,
      "evaluation_type": "function",
      "ess_per_eval": 0.00023438109485556622,
      "time": 4.511733531951904,
      "sigma": 1.5,
      "epsilon": 0.0,
      "n_leapfrog": null,
      "n_warmup": null,
      "target_accept": null,
      "cond": 1000.0,
      "mean_mse": 4.354852305914461,
      "cov_mse": 0.9616721476044128,
      "acceptance_rate_mean": 0.16854,
      "acceptance_rate_min": 0.12983333333333333,
      "acceptance_rate_max": 0.20575,
      "n_divergent": null,
      "actual_n_chains": 100,
      "diagnostic_draws_per_chain": 200,
      "sample_finite_fraction": 1.0,
      "finite_draw_fraction": 1.0,
      "sample_covariance_rank": 32,
      "sample_covariance_full_rank": true
    },
    "HMC": {
      "distribution": "Paired Rosenbrock",
      "tau": 2979.807502262763,
      "tau_std": 878.214854642166,
      "ess": 335.5921478956726,