{
  "dim": 32,
  "seed": 1,
  "n_samples": 10000,
  "burn_in": 1000,
  "n_thin": 1,
  "n_chains": 100,
  "af": true,
  "initialization_mode": "agnostic",
  "initialization_description": "independent N(0, 2^2) coordinates in the intrinsic Rosenbrock frame",
  "transform_affine": true,
  "overlay_rosenbrock": {
    "a": 1.0,
    "b": 100.0,
    "sigma": 0.7
  },
  "summary": {
    "Dense-mass NUTS": {
      "distribution": "Paired Rosenbrock",
      "tau": 32473.40137522912,
      "tau_std": 5964.773469147262,
      "ess": 30.794433525611677,
      "ess_by_coordinate": [
        295.4996628570415,
        30.794433525611677,
        217.87481671984887,
        308.51148467150244,
        192.77092642022595,
        205.03292632355948,
        224.71166388459443,
        199.48498939077462,
        150.62683204019638,
        172.30688913912638,
        129.00139014766586,
        178.41038852045403,
        223.0132254029786,
        295.882445418595,
        401.36899474862264,
        72.79330390096139,
        327.5038544428053,
        188.41086290298517,
        113.03761952993194,
        230.74909998517637,
        158.23735433484686,
        44.49972894968062,
        218.48761661613278,
        152.95169239198026,
        256.9994514983518,
        267.7373359298666,
        190.38661286402672,
        287.6357552616094,
        101.09005444921613,
        110.6332092012217,
        242.4262993216285,
        385.1375783045332
      ],
      "ess_valid_fraction": [
        0.08,
        0.01,
        0.04,
        0.08,
        0.05,
        0.05,
        0.06,
        0.04,
        0.04,
        0.05,
        0.04,
        0.04,
        0.06,
        0.08,
        0.08,
        0.02,
        0.07,
        0.05,
        0.03,
        0.06,
        0.04,
        0.01,
        0.05,
        0.04,
        0.07,
        0.07,
        0.05,
        0.07,
        0.03,
        0.03,
        0.06,
        0.1
      ],
      "n_evaluations": 255000000.0,
      "evaluation_type": "gradient",
      "ess_per_eval": 1.2076248441416344e-07,
      "time": 278.7880415916443,
      "sigma": 0.7,
      "epsilon": 0.000309476803522557,
      "n_leapfrog": 255.0,
      "n_warmup": 1000,
      "target_accept": 0.8,
      "cond": 1000.0
    },
    "Hamiltonian Walk Move": {
      "distribution": "Paired Rosenbrock",
      "tau": 30189.914211502422,
      "tau_std": 5009.430786810944,
      "ess": 33.12364496945135,
      "ess_by_coordinate": [
        718.7494257453346,
        358.8278324190558,
        714.1963513231032,
        551.05846531245,
        462.6498998912375,
        173.66453749068975,
        453.44160332369654,
        383.53991887238004,
        427.48774643888794,
        341.65303410271974,
        542.5957733794241,
        389.9711103620523,
        282.1107742098592,
        275.9410877606222,
        361.233182461302,
        510.384187707462,
        437.4807402207594,
        95.86792320398811,
        207.6747041521284,
        568.7493706321885,
        496.5465385040007,
        292.5468461717292,
        503.12148548711485,
        306.8882698056324,
        331.98032976348014,
        542.824132943135,
        458.96038547448603,
        338.7506409751621,
        323.9373757197966,
        33.12364496945135,
        257.6357512887401,
        287.10183264351815
      ],
      "ess_valid_fraction": [
        0.18,
        0.1,
        0.15,
        0.13,
        0.12,
        0.05,
        0.1,
        0.1,
        0.12,
        0.09,
        0.14,
        0.09,
        0.07,
        0.07,
        0.09,
        0.13,
        0.12,
        0.03,
        0.06,
        0.14,
        0.13,
        0.07,
        0.13,
        0.08,
        0.1,
        0.15,
        0.11,
        0.07,
        0.08,
        0.01,
        0.07,
        0.08
      ],
      "n_evaluations": 1001000000.0,
      "evaluation_type": "gradient",
      "ess_per_eval": 3.309055441503631e-08,
      "time": 709.989001750946,
      "sigma": 0.7,
      "epsilon": 3.6389002389114466e-07,
      "n_leapfrog": 1000,
      "n_warmup": 1000,
      "target_accept": 0.651,
      "cond": 1000.0
    },
    "Stretch Move": {
      "distribution": "Paired Rosenbrock",
      "tau": 2844.8508060072245,
      "tau_std": 482.43392418064843,
      "ess": 351.51228243266286,
      "ess_by_coordinate": [
        720.1243513915852,
        1061.6160375674208,
        592.114340434158,
        1039.3573294598425,
        661.9706458339181,
        887.3513943000361,
        362.5463990235589,
        736.3224177793301,
        647.7672962138453,
        1101.0989251844487,
        403.60058080578574,
        661.6543507702918,
        487.95595534541485,
        822.9036481693506,
        657.7232165102856,
        779.7090890846578,
        575.4223722071857,
        1067.1600359714948,
        650.7279558994197,
        858.4415542178218,
        537.0198865415098,
        864.8454713033793,
        619.5571872631563,
        1126.0165899430217,
        351.51228243266286,
        759.1876688741056,
        631.6061110008802,
        819.0327046989764,
        649.1598257695896,
        930.1315321778407,
        610.9235145886119,
        810.8284902667158
      ],
      "ess_valid_fraction": [
        0.18,
        0.24,
        0.15,
        0.24,
        0.15,
        0.21,
        0.09,
        0.17,
        0.17,
        0.23,
        0.11,
        0.16,
        0.12,
        0.18,
        0.15,
        0.19,
        0.15,
        0.21,
        0.14,
        0.19,
        0.13,
        0.21,
        0.15,
        0.27,
        0.09,
        0.18,
        0.16,
        0.21,
        0.17,
        0.21,
        0.16,
        0.19
      ],
      "n_evaluations": 1000000.0,
      "evaluation_type": "function",
      "ess_per_eval": 0.0003515122824326629,
      "time": 4.346585988998413,
      "sigma": 0.7,
      "epsilon": 0.0,
      "n_leapfrog": null,
      "n_warmup": null,
      "target_accept": null,
      "cond": 1000.0
    },
    "HMC": {
      "distribution": "Paired Rosenbrock",
      "tau": 7961.34602127913,
      "tau_std": 1456.1671974296703,
      "ess": 125.60690080888263,
      "ess_by_coordinate": [
        1252.122517013135,
        1615.8538270746785,
        1024.3280968079735,
        1814.9888631213291,
        893.3303314153081,
        1330.1400578800685,
        646.1188516001853,
        1024.8193649547673,
        407.0653630260303,
        681.9642266112269,
        224.86817520502674,
        638.1358652676246,
        482.66302208216723,
        754.7869101408619,
        633.6668310181125,
        330.79611779774996,
        504.80273622761786,
        332.28929556767366,
        406.37053000659574,
        432.44129396492724,
        267.5402691971847,
        443.4318010433653,
        203.77576172124097,
        364.86224687860124,
        367.43496506889676,
        554.1836771192092,
        452.77842021421856,
        392.32380382548854,
        352.30017012060074,
        125.60690080888263,
        328.59289648125326,
        306.5346543598781
      ],
      "ess_valid_fraction": [
        0.26,
        0.31,
        0.23,
        0.35,
        0.21,
        0.29,
        0.16,
        0.24,
        0.1,
        0.16,
        0.06,
        0.15,
        0.13,
        0.2,
        0.17,
        0.08,
        0.14,
        0.09,
        0.1,
        0.11,
        0.07,
        0.12,
        0.05,
        0.1,
        0.1,
        0.14,
        0.11,
        0.1,
        0.1,
        0.03,
        0.08,
        0.08
      ],
      "n_evaluations": 1001000000.0,
      "evaluation_type": "gradient",
      "ess_per_eval": 1.2548141938949314e-07,
      "time": 358.1825909614563,
      "sigma": 0.7,
      "epsilon": 9.885975305223837e-05,
      "n_leapfrog": 1000,
      "n_warmup": 1000,
      "target_accept": 0.651,
      "cond": 1000.0
    }
  }
}