{
  "dim": 4,
  "seed": 2,
  "condition_number": 50.0,
  "n_samples": 10000,
  "burn_in": 1000,
  "n_thin": 1,
  "n_chains": 16,
  "af": false,
  "transform_affine": false,
  "summary": {
    "Dense-mass NUTS": {
      "distribution": "Gaussian",
      "tau": 1.0040303557368557,
      "tau_std": 0.0016485601765972057,
      "ess": 159357.73165202394,
      "ess_by_coordinate": [
        159357.73165202394,
        160000.0,
        160000.0,
        159747.66261908968
      ],
      "ess_valid_fraction": [
        1.0,
        1.0,
        1.0,
        1.0
      ],
      "n_evaluations": 820894.5454545454,
      "evaluation_type": "gradient",
      "ess_per_eval": 0.1941269223122739,
      "time": 16.10935616493225,
      "sigma": 0.0,
      "epsilon": 0.8354308605194092,
      "n_leapfrog": 5.130590909090909,
      "n_warmup": 1000,
      "target_accept": 0.8,
      "gamma": 0.05,
      "t0": 10,
      "kappa": 0.75
    },
    "Hamiltonian Walk Move": {
      "distribution": "Gaussian",
      "tau": 1.2698428983893373,
      "tau_std": 0.017479549532098775,
      "ess": 125999.83840752524,
      "ess_by_coordinate": [
        125999.83840752524,
        129364.78105788986,
        130671.81868658963,
        129972.37757452881
      ],
      "ess_valid_fraction": [
        1.0,
        1.0,
        1.0,
        1.0
      ],
      "n_evaluations": 1280000.0,
      "evaluation_type": "gradient",
      "ess_per_eval": 0.09843737375587909,
      "time": 15.457531452178955,
      "sigma": 0.0,
      "epsilon": 1.0504249334335327,
      "n_leapfrog": 7,
      "n_warmup": 1000,
      "target_accept": 0.651,
      "gamma": 0.05,
      "t0": 10,
      "kappa": 0.75
    },
    "Stretch Move": {
      "distribution": "Gaussian",
      "tau": 50.87822184662901,
      "tau_std": 1.0669063923145503,
      "ess": 3144.763991208568,
      "ess_by_coordinate": [
        3144.763991208568,
        3157.905289110615,
        3288.316605806459,
        3290.1054734490317
      ],
      "ess_valid_fraction": [
        1.0,
        1.0,
        1.0,
        1.0
      ],
      "n_evaluations": 160000.0,
      "evaluation_type": "function",
      "ess_per_eval": 0.01965477494505355,
      "time": 0.7360591888427734,
      "sigma": 0.0,
      "epsilon": 0.0,
      "n_leapfrog": null,
      "n_warmup": null,
      "target_accept": null,
      "gamma": null,
      "t0": null,
      "kappa": null
    },
    "HMC": {
      "distribution": "Gaussian",
      "tau": 1.3717848144766593,
      "tau_std": 0.021629936300963527,
      "ess": 116636.36913858137,
      "ess_by_coordinate": [
        116636.36913858137,
        117356.98332398306,
        120454.51215527914,
        121059.50260423581
      ],
      "ess_valid_fraction": [
        1.0,
        1.0,
        1.0,
        1.0
      ],
      "n_evaluations": 320000.0,
      "evaluation_type": "gradient",
      "ess_per_eval": 0.3644886535580668,
      "time": 8.23396611213684,
      "sigma": 0.0,
      "epsilon": 3.3448731899261475,
      "n_leapfrog": 1,
      "n_warmup": 1000,
      "target_accept": 0.651,
      "gamma": 0.05,
      "t0": 10,
      "kappa": 0.75
    }
  }
}