{
  "dim": 4,
  "seed": 2,
  "condition_number": 50.0,
  "n_samples": 10000,
  "burn_in": 2000,
  "n_thin": 1,
  "n_chains": 150,
  "hwm_walkers_requested": 300,
  "jax_enable_x64": true,
  "af": false,
  "transform_affine": false,
  "summary": {
    "Dense-mass NUTS": {
      "distribution": "Gaussian",
      "tau": 1.0025386583432827,
      "tau_std": 0.0008580936021485952,
      "ess": 1496201.6551848315,
      "ess_by_coordinate": [
        1496201.6551848315,
        1498668.7738375217,
        1499670.758510978,
        1497645.0934729176
      ],
      "ess_valid_fraction": [
        1.0,
        1.0,
        1.0,
        1.0
      ],
      "n_evaluations": 7592821.666666667,
      "evaluation_type": "gradient",
      "ess_per_eval": 0.1970547605185202,
      "time": 32.07017993927002,
      "sigma": 0.0,
      "epsilon": 0.7506607759916137,
      "n_leapfrog": 5.061881111111111,
      "n_warmup": 2000,
      "target_accept": 0.8,
      "gamma": 0.05,
      "t0": 10,
      "kappa": 0.75,
      "mean_mse": 3.529138651050742e-06,
      "cov_mse": 9.919534067060002e-06,
      "acceptance_rate_mean": 0.9021121038542681,
      "acceptance_rate_min": 0.8522029016098129,
      "acceptance_rate_max": 0.9357738276955894,
      "n_divergent": 0,
      "actual_n_chains": 150,
      "diagnostic_draws_per_chain": 200,
      "sample_finite_fraction": 1.0,
      "finite_draw_fraction": 1.0,
      "sample_covariance_rank": 4,
      "sample_covariance_full_rank": true
    },
    "Hamiltonian Walk Move": {
      "distribution": "Gaussian",
      "tau": 1.4192996915576424,
      "tau_std": 0.005308120860790777,
      "ess": 2113718.48936822,
      "ess_by_coordinate": [
        2128686.6404360896,
        2114853.733774268,
        2113718.48936822,
        2131478.157377378
      ],
      "ess_valid_fraction": [
        1.0,
        1.0,
        1.0,
        1.0
      ],
      "n_evaluations": 6492249.999999999,
      "evaluation_type": "gradient",
      "ess_per_eval": 0.3255756462502553,
      "time": 18.134949445724487,
      "sigma": 0.0,
      "epsilon": 1.3216322167664543,
      "n_leapfrog": 1.1640833333333334,
      "n_warmup": 2000,
      "target_accept": 0.651,
      "gamma": 0.05,
      "t0": 10,
      "kappa": 0.75,
      "mean_mse": 3.637725115341949e-06,
      "cov_mse": 5.874700234262685e-06,
      "acceptance_rate_mean": 0.6329533333333331,
      "acceptance_rate_min": 0.6329533333333333,
      "acceptance_rate_max": 0.6329533333333333,
      "n_divergent": null,
      "actual_n_chains": 300,
      "diagnostic_draws_per_chain": 200,
      "sample_finite_fraction": 1.0,
      "finite_draw_fraction": 1.0,
      "sample_covariance_rank": 4,
      "sample_covariance_full_rank": true
    },
    "Stretch Move": {
      "distribution": "Gaussian",
      "tau": 40.54740298118803,
      "tau_std": 0.6287704089534845,
      "ess": 36993.73793917024,
      "ess_by_coordinate": [
        38107.02496528291,
        38106.68906746671,
        36993.73793917024,
        38630.345018707405
      ],
      "ess_valid_fraction": [
        1.0,
        1.0,
        1.0,
        1.0
      ],
      "n_evaluations": 1500000.0,
      "evaluation_type": "function",
      "ess_per_eval": 0.02466249195944683,
      "time": 1.5204052925109863,
      "sigma": 0.0,
      "epsilon": 0.0,
      "n_leapfrog": null,
      "n_warmup": null,
      "target_accept": null,
      "gamma": null,
      "t0": null,
      "kappa": null,
      "mean_mse": 1.3596783060889365e-05,
      "cov_mse": 6.615561035483665e-05,
      "acceptance_rate_mean": 0.5770461111111111,
      "acceptance_rate_min": 0.5648333333333333,
      "acceptance_rate_max": 0.59,
      "n_divergent": null,
      "actual_n_chains": 150,
      "diagnostic_draws_per_chain": 200,
      "sample_finite_fraction": 1.0,
      "finite_draw_fraction": 1.0,
      "sample_covariance_rank": 4,
      "sample_covariance_full_rank": true
    },
    "HMC": {
      "distribution": "Gaussian",
      "tau": 1.7036443418990332,
      "tau_std": 0.009651207743301415,
      "ess": 880465.4604892279,
      "ess_by_coordinate": [
        880465.4604892279,
        886005.2988445554,
        891497.0187784127,
        893438.3257491153
      ],
      "ess_valid_fraction": [
        1.0,
        1.0,
        1.0,
        1.0
      ],
      "n_evaluations": 3150124.9999999995,
      "evaluation_type": "gradient",
      "ess_per_eval": 0.2795017532603398,
      "time": 11.231369733810425,
      "sigma": 0.0,
      "epsilon": 4.07054424449653,
      "n_leapfrog": 1.1000833333333333,
      "n_warmup": 2000,
      "target_accept": 0.651,
      "gamma": 0.05,
      "t0": 10,
      "kappa": 0.75,
      "mean_mse": 2.245477684215151e-06,
      "cov_mse": 9.423106411814067e-06,
      "acceptance_rate_mean": 0.6464766666666665,
      "acceptance_rate_min": 0.6464766666666666,
      "acceptance_rate_max": 0.6464766666666666,
      "n_divergent": null,
      "actual_n_chains": 150,
      "diagnostic_draws_per_chain": 200,
      "sample_finite_fraction": 1.0,
      "finite_draw_fraction": 1.0,
      "sample_covariance_rank": 4,
      "sample_covariance_full_rank": true
    }
  }
}