{
  "dim": 32,
  "seed": 1,
  "n_samples": 10000,
  "burn_in": 1000,
  "n_thin": 1,
  "n_chains": 100,
  "cond": 31.62,
  "af": true,
  "transform_affine": true,
  "summary": {
    "Dense-mass NUTS": {
      "distribution": "Gaussian",
      "tau": 1.0116229481993193,
      "tau_std": 0.00408153760265874,
      "ess": 988510.5925878726,
      "ess_by_coordinate": [
        999829.837893782,
        998960.7333428576,
        999979.1940264949,
        1000000.0,
        998615.8052622435,
        999821.4265248976,
        1000000.0,
        999378.7912221837,
        999314.8942094487,
        998594.6748424915,
        996717.53944163,
        997970.3442921843,
        998570.3210354915,
        994059.537651288,
        993879.3591887255,
        1000000.0,
        995774.3335029524,
        998733.0592189298,
        991923.891745954,
        993165.398069196,
        990971.1139509233,
        991284.0736838679,
        991990.8512458478,
        991101.6847552117,
        992121.0849455167,
        990647.2303234644,
        991134.0086681324,
        989900.4195940075,
        988510.5925878726,
        990100.3450725204,
        989534.2611042784,
        990080.6549247769
      ],
      "ess_valid_fraction": [
        1.0,
        1.0,
        1.0,
        1.0,
        1.0,
        1.0,
        1.0,
        1.0,
        1.0,
        1.0,
        1.0,
        1.0,
        1.0,
        1.0,
        1.0,
        1.0,
        1.0,
        1.0,
        1.0,
        1.0,
        1.0,
        1.0,
        1.0,
        1.0,
        1.0,
        1.0,
        1.0,
        1.0,
        1.0,
        1.0,
        1.0,
        1.0
      ],
      "n_evaluations": 9640498.181818182,
      "evaluation_type": "gradient",
      "ess_per_eval": 0.10253729360710706,
      "time": 3267.6829640865326,
      "sigma": 0.0,
      "epsilon": 0.5640979409217834,
      "n_leapfrog": 9.640498181818181,
      "n_warmup": 1000,
      "target_accept": 0.8,
      "gamma": 0.05,
      "t0": 10,
      "kappa": 0.75
    },
    "Hamiltonian Walk Move": {
      "distribution": "Gaussian",
      "tau": 1.279756994339437,
      "tau_std": 0.009818062628321229,
      "ess": 781398.347048037,
      "ess_by_coordinate": [
        791787.9128424355,
        800963.8249816918,
        796424.1536988175,
        791000.9624195611,
        790232.8167852941,
        791258.7869000774,
        805450.7213818297,
        789991.4622512509,
        795849.5899691654,
        796264.367952277,
        800597.8650859278,
        797516.6607505112,
        787564.0304293104,
        794525.5375978365,
        792599.4456774158,
        798758.3412933326,
        793103.8097320002,
        783130.194808,
        787597.624425716,
        808904.8315093704,
        781398.347048037,
        797541.6430818957,
        795398.9867138441,
        791709.4811828642,
        789379.0260917742,
        793505.1817381792,
        804530.9786276766,
        782352.3825261026,
        796142.1244454506,
        795741.2846653296,
        792964.8225259222,
        798845.3758417089
      ],
      "ess_valid_fraction": [
        1.0,
        1.0,
        1.0,
        1.0,
        1.0,
        1.0,
        1.0,
        1.0,
        1.0,
        1.0,
        1.0,
        1.0,
        1.0,
        1.0,
        1.0,
        1.0,
        1.0,
        1.0,
        1.0,
        1.0,
        1.0,
        1.0,
        1.0,
        1.0,
        1.0,
        1.0,
        1.0,
        1.0,
        1.0,
        1.0,
        1.0,
        1.0
      ],
      "n_evaluations": 10000000.0,
      "evaluation_type": "gradient",
      "ess_per_eval": 0.07813983470480369,
      "time": 147.80344367027283,
      "sigma": 0.0,
      "epsilon": 0.6399623155593872,
      "n_leapfrog": 9,
      "n_warmup": 1000,
      "target_accept": 0.651,
      "gamma": 0.05,
      "t0": 10,
      "kappa": 0.75
    },
    "Stretch Move": {
      "distribution": "Gaussian",
      "tau": 264.8712646201651,
      "tau_std": 15.210772713890389,
      "ess": 3775.4189811191327,
      "ess_by_coordinate": [
        4605.238074426505,
        4384.354647090244,
        4049.6235472333046,
        4289.272694890692,
        4911.931711931717,
        4656.829983586618,
        4140.351133949459,
        4430.414838018755,
        3997.8433341612617,
        4758.239435717857,
        4116.951733235577,
        4171.383113444564,
        4158.877354878438,
        4204.8908293701315,
        3925.7979039351726,
        4862.668761345344,
        4453.992142441008,
        4624.072888308977,
        4550.780373256236,
        4182.874901605857,
        3775.4189811191327,
        4584.674545047974,
        4497.261042211145,
        4255.87360747424,
        4664.150373077956,
        4532.318748532025,
        4578.6174220577295,
        4174.022953757716,
        4000.0475870310697,
        4562.238616037852,
        4295.670199609474,
        3960.5976147894626
      ],
      "ess_valid_fraction": [
        0.8,
        0.79,
        0.74,
        0.73,
        0.81,
        0.79,
        0.73,
        0.75,
        0.72,
        0.81,
        0.73,
        0.71,
        0.74,
        0.72,
        0.7,
        0.82,
        0.8,
        0.77,
        0.77,
        0.74,
        0.64,
        0.76,
        0.77,
        0.73,
        0.8,
        0.77,
        0.79,
        0.75,
        0.74,
        0.81,
        0.7,
        0.73
      ],
      "n_evaluations": 1000000.0,
      "evaluation_type": "function",
      "ess_per_eval": 0.0037754189811191326,
      "time": 6.1669018268585205,
      "sigma": 0.0,
      "epsilon": 0.0,
      "n_leapfrog": null,
      "n_warmup": null,
      "target_accept": null,
      "gamma": null,
      "t0": null,
      "kappa": null
    },
    "HMC": {
      "distribution": "Gaussian",
      "tau": 238.21559409177334,
      "tau_std": 64.78591064658484,
      "ess": 4197.877992885498,
      "ess_by_coordinate": [
        1000000.0,
        1000000.0,
        1000000.0,
        1000000.0,
        999480.5728917008,
        948512.8681784389,
        723738.7105759463,
        532427.44627402,
        405038.23209961085,
        306305.55339264515,
        237661.5388773165,
        187999.83798148634,
        144442.8635550208,
        115266.98606693331,
        90935.47312922122,
        73323.5309836052,
        58152.833794330414,
        47598.428417158626,
        38072.599518894065,
        30790.752783286724,
        26102.647926988913,
        20425.809748642117,
        16646.020678935536,
        14796.329883352768,
        12589.366557798412,
        10995.635932527259,
        9086.495576717758,
        7610.63049091211,
        6426.102224315012,
        5688.820691339116,
        5056.271422648737,
        4197.877992885498
      ],
      "ess_valid_fraction": [
        1.0,
        1.0,
        1.0,
        1.0,
        1.0,
        1.0,
        1.0,
        1.0,
        1.0,
        1.0,
        1.0,
        1.0,
        1.0,
        1.0,
        1.0,
        1.0,
        1.0,
        1.0,
        1.0,
        1.0,
        1.0,
        1.0,
        1.0,
        1.0,
        1.0,
        0.99,
        0.98,
        0.94,
        0.9,
        0.85,
        0.83,
        0.75
      ],
      "n_evaluations": 3000000.0,
      "evaluation_type": "gradient",
      "ess_per_eval": 0.001399292664295166,
      "time": 73.95416450500488,
      "sigma": 0.0,
      "epsilon": 4.070644378662109,
      "n_leapfrog": 2,
      "n_warmup": 1000,
      "target_accept": 0.651,
      "gamma": 0.05,
      "t0": 10,
      "kappa": 0.75
    }
  }
}