{
  "dim": 32,
  "seed": 4,
  "n_samples": 10000,
  "burn_in": 1000,
  "n_thin": 1,
  "n_chains": 100,
  "af": true,
  "initialization_mode": "agnostic",
  "initialization_description": "independent N(0, 2^2) coordinates in the intrinsic Rosenbrock frame",
  "transform_affine": true,
  "overlay_rosenbrock": {
    "a": 1.0,
    "b": 100.0,
    "sigma": 0.7
  },
  "summary": {
    "Dense-mass NUTS": {
      "distribution": "Paired Rosenbrock",
      "tau": 31264.207571168583,
      "tau_std": 4845.7895335929525,
      "ess": 31.98545805850477,
      "ess_by_coordinate": [
        205.3132982041993,
        285.7724023211441,
        257.13535120575034,
        31.98545805850477,
        148.91889047756345,
        301.1361995251227,
        262.6865502180399,
        228.95614477056097,
        170.5581371874143,
        200.74555130049157,
        396.655496472914,
        244.2078164468156,
        180.20306752314877,
        307.9759729888634,
        313.2265611468785,
        248.90597435797017,
        227.55830108335573,
        185.7705105158646,
        195.78051807025741,
        339.6886318577543,
        186.39703673085893,
        162.52940767842637,
        412.8687387577181,
        304.71517660902396,
        139.33575466608426,
        145.14936706244285,
        225.26494249231166,
        353.37007372213316,
        221.95540409596921,
        275.609662567001,
        297.86095129806984,
        293.6809049637252
      ],
      "ess_valid_fraction": [
        0.05,
        0.07,
        0.07,
        0.01,
        0.04,
        0.07,
        0.07,
        0.07,
        0.05,
        0.06,
        0.1,
        0.06,
        0.05,
        0.08,
        0.09,
        0.07,
        0.06,
        0.05,
        0.05,
        0.09,
        0.04,
        0.05,
        0.11,
        0.08,
        0.04,
        0.04,
        0.05,
        0.09,
        0.06,
        0.08,
        0.08,
        0.08
      ],
      "n_evaluations": 255000000.0,
      "evaluation_type": "gradient",
      "ess_per_eval": 1.2543316885688144e-07,
      "time": 288.4675340652466,
      "sigma": 0.7,
      "epsilon": 0.0007357153226621449,
      "n_leapfrog": 255.0,
      "n_warmup": 1000,
      "target_accept": 0.8,
      "cond": 500
    },
    "Hamiltonian Walk Move": {
      "distribution": "Paired Rosenbrock",
      "tau": 5558.081156518698,
      "tau_std": 966.1731733864269,
      "ess": 179.91820771223672,
      "ess_by_coordinate": [
        607.7567258879886,
        642.4224498673613,
        599.6896861220897,
        333.9684347475019,
        598.924076039011,
        582.3448796244178,
        497.7284822106867,
        242.88960495632614,
        541.4433059255257,
        441.0822562791071,
        643.9072043342971,
        282.8460627011407,
        508.677813947427,
        656.2076930073039,
        344.55980150346517,
        573.5561581253253,
        393.1546401074842,
        334.3248373358918,
        393.8251914755216,
        280.2980708540376,
        352.2400936417442,
        327.7511207999592,
        179.91820771223672,
        370.56932503215614,
        453.7593473082989,
        264.87013915656934,
        215.9946003700084,
        396.91096438640415,
        261.48108761037986,
        349.1789670406224,
        305.40717430259474,
        366.3288807877606
      ],
      "ess_valid_fraction": [
        0.13,
        0.17,
        0.15,
        0.1,
        0.16,
        0.14,
        0.13,
        0.06,
        0.13,
        0.12,
        0.14,
        0.08,
        0.14,
        0.17,
        0.1,
        0.16,
        0.1,
        0.09,
        0.11,
        0.07,
        0.09,
        0.09,
        0.05,
        0.1,
        0.11,
        0.07,
        0.06,
        0.1,
        0.08,
        0.09,
        0.08,
        0.1
      ],
      "n_evaluations": 1001000000.0,
      "evaluation_type": "gradient",
      "ess_per_eval": 1.7973846924299374e-07,
      "time": 685.9978849887848,
      "sigma": 0.7,
      "epsilon": 2.605284237233718e-07,
      "n_leapfrog": 1000,
      "n_warmup": 1000,
      "target_accept": 0.651,
      "cond": 500
    },
    "Stretch Move": {
      "distribution": "Paired Rosenbrock",
      "tau": 3005.5321231378025,
      "tau_std": 634.8103853059079,
      "ess": 332.71978439411623,
      "ess_by_coordinate": [
        510.05133471787406,
        1048.20066241307,
        516.6280567271713,
        984.0687155765454,
        394.19275232756445,
        431.4379738866044,
        567.952787525071,
        949.1048948627821,
        1006.8988878184969,
        1359.6407095867214,
        377.22006991616377,
        598.5310798954022,
        332.71978439411623,
        377.16915031104685,
        501.0215500633667,
        1424.411645405817,
        415.2103093138794,
        970.306670399741,
        418.49762910175,
        938.4456595429345,
        738.0987658646807,
        546.1682981356242,
        418.741106715677,
        645.8872391661299,
        766.6621084113915,
        895.2577765045287,
        415.770301929152,
        860.2040795725165,
        722.51951943607,
        859.9165765100809,
        724.3906781351055,
        573.3503487471786
      ],
      "ess_valid_fraction": [
        0.14,
        0.25,
        0.14,
        0.22,
        0.1,
        0.1,
        0.14,
        0.21,
        0.25,
        0.3,
        0.09,
        0.15,
        0.09,
        0.1,
        0.12,
        0.32,
        0.09,
        0.21,
        0.1,
        0.19,
        0.18,
        0.12,
        0.09,
        0.16,
        0.18,
        0.2,
        0.11,
        0.2,
        0.18,
        0.18,
        0.15,
        0.15
      ],
      "n_evaluations": 1000000.0,
      "evaluation_type": "function",
      "ess_per_eval": 0.0003327197843941162,
      "time": 4.286441087722778,
      "sigma": 0.7,
      "epsilon": 0.0,
      "n_leapfrog": null,
      "n_warmup": null,
      "target_accept": null,
      "cond": 500
    },
    "HMC": {
      "distribution": "Paired Rosenbrock",
      "tau": 5754.8689208795595,
      "tau_std": 1116.5297855603,
      "ess": 173.765903923866,
      "ess_by_coordinate": [
        1383.0057799852507,
        1259.4348072186854,
        1096.0312501646836,
        1042.1308136568134,
        819.188961002436,
        869.8918734042592,
        730.4634590444961,
        809.3618439772242,
        431.8701664314843,
        950.1561541294839,
        698.7319417259046,
        1186.9366511915346,
        383.06302341477084,
        1077.1029933077823,
        444.6903909292201,
        1020.1580219057711,
        417.4135954644592,
        928.7199772301698,
        915.0118044151443,
        458.66259603793725,
        717.6946554621574,
        484.0883012174903,
        236.92500043674562,
        797.4719762492675,
        453.63576212962687,
        361.83408802538634,
        380.35470577000484,
        266.9008621540727,
        483.1818150024472,
        496.250073725265,
        173.765903923866,
        315.6795655320402
      ],
      "ess_valid_fraction": [
        0.32,
        0.3,
        0.26,
        0.23,
        0.2,
        0.19,
        0.17,
        0.18,
        0.11,
        0.17,
        0.18,
        0.24,
        0.1,
        0.25,
        0.12,
        0.22,
        0.1,
        0.23,
        0.21,
        0.11,
        0.18,
        0.13,
        0.06,
        0.18,
        0.12,
        0.09,
        0.1,
        0.06,
        0.13,
        0.13,
        0.05,
        0.08
      ],
      "n_evaluations": 1001000000.0,
      "evaluation_type": "gradient",
      "ess_per_eval": 1.7359231161225376e-07,
      "time": 346.10271191596985,
      "sigma": 0.7,
      "epsilon": 8.075287041720003e-05,
      "n_leapfrog": 1000,
      "n_warmup": 1000,
      "target_accept": 0.651,
      "cond": 500
    }
  }
}