{
  "dim": 32,
  "seed": 0,
  "n_samples": 10000,
  "burn_in": 1000,
  "n_thin": 1,
  "n_chains": 100,
  "cond": 316.2,
  "af": true,
  "transform_affine": true,
  "summary": {
    "Dense-mass NUTS": {
      "distribution": "Gaussian",
      "tau": 1.1119040846204122,
      "tau_std": 0.027583781805886904,
      "ess": 899358.1495308431,
      "ess_by_coordinate": [
        1000000.0,
        1000000.0,
        1000000.0,
        1000000.0,
        1000000.0,
        1000000.0,
        1000000.0,
        1000000.0,
        1000000.0,
        1000000.0,
        1000000.0,
        1000000.0,
        1000000.0,
        1000000.0,
        999869.818118674,
        1000000.0,
        1000000.0,
        1000000.0,
        1000000.0,
        1000000.0,
        1000000.0,
        997777.5633266667,
        1000000.0,
        990647.8134530447,
        995304.3338122829,
        994787.2261458663,
        979764.070026933,
        970719.19312693,
        975107.4807673139,
        956214.357481214,
        899358.1495308431,
        902239.7961419793
      ],
      "ess_valid_fraction": [
        1.0,
        1.0,
        1.0,
        1.0,
        1.0,
        1.0,
        1.0,
        1.0,
        1.0,
        1.0,
        1.0,
        1.0,
        1.0,
        1.0,
        1.0,
        1.0,
        1.0,
        1.0,
        1.0,
        1.0,
        1.0,
        1.0,
        1.0,
        1.0,
        1.0,
        1.0,
        1.0,
        1.0,
        1.0,
        1.0,
        1.0,
        1.0
      ],
      "n_evaluations": 7179581.818181818,
      "evaluation_type": "gradient",
      "ess_per_eval": 0.12526609102124553,
      "time": 317.03202843666077,
      "sigma": 0.0,
      "epsilon": 0.46760129928588867,
      "n_leapfrog": 7.179581818181818,
      "n_warmup": 1000,
      "target_accept": 0.8,
      "gamma": 0.05,
      "t0": 10,
      "kappa": 0.75
    },
    "Hamiltonian Walk Move": {
      "distribution": "Gaussian",
      "tau": 1.3050664652330912,
      "tau_std": 0.010738400966698569,
      "ess": 766244.4991423446,
      "ess_by_coordinate": [
        778716.6002416791,
        790319.8390754671,
        784933.4123754936,
        788997.2700721328,
        788221.1453067865,
        789176.529370105,
        791780.1269175127,
        787688.426931546,
        787814.6975550305,
        776334.4348491146,
        789142.4008825821,
        781829.2957946466,
        781685.8826185716,
        786153.0267787699,
        776579.0816968932,
        774132.7527875452,
        792532.7966418042,
        793552.278123572,
        779478.5572514804,
        781626.8810530052,
        796314.3891821938,
        783642.5412657598,
        783048.9902186826,
        784918.3981987739,
        785191.0143370738,
        780468.5636858075,
        785726.3088377321,
        781257.0128277985,
        766244.4991423446,
        790517.5846693414,
        771569.3409846779,
        788916.5689761557
      ],
      "ess_valid_fraction": [
        1.0,
        1.0,
        1.0,
        1.0,
        1.0,
        1.0,
        1.0,
        1.0,
        1.0,
        1.0,
        1.0,
        1.0,
        1.0,
        1.0,
        1.0,
        1.0,
        1.0,
        1.0,
        1.0,
        1.0,
        1.0,
        1.0,
        1.0,
        1.0,
        1.0,
        1.0,
        1.0,
        1.0,
        1.0,
        1.0,
        1.0,
        1.0
      ],
      "n_evaluations": 11000000.0,
      "evaluation_type": "gradient",
      "ess_per_eval": 0.06965859083112223,
      "time": 94.2925488948822,
      "sigma": 0.0,
      "epsilon": 0.6328638792037964,
      "n_leapfrog": 10,
      "n_warmup": 1000,
      "target_accept": 0.651,
      "gamma": 0.05,
      "t0": 10,
      "kappa": 0.75
    },
    "Stretch Move": {
      "distribution": "Gaussian",
      "tau": 273.5194331336852,
      "tau_std": 18.585296275142074,
      "ess": 3656.0473548189925,
      "ess_by_coordinate": [
        4916.103181750654,
        4180.37430635351,
        4494.2501468709825,
        4302.356041197325,
        4375.182681961994,
        3974.1310425544416,
        3725.9318160443804,
        4831.140275530297,
        4903.786445994679,
        4995.066785001031,
        4174.056746958393,
        4110.857857312324,
        4281.117899005581,
        4822.539146223937,
        4521.029294967509,
        4296.258534067031,
        3656.0473548189925,
        4745.76250692494,
        3873.213552716648,
        5054.15992415737,
        4523.376506970899,
        4194.859142523775,
        4216.538962745674,
        4393.452173384853,
        4349.4925815159695,
        4305.7929216502625,
        4516.861153170927,
        4390.246138453083,
        4413.061117106851,
        4237.8269850185,
        4109.366443626021,
        4922.341992813771
      ],
      "ess_valid_fraction": [
        0.84,
        0.73,
        0.76,
        0.73,
        0.73,
        0.73,
        0.67,
        0.8,
        0.82,
        0.87,
        0.73,
        0.73,
        0.76,
        0.78,
        0.75,
        0.78,
        0.65,
        0.81,
        0.7,
        0.8,
        0.82,
        0.72,
        0.78,
        0.73,
        0.75,
        0.77,
        0.76,
        0.74,
        0.76,
        0.76,
        0.66,
        0.79
      ],
      "n_evaluations": 1000000.0,
      "evaluation_type": "function",
      "ess_per_eval": 0.0036560473548189927,
      "time": 5.793214797973633,
      "sigma": 0.0,
      "epsilon": 0.0,
      "n_leapfrog": null,
      "n_warmup": null,
      "target_accept": null,
      "gamma": null,
      "t0": null,
      "kappa": null
    },
    "HMC": {
      "distribution": "Gaussian",
      "tau": 3078.287430683843,
      "tau_std": 912.3737622838298,
      "ess": 324.85595400616944,
      "ess_by_coordinate": [
        1000000.0,
        1000000.0,
        1000000.0,
        974474.2486166436,
        617966.9266125716,
        387829.7285785937,
        247428.69533399845,
        160052.90434127962,
        109739.67449345502,
        72313.89756792603,
        52863.28363446439,
        34571.68987006819,
        25995.141579178024,
        17022.15643716922,
        14179.223280171216,
        9647.90766896878,
        8574.22321383013,
        6525.213214107845,
        4942.4769536656795,
        3449.8994856177887,
        3115.7290308920083,
        1943.387130006687,
        1246.2802011924045,
        1339.7732954361222,
        975.2841757208748,
        554.7389516118708,
        386.1180103453926,
        436.36340608753665,
        564.8521284733947,
        511.8499849624565,
        324.85595400616944,
        446.0720709747396
      ],
      "ess_valid_fraction": [
        1.0,
        1.0,
        1.0,
        1.0,
        1.0,
        1.0,
        1.0,
        1.0,
        1.0,
        1.0,
        1.0,
        1.0,
        1.0,
        1.0,
        1.0,
        0.98,
        0.97,
        0.94,
        0.8,
        0.64,
        0.64,
        0.44,
        0.29,
        0.31,
        0.25,
        0.14,
        0.1,
        0.12,
        0.14,
        0.13,
        0.08,
        0.1
      ],
      "n_evaluations": 3000000.0,
      "evaluation_type": "gradient",
      "ess_per_eval": 0.00010828531800205647,
      "time": 43.33683681488037,
      "sigma": 0.0,
      "epsilon": 4.3947882652282715,
      "n_leapfrog": 2,
      "n_warmup": 1000,
      "target_accept": 0.651,
      "gamma": 0.05,
      "t0": 10,
      "kappa": 0.75
    }
  }
}