{
  "dim": 32,
  "seed": 3,
  "n_samples": 10000,
  "burn_in": 1000,
  "n_thin": 1,
  "n_chains": 100,
  "af": true,
  "initialization_mode": "agnostic",
  "initialization_description": "independent N(0, 2^2) coordinates in the intrinsic Rosenbrock frame",
  "transform_affine": true,
  "overlay_rosenbrock": {
    "a": 1.0,
    "b": 100.0,
    "sigma": 0.7
  },
  "summary": {
    "Dense-mass NUTS": {
      "distribution": "Paired Rosenbrock",
      "tau": 52.58585508267631,
      "tau_std": 9.202182401900334,
      "ess": 19016.52066754043,
      "ess_by_coordinate": [
        49387.19785174989,
        47418.18969930724,
        44522.83372194723,
        43951.51665964664,
        41852.4558792978,
        43081.17016317179,
        41879.43305333911,
        40353.281869193066,
        38853.356097124546,
        37960.04987317864,
        38163.530987568956,
        37178.251149659656,
        36056.433067822305,
        38717.982118948676,
        31904.659973373222,
        33916.2576166385,
        37455.92415913442,
        39780.20331065002,
        28430.774459183835,
        29320.70425805351,
        29049.791515519988,
        31388.04868876362,
        25758.172033024777,
        26244.115942941375,
        25765.720323513193,
        24514.663456601054,
        23809.13857998193,
        23874.353797426083,
        20341.97378381799,
        20208.058014405164,
        20304.568519168497,
        19016.52066754043
      ],
      "ess_valid_fraction": [
        0.99,
        0.99,
        0.99,
        0.99,
        0.99,
        0.99,
        0.99,
        0.99,
        1.0,
        0.99,
        0.97,
        0.97,
        0.96,
        0.97,
        0.96,
        0.99,
        0.99,
        0.99,
        0.98,
        0.98,
        0.96,
        0.97,
        0.96,
        0.97,
        0.97,
        0.96,
        0.96,
        0.96,
        0.95,
        0.94,
        0.92,
        0.94
      ],
      "n_evaluations": 254593255.45454544,
      "evaluation_type": "gradient",
      "ess_per_eval": 7.46937330825545e-05,
      "time": 289.77320766448975,
      "sigma": 0.7,
      "epsilon": 0.005388463381677866,
      "n_leapfrog": 254.59325545454544,
      "n_warmup": 1000,
      "target_accept": 0.8,
      "cond": 3.162
    },
    "Hamiltonian Walk Move": {
      "distribution": "Paired Rosenbrock",
      "tau": 5.94553154306441,
      "tau_std": 0.478940534647447,
      "ess": 168193.5404356775,
      "ess_by_coordinate": [
        213433.02761981034,
        188904.20189071796,
        212746.6724691734,
        176336.2547855958,
        212803.8951624153,
        175070.95511449693,
        215169.38017787598,
        181420.71174639207,
        216121.12082512229,
        175452.84313848618,
        213689.33638572166,
        179968.84255397986,
        212444.96021211866,
        184799.78828518253,
        207283.85250442938,
        172275.05595479353,
        211855.27317337706,
        184237.98722405854,
        209154.50709152693,
        173736.2759037638,
        216219.90855022107,
        177956.1905429237,
        209856.03856347108,
        172376.3396585607,
        215005.96305616136,
        181886.84312423275,
        208225.30561998917,
        174202.37025433307,
        206939.0300154538,
        169410.41258775457,
        202200.5719354371,
        168193.5404356775
      ],
      "ess_valid_fraction": [
        1.0,
        1.0,
        1.0,
        1.0,
        1.0,
        1.0,
        1.0,
        1.0,
        1.0,
        1.0,
        1.0,
        1.0,
        1.0,
        1.0,
        1.0,
        1.0,
        1.0,
        1.0,
        1.0,
        1.0,
        1.0,
        1.0,
        1.0,
        1.0,
        1.0,
        1.0,
        1.0,
        1.0,
        1.0,
        1.0,
        1.0,
        1.0
      ],
      "n_evaluations": 1001000000.0,
      "evaluation_type": "gradient",
      "ess_per_eval": 0.00016802551492075675,
      "time": 686.9566884040833,
      "sigma": 0.7,
      "epsilon": 0.002534666797146201,
      "n_leapfrog": 1000,
      "n_warmup": 1000,
      "target_accept": 0.651,
      "cond": 3.162
    },
    "Stretch Move": {
      "distribution": "Paired Rosenbrock",
      "tau": 4063.2066160742556,
      "tau_std": 655.4311938726945,
      "ess": 246.11103851917062,
      "ess_by_coordinate": [
        465.2407397291645,
        832.7431974506047,
        321.74802768752835,
        461.20113340801674,
        246.11103851917062,
        510.8634047984454,
        468.4898479373183,
        681.7039905424199,
        583.5348441761801,
        819.7413553065967,
        715.9579267113628,
        801.9515837754252,
        505.199271742812,
        802.5913475930093,
        390.4432099072578,
        932.9956694587033,
        631.4366355816411,
        677.5218284844898,
        531.9768570432473,
        1026.9738222661172,
        600.6598315051986,
        1158.3085550358783,
        458.02358836546153,
        736.4502740145734,
        545.3417911305423,
        948.794814557674,
        523.2349838414532,
        907.6961156575255,
        514.2305339071206,
        672.3525849202388,
        706.3602399195588,
        1045.124850621868
      ],
      "ess_valid_fraction": [
        0.12,
        0.18,
        0.09,
        0.12,
        0.06,
        0.12,
        0.11,
        0.14,
        0.14,
        0.19,
        0.15,
        0.2,
        0.13,
        0.18,
        0.1,
        0.22,
        0.15,
        0.17,
        0.14,
        0.21,
        0.15,
        0.25,
        0.11,
        0.16,
        0.13,
        0.21,
        0.13,
        0.21,
        0.13,
        0.18,
        0.17,
        0.22
      ],
      "n_evaluations": 1000000.0,
      "evaluation_type": "function",
      "ess_per_eval": 0.00024611103851917063,
      "time": 4.286996364593506,
      "sigma": 0.7,
      "epsilon": 0.0,
      "n_leapfrog": null,
      "n_warmup": null,
      "target_accept": null,
      "cond": 3.162
    },
    "HMC": {
      "distribution": "Paired Rosenbrock",
      "tau": 384.5622511450935,
      "tau_std": 76.20768312821657,
      "ess": 2600.3592318859833,
      "ess_by_coordinate": [
        7200.55771882744,
        6300.691012880334,
        9160.495042778097,
        7421.736162939472,
        7962.434890784622,
        6725.858231728257,
        6680.1855616872335,
        5331.066008849808,
        6122.418745678181,
        5880.4423703499615,
        5593.883198905273,
        4919.359569485896,
        4528.669060249051,
        4220.129942811583,
        4867.711649863906,
        4549.531563620884,
        4520.877511202956,
        3949.6151221069626,
        4254.217575480208,
        4183.294093751684,
        3494.1501661799757,
        3639.7303273666676,
        3979.7456057685367,
        3695.618435709996,
        3042.9948157082163,
        3086.4669864112448,
        3201.985464393846,
        3441.4853460317054,
        2641.0751025039804,
        2700.660913979528,
        2600.3592318859833,
        3091.981246448515
      ],
      "ess_valid_fraction": [
        0.9,
        0.89,
        0.9,
        0.89,
        0.91,
        0.91,
        0.88,
        0.84,
        0.84,
        0.86,
        0.81,
        0.78,
        0.67,
        0.65,
        0.74,
        0.7,
        0.74,
        0.68,
        0.67,
        0.66,
        0.66,
        0.63,
        0.66,
        0.65,
        0.56,
        0.54,
        0.61,
        0.63,
        0.5,
        0.5,
        0.5,
        0.57
      ],
      "n_evaluations": 33000000.0,
      "evaluation_type": "gradient",
      "ess_per_eval": 7.879876460260555e-05,
      "time": 23.771424293518066,
      "sigma": 0.7,
      "epsilon": 0.025776874274015427,
      "n_leapfrog": 32,
      "n_warmup": 1000,
      "target_accept": 0.651,
      "cond": 3.162
    }
  }
}