{
  "dim": 32,
  "seed": 3,
  "n_samples": 10000,
  "burn_in": 2000,
  "n_thin": 1,
  "n_chains": 100,
  "hwm_walkers_requested": 300,
  "jax_enable_x64": true,
  "af": true,
  "initialization_mode": "agnostic",
  "initialization_description": "independent N(0, 2^2) coordinates in the intrinsic Rosenbrock frame",
  "transform_affine": true,
  "overlay_rosenbrock": {
    "a": 1.0,
    "b": 100.0,
    "sigma": 1.5
  },
  "summary": {
    "Dense-mass NUTS": {
      "distribution": "Paired Rosenbrock",
      "tau": 5.464082157065059,
      "tau_std": 0.45073573403049016,
      "ess": 183013.3536163983,
      "ess_by_coordinate": [
        226620.4333148562,
        184779.46916412507,
        238743.27223687025,
        192507.31916381413,
        235584.24995432002,
        190838.25283218428,
        239677.96844327517,
        200851.73475737756,
        234610.98871508942,
        194344.82555759497,
        234159.942363618,
        194333.9127468011,
        225541.2520654109,
        191591.49949894196,
        242804.95829853453,
        199926.51990325694,
        225869.4317310145,
        189906.97380146416,
        237791.6716300781,
        193727.73785551955,
        219441.5816372204,
        188475.39737077936,
        235535.3758626878,
        200381.299324538,
        211061.13057009882,
        184348.06539501477,
        210451.48653610444,
        183013.3536163983,
        220266.2304733332,
        184295.95388875974,
        223296.1313127146,
        210602.2941943439
      ],
      "ess_valid_fraction": [
        1.0,
        1.0,
        1.0,
        1.0,
        1.0,
        1.0,
        1.0,
        1.0,
        1.0,
        1.0,
        1.0,
        1.0,
        1.0,
        1.0,
        1.0,
        1.0,
        1.0,
        1.0,
        1.0,
        1.0,
        1.0,
        1.0,
        1.0,
        1.0,
        1.0,
        1.0,
        1.0,
        1.0,
        1.0,
        1.0,
        1.0,
        1.0
      ],
      "n_evaluations": 251981328.3333333,
      "evaluation_type": "gradient",
      "ess_per_eval": 0.0007262972809409879,
      "time": 327.57847833633423,
      "sigma": 1.5,
      "epsilon": 0.015907571447963467,
      "n_leapfrog": 251.98132833333332,
      "n_warmup": 2000,
      "target_accept": 0.8,
      "cond": 3.162,
      "mean_mse": 0.0010286974073241625,
      "cov_mse": 0.0017285288822170557,
      "acceptance_rate_mean": 0.8988042680833113,
      "acceptance_rate_min": 0.8402071473378508,
      "acceptance_rate_max": 0.957826694846596,
      "n_divergent": 465,
      "actual_n_chains": 100,
      "diagnostic_draws_per_chain": 200,
      "sample_finite_fraction": 1.0,
      "finite_draw_fraction": 1.0,
      "sample_covariance_rank": 32,
      "sample_covariance_full_rank": true
    },
    "Hamiltonian Walk Move": {
      "distribution": "Paired Rosenbrock",
      "tau": 5.976178826134143,
      "tau_std": 0.9977642130193851,
      "ess": 501993.0104636164,
      "ess_by_coordinate": [
        802267.0717362484,
        533117.8083875921,
        826914.8507161937,
        542454.897336014,
        804875.2834824114,
        509736.5448134055,
        814691.570260244,
        533969.4506152414,
        791828.5426901474,
        515044.63865714264,
        795499.95645617,
        520592.7034916497,
        827934.5578386798,
        525983.5677259055,
        880174.3910497931,
        516843.2604604033,
        831359.1207880443,
        546836.3587205436,
        820938.5640553029,
        549929.8734257967,
        802967.5090966998,
        501993.0104636164,
        801160.3300911919,
        532575.9286863224,
        829705.8345698707,
        555049.8252725459,
        833011.4460013162,
        551984.1889535312,
        796229.2505502322,
        522357.85490832216,
        803046.1008970086,
        537297.6961804016
      ],
      "ess_valid_fraction": [
        0.9933333333333333,
        0.9966666666666667,
        0.9966666666666667,
        0.9966666666666667,
        0.99,
        0.9866666666666667,
        0.9966666666666667,
        0.9966666666666667,
        1.0,
        0.9966666666666667,
        1.0,
        0.9966666666666667,
        0.9933333333333333,
        0.9933333333333333,
        0.9933333333333333,
        0.9933333333333333,
        0.9966666666666667,
        0.9933333333333333,
        0.9933333333333333,
        0.9966666666666667,
        0.9966666666666667,
        0.99,
        1.0,
        0.9966666666666667,
        0.9933333333333333,
        0.9966666666666667,
        0.9933333333333333,
        0.9966666666666667,
        0.9966666666666667,
        0.9966666666666667,
        0.99,
        0.9866666666666667
      ],
      "n_evaluations": 506245000.0,
      "evaluation_type": "gradient",
      "ess_per_eval": 0.0009916009253693695,
      "time": 222.71786212921143,
      "sigma": 1.5,
      "epsilon": 0.02118805995305095,
      "n_leapfrog": 167.74833333333333,
      "n_warmup": 2000,
      "target_accept": 0.651,
      "cond": 3.162,
      "mean_mse": 0.0003706323023783003,
      "cov_mse": 0.001598816768822606,
      "acceptance_rate_mean": 0.6440397222222222,
      "acceptance_rate_min": 0.6440397222222222,
      "acceptance_rate_max": 0.6440397222222222,
      "n_divergent": null,
      "actual_n_chains": 300,
      "diagnostic_draws_per_chain": 200,
      "sample_finite_fraction": 1.0,
      "finite_draw_fraction": 1.0,
      "sample_covariance_rank": 32,
      "sample_covariance_full_rank": true
    },
    "Stretch Move": {
      "distribution": "Paired Rosenbrock",
      "tau": 3545.537440844146,
      "tau_std": 674.1187095619649,
      "ess": 282.0446876346941,
      "ess_by_coordinate": [
        519.8806918111793,
        951.1858647254209,
        339.2852977624904,
        776.0617747910513,
        563.6412580264176,
        968.988849757914,
        518.1686032903186,
        768.9108873623288,
        564.7637064842849,
        1251.5231289604806,
        744.8565507372623,
        1002.6185116960509,
        516.5187890990837,
        913.3197048872465,
        452.0573568911448,
        600.5579748416649,
        349.7594810277641,
        619.4077809976104,
        326.870049941292,
        282.0446876346941,
        499.4082488325057,
        410.4473564698767,
        431.32265621742675,
        904.558322520771,
        691.1509089959452,
        891.5419016535026,
        661.2146480421275,
        989.1358985904046,
        677.4955930131111,
        801.7899061963363,
        591.0761328713886,
        951.5103763960037
      ],
      "ess_valid_fraction": [
        0.14,
        0.2,
        0.09,
        0.18,
        0.14,
        0.22,
        0.12,
        0.18,
        0.14,
        0.27,
        0.16,
        0.23,
        0.14,
        0.2,
        0.11,
        0.16,
        0.09,
        0.14,
        0.07,
        0.07,
        0.13,
        0.1,
        0.11,
        0.21,
        0.17,
        0.23,
        0.17,
        0.22,
        0.16,
        0.18,
        0.14,
        0.21
      ],
      "n_evaluations": 1000000.0,
      "evaluation_type": "function",
      "ess_per_eval": 0.00028204468763469415,
      "time": 9.549775838851929,
      "sigma": 1.5,
      "epsilon": 0.0,
      "n_leapfrog": null,
      "n_warmup": null,
      "target_accept": null,
      "cond": 3.162,
      "mean_mse": 4.336828571960128,
      "cov_mse": 0.9623421758436999,
      "acceptance_rate_mean": 0.17468666666666663,
      "acceptance_rate_min": 0.14316666666666666,
      "acceptance_rate_max": 0.20591666666666666,
      "n_divergent": null,
      "actual_n_chains": 100,
      "diagnostic_draws_per_chain": 200,
      "sample_finite_fraction": 1.0,
      "finite_draw_fraction": 1.0,
      "sample_covariance_rank": 32,
      "sample_covariance_full_rank": true
    },
    "HMC": {
      "distribution": "Paired Rosenbrock",
      "tau": 3611.855384326709,
      "tau_std": 652.8452969399501,
      "ess": 276.86601305783216,