{
  "dim": 32,
  "seed": 0,
  "n_samples": 10000,
  "burn_in": 1000,
  "n_thin": 1,
  "n_chains": 100,
  "cond": 3.162,
  "af": true,
  "transform_affine": true,
  "summary": {
    "Dense-mass NUTS": {
      "distribution": "Gaussian",
      "tau": 1.0011757779865862,
      "tau_std": 0.0002484035623455262,
      "ess": 998825.6028437376,
      "ess_by_coordinate": [
        1000000.0,
        1000000.0,
        1000000.0,
        1000000.0,
        1000000.0,
        1000000.0,
        1000000.0,
        1000000.0,
        1000000.0,
        1000000.0,
        1000000.0,
        1000000.0,
        1000000.0,
        1000000.0,
        1000000.0,
        1000000.0,
        1000000.0,
        1000000.0,
        1000000.0,
        1000000.0,
        1000000.0,
        1000000.0,
        999152.1013723928,
        1000000.0,
        1000000.0,
        1000000.0,
        1000000.0,
        1000000.0,
        1000000.0,
        1000000.0,
        1000000.0,
        998825.6028437376
      ],
      "ess_valid_fraction": [
        1.0,
        1.0,
        1.0,
        1.0,
        1.0,
        1.0,
        1.0,
        1.0,
        1.0,
        1.0,
        1.0,
        1.0,
        1.0,
        1.0,
        1.0,
        1.0,
        1.0,
        1.0,
        1.0,
        1.0,
        1.0,
        1.0,
        1.0,
        1.0,
        1.0,
        1.0,
        1.0,
        1.0,
        1.0,
        1.0,
        1.0,
        1.0
      ],
      "n_evaluations": 7058730.909090909,
      "evaluation_type": "gradient",
      "ess_per_eval": 0.14150215041592737,
      "time": 33.32512903213501,
      "sigma": 0.0,
      "epsilon": 0.5598013401031494,
      "n_leapfrog": 7.058730909090909,
      "n_warmup": 1000,
      "target_accept": 0.8,
      "gamma": 0.05,
      "t0": 10,
      "kappa": 0.75
    },
    "Hamiltonian Walk Move": {
      "distribution": "Gaussian",
      "tau": 1.2604547492065608,
      "tau_std": 0.0077435519351641766,
      "ess": 793364.4588427205,
      "ess_by_coordinate": [
        806596.4363105833,
        812956.8986266153,
        797439.4420023737,
        806372.8770553434,
        813253.6617280155,
        799325.3373096919,
        800176.1898790979,
        808745.107719832,
        807406.5530953965,
        801239.0593468013,
        802003.096886183,
        796982.1545157887,
        813887.4981195823,
        804218.9249404247,
        805727.9383085179,
        807416.1201444285,
        809500.5499781193,
        811569.6405545761,
        806232.8914235944,
        804952.438132652,
        800265.7873479414,
        801138.6764991379,
        798143.711668557,
        803398.166164879,
        807300.546823184,
        803835.9973653881,
        803966.7850340571,
        803494.2972993393,
        801147.6601390826,
        793364.4588427205,
        810049.086707626,
        810134.8177466554
      ],
      "ess_valid_fraction": [
        1.0,
        1.0,
        1.0,
        1.0,
        1.0,
        1.0,
        1.0,
        1.0,
        1.0,
        1.0,
        1.0,
        1.0,
        1.0,
        1.0,
        1.0,
        1.0,
        1.0,
        1.0,
        1.0,
        1.0,
        1.0,
        1.0,
        1.0,
        1.0,
        1.0,
        1.0,
        1.0,
        1.0,
        1.0,
        1.0,
        1.0,
        1.0
      ],
      "n_evaluations": 10000000.0,
      "evaluation_type": "gradient",
      "ess_per_eval": 0.07933644588427205,
      "time": 22.911506414413452,
      "sigma": 0.0,
      "epsilon": 0.6399437189102173,
      "n_leapfrog": 9,
      "n_warmup": 1000,
      "target_accept": 0.651,
      "gamma": 0.05,
      "t0": 10,
      "kappa": 0.75
    },
    "Stretch Move": {
      "distribution": "Gaussian",
      "tau": 261.4672238106153,
      "tau_std": 17.125561666303035,
      "ess": 3824.571146723596,
      "ess_by_coordinate": [
        5130.025231573553,
        3837.320064171226,
        4454.782781427588,
        4357.101676400859,
        4690.727318180532,
        4990.527719901688,
        3986.5402056121357,
        4342.4424134597675,
        5066.765384469428,
        4515.067055770314,
        4305.824709504904,
        4660.978690710924,
        4486.60978962994,
        4450.656533339343,
        3993.734601049118,
        4228.779036370466,
        4229.133764001228,
        4702.552591552432,
        4769.828897956137,
        4494.183248489347,
        4498.920441386581,
        4496.137899621295,
        4699.02814246146,
        4521.080693516649,
        4149.7844161763505,
        4801.217664275712,
        3886.311014252936,
        4556.105674416726,
        4475.452281967588,
        4866.252225357294,
        3824.571146723596,
        4381.697276872772
      ],
      "ess_valid_fraction": [
        0.8,
        0.72,
        0.77,
        0.74,
        0.76,
        0.83,
        0.76,
        0.74,
        0.85,
        0.76,
        0.79,
        0.78,
        0.75,
        0.72,
        0.73,
        0.74,
        0.75,
        0.79,
        0.81,
        0.78,
        0.78,
        0.77,
        0.79,
        0.75,
        0.71,
        0.78,
        0.69,
        0.77,
        0.73,
        0.85,
        0.65,
        0.77
      ],
      "n_evaluations": 1000000.0,
      "evaluation_type": "function",
      "ess_per_eval": 0.003824571146723596,
      "time": 5.772595167160034,
      "sigma": 0.0,
      "epsilon": 0.0,
      "n_leapfrog": null,
      "n_warmup": null,
      "target_accept": null,
      "gamma": null,
      "t0": null,
      "kappa": null
    },
    "HMC": {
      "distribution": "Gaussian",
      "tau": 5.714853171145449,
      "tau_std": 1.4125271229173109,
      "ess": 174982.6233592571,
      "ess_by_coordinate": [
        1000000.0,
        1000000.0,
        1000000.0,
        1000000.0,
        1000000.0,
        1000000.0,
        1000000.0,
        1000000.0,
        1000000.0,
        1000000.0,
        1000000.0,
        1000000.0,
        988745.6556701596,
        942450.0528880794,
        861108.6424448503,
        770307.4366475448,
        685506.2276596572,
        626164.2341341992,
        565781.2471564008,
        514616.49448504933,
        472985.9777941278,
        424963.0705355082,
        390501.0680493585,
        352694.7387728301,
        326913.95447745477,
        300244.298173707,
        268167.51693528116,
        245452.19388878415,
        225260.43189664147,
        207871.20359208778,
        195746.9616652625,
        174982.6233592571
      ],
      "ess_valid_fraction": [
        1.0,
        1.0,
        1.0,
        1.0,
        1.0,
        1.0,
        1.0,
        1.0,
        1.0,
        1.0,
        1.0,
        1.0,
        1.0,
        1.0,
        1.0,
        1.0,
        1.0,
        1.0,
        1.0,
        1.0,
        1.0,
        1.0,
        1.0,
        1.0,
        1.0,
        1.0,
        1.0,
        1.0,
        1.0,
        1.0,
        1.0,
        1.0
      ],
      "n_evaluations": 4000000.0,
      "evaluation_type": "gradient",
      "ess_per_eval": 0.043745655839814275,
      "time": 12.826680183410645,
      "sigma": 0.0,
      "epsilon": 3.251176595687866,
      "n_leapfrog": 3,
      "n_warmup": 1000,
      "target_accept": 0.651,
      "gamma": 0.05,
      "t0": 10,
      "kappa": 0.75
    }
  }
}