{
  "dim": 32,
  "seed": 3,
  "n_samples": 10000,
  "burn_in": 1000,
  "n_thin": 1,
  "n_chains": 100,
  "af": true,
  "initialization_mode": "agnostic",
  "initialization_description": "independent N(0, 2^2) coordinates in the intrinsic Rosenbrock frame",
  "transform_affine": true,
  "overlay_rosenbrock": {
    "a": 1.0,
    "b": 100.0,
    "sigma": 0.7
  },
  "summary": {
    "Dense-mass NUTS": {
      "distribution": "Paired Rosenbrock",
      "tau": 30748.964279961536,
      "tau_std": 5917.091530000035,
      "ess": 32.52142058819455,
      "ess_by_coordinate": [
        104.0829253891061,
        199.29657686731443,
        209.4981689341405,
        247.81344919184738,
        96.38763055688804,
        167.25682996544106,
        193.9140631141617,
        288.73823968415593,
        103.86443049282997,
        117.42195727671373,
        69.86440319097122,
        204.42437739727876,
        32.52142058819455,
        43.69477667915118,
        62.032693399505035,
        209.35062432283635,
        164.7166114009107,
        100.50024649866762,
        414.41271094271826,
        344.5383299258589,
        507.51577790260706,
        110.40725754063047,
        137.26654832906442,
        135.0533376113018,
        186.3140660462474,
        224.11176599680684,
        248.1712844536112,
        329.3199884854947,
        171.94923653627728,
        158.69052379098545,
        174.28705352273457,
        156.42043442857187
      ],
      "ess_valid_fraction": [
        0.03,
        0.04,
        0.06,
        0.06,
        0.03,
        0.05,
        0.05,
        0.07,
        0.03,
        0.03,
        0.02,
        0.06,
        0.01,
        0.01,
        0.02,
        0.06,
        0.04,
        0.03,
        0.11,
        0.09,
        0.13,
        0.03,
        0.03,
        0.04,
        0.05,
        0.05,
        0.06,
        0.08,
        0.04,
        0.05,
        0.04,
        0.04
      ],
      "n_evaluations": 255000000.0,
      "evaluation_type": "gradient",
      "ess_per_eval": 1.2753498269880215e-07,
      "time": 287.6994626522064,
      "sigma": 0.7,
      "epsilon": 0.0006624150555580854,
      "n_leapfrog": 255.0,
      "n_warmup": 1000,
      "target_accept": 0.8,
      "cond": 500
    },
    "Hamiltonian Walk Move": {
      "distribution": "Paired Rosenbrock",
      "tau": 5981.962557704229,
      "tau_std": 1046.7151571771599,
      "ess": 167.16921751910502,
      "ess_by_coordinate": [
        898.2429601616911,
        466.3027060862854,
        552.6395827311297,
        275.4133494855802,
        537.1843008429099,
        321.3544369451024,
        664.0302151481643,
        512.5122298208934,
        560.6938335863902,
        220.32358986518187,
        438.91026705545636,
        337.5400196967929,
        254.3415964418432,
        419.75768436027965,
        363.4283666104892,
        454.8494410061496,
        167.16921751910502,
        210.99601176932646,
        212.73293245411585,
        464.2243095183685,
        284.04072647675434,
        326.4599331265979,
        308.01021764816744,
        316.2772166314032,
        345.8250494077748,
        358.19223338226044,
        355.6752282122869,
        619.8435752335536,
        454.74986896285543,
        345.6932342328672,
        341.10779314110016,
        326.9958555861012
      ],
      "ess_valid_fraction": [
        0.22,
        0.12,
        0.13,
        0.07,
        0.14,
        0.08,
        0.17,
        0.13,
        0.15,
        0.06,
        0.12,
        0.07,
        0.07,
        0.11,
        0.1,
        0.12,
        0.04,
        0.06,
        0.06,
        0.12,
        0.07,
        0.08,
        0.08,
        0.07,
        0.09,
        0.1,
        0.1,
        0.16,
        0.12,
        0.09,
        0.1,
        0.09
      ],
      "n_evaluations": 1001000000.0,
      "evaluation_type": "gradient",
      "ess_per_eval": 1.6700221530380122e-07,
      "time": 684.192120552063,
      "sigma": 0.7,
      "epsilon": 1.8131009937860654e-07,
      "n_leapfrog": 1000,
      "n_warmup": 1000,
      "target_accept": 0.651,
      "cond": 500
    },
    "Stretch Move": {
      "distribution": "Paired Rosenbrock",
      "tau": 4063.2066160073214,
      "tau_std": 655.4311938637852,
      "ess": 246.11103852322486,
      "ess_by_coordinate": [
        465.2407397354805,
        832.7431974358129,
        321.7480276881708,
        461.20113340811713,
        246.11103852322486,
        510.8634047979942,
        468.48984793620843,
        681.7039905488734,
        583.5348441761182,
        819.7413553073909,
        715.9579267107947,
        801.951583775858,
        505.1992717413759,
        802.5913475930417,
        390.4432099079214,
        932.9956694593279,
        631.4366355815805,
        677.521828484367,
        531.9768570432811,
        1026.9738222658893,
        600.6598315052854,
        1158.3085550360258,
        458.0235883655431,
        736.4502740145501,
        545.3417911305586,
        948.7948145574643,
        523.2349838416036,
        907.6961156576151,
        514.230533907161,
        672.3525849201383,
        706.360239919617,
        1045.1248506218983
      ],
      "ess_valid_fraction": [
        0.12,
        0.18,
        0.09,
        0.12,
        0.06,
        0.12,
        0.11,
        0.14,
        0.14,
        0.19,
        0.15,
        0.2,
        0.13,
        0.18,
        0.1,
        0.22,
        0.15,
        0.17,
        0.14,
        0.21,
        0.15,
        0.25,
        0.11,
        0.16,
        0.13,
        0.21,
        0.13,
        0.21,
        0.13,
        0.18,
        0.17,
        0.22
      ],
      "n_evaluations": 1000000.0,
      "evaluation_type": "function",
      "ess_per_eval": 0.00024611103852322484,
      "time": 4.268434524536133,
      "sigma": 0.7,
      "epsilon": 0.0,
      "n_leapfrog": null,
      "n_warmup": null,
      "target_accept": null,
      "cond": 500
    },
    "HMC": {
      "distribution": "Paired Rosenbrock",
      "tau": 4112.206249734769,
      "tau_std": 981.4357086690279,
      "ess": 243.17846413090263,
      "ess_by_coordinate": [
        1410.9751813435973,
        1326.6084422958188,
        1060.1230904226973,
        1087.9208447632366,
        781.6468656541429,
        894.6228793729608,
        831.3213563871362,
        945.9681226689693,
        646.7344821844298,
        1242.7770095007877,
        362.5891358236056,
        836.7896322385808,
        331.5262155061971,
        973.2389471064085,
        678.1265893483693,
        880.500096344015,
        361.6244548429328,
        453.4851416284074,
        625.8591243399404,
        689.9247779477208,
        558.5396648988852,
        243.17846413090263,
        382.1313624757882,
        391.2660137282626,
        511.9319563513967,
        433.57361439212605,
        310.08577493907774,
        281.35749590838196,
        244.6265099700115,
        313.1873825312934,
        418.31257697235327,
        378.2829648047363
      ],
      "ess_valid_fraction": [
        0.33,
        0.32,
        0.25,
        0.25,
        0.19,
        0.21,
        0.2,
        0.21,
        0.16,
        0.24,
        0.09,
        0.21,
        0.08,
        0.21,
        0.16,
        0.2,
        0.08,
        0.12,
        0.16,
        0.16,
        0.14,
        0.07,
        0.11,
        0.11,
        0.14,
        0.12,
        0.08,
        0.07,
        0.05,
        0.09,
        0.11,
        0.1
      ],
      "n_evaluations": 1001000000.0,
      "evaluation_type": "gradient",
      "ess_per_eval": 2.429355286023003e-07,
      "time": 344.65719175338745,
      "sigma": 0.7,
      "epsilon": 7.30451283743605e-05,
      "n_leapfrog": 1000,
      "n_warmup": 1000,
      "target_accept": 0.651,
      "cond": 500
    }
  }
}