{
  "dim": 32,
  "seed": 4,
  "n_samples": 10000,
  "burn_in": 2000,
  "n_thin": 1,
  "n_chains": 100,
  "hwm_walkers_requested": 300,
  "jax_enable_x64": true,
  "af": true,
  "initialization_mode": "agnostic",
  "initialization_description": "independent N(0, 2^2) coordinates in the intrinsic Rosenbrock frame",
  "transform_affine": true,
  "overlay_rosenbrock": {
    "a": 1.0,
    "b": 100.0,
    "sigma": 1.5
  },
  "summary": {
    "Dense-mass NUTS": {
      "distribution": "Paired Rosenbrock",
      "tau": 95.56576633005672,
      "tau_std": 22.82076070293199,
      "ess": 10463.99812822394,
      "ess_by_coordinate": [
        295034.94867571734,
        232823.25287787398,
        306430.07431916613,
        234495.29173211698,
        286107.92712530016,
        217510.77516147748,
        286329.0407873298,
        217970.28876669114,
        274683.8776356177,
        225401.09705427714,
        257259.82489129558,
        201563.2460173915,
        238131.0001307054,
        189989.54679168115,
        204563.4579935017,
        159724.73440645498,
        167260.1317217968,
        133341.12850292426,
        137379.15296209973,
        113251.1942834367,
        110390.18132215115,
        88497.79949260267,
        68992.26988317343,
        54944.06354957009,
        48637.42290718708,
        40074.42876028655,
        28159.089217117828,
        24615.69944464162,
        18453.010804347596,
        16468.955360495755,
        13653.558204543839,
        10463.99812822394
      ],
      "ess_valid_fraction": [
        1.0,
        1.0,
        1.0,
        1.0,
        1.0,
        1.0,
        1.0,
        1.0,
        1.0,
        1.0,
        1.0,
        1.0,
        1.0,
        1.0,
        1.0,
        1.0,
        1.0,
        1.0,
        1.0,
        1.0,
        1.0,
        1.0,
        0.99,
        0.99,
        0.98,
        0.97,
        0.98,
        0.95,
        0.93,
        0.9,
        0.8,
        0.79
      ],
      "n_evaluations": 253068897.5,
      "evaluation_type": "gradient",
      "ess_per_eval": 4.134841630715976e-05,
      "time": 342.07278275489807,
      "sigma": 1.5,
      "epsilon": 0.014701478417646057,
      "n_leapfrog": 253.0688975,
      "n_warmup": 2000,
      "target_accept": 0.8,
      "cond": 316.2,
      "mean_mse": 0.001424844698377053,
      "cov_mse": 0.002088018673938339,
      "acceptance_rate_mean": 0.8896869635929474,
      "acceptance_rate_min": 0.6834322937920498,
      "acceptance_rate_max": 0.9531127722717776,
      "n_divergent": 2055,
      "actual_n_chains": 100,
      "diagnostic_draws_per_chain": 200,
      "sample_finite_fraction": 1.0,
      "finite_draw_fraction": 1.0,
      "sample_covariance_rank": 32,
      "sample_covariance_full_rank": true
    },
    "Hamiltonian Walk Move": {
      "distribution": "Paired Rosenbrock",
      "tau": 5.131129458701093,
      "tau_std": 1.0894366576317414,
      "ess": 584666.5971198138,
      "ess_by_coordinate": [
        1043883.2382633353,
        601608.9256781962,
        1064526.8773571388,
        608773.5424414648,
        1080152.1367525496,
        603440.4611168324,
        1070326.3956243368,
        603010.4628571173,
        1076495.2046631672,
        608240.6517699551,
        1068747.9368275495,
        584783.5335990479,
        1087562.7981348247,
        602013.1919703146,
        1046939.8905537071,
        584666.5971198138,
        1116582.7831468193,
        627802.3835551076,
        1091163.6584395831,
        617191.2921292856,
        1141366.9931145082,
        614780.3624693995,
        1068764.0438168487,
        606589.6836618404,
        1063113.050073033,
        602929.1082433407,
        1052797.7949476708,
        599706.1980614115,
        1090400.3961168982,
        610862.0086291439,
        1091602.2318553033,
        609630.9992708669
      ],
      "ess_valid_fraction": [
        0.9966666666666667,
        0.9966666666666667,
        1.0,
        0.9966666666666667,
        1.0,
        1.0,
        1.0,
        1.0,
        1.0,
        1.0,
        0.9966666666666667,
        1.0,
        1.0,
        1.0,
        1.0,
        1.0,
        1.0,
        0.9966666666666667,
        0.9966666666666667,
        0.9966666666666667,
        1.0,
        1.0,
        1.0,
        1.0,
        0.9933333333333333,
        1.0,
        0.9966666666666667,
        0.9966666666666667,
        1.0,
        1.0,
        1.0,
        0.9966666666666667
      ],
      "n_evaluations": 879910500.0,
      "evaluation_type": "gradient",
      "ess_per_eval": 0.0006644614391120617,
      "time": 325.40022802352905,
      "sigma": 1.5,
      "epsilon": 0.020916322001051355,
      "n_leapfrog": 292.3035,
      "n_warmup": 2000,
      "target_accept": 0.651,
      "cond": 316.2,
      "mean_mse": 0.0005191794858898846,
      "cov_mse": 0.003240427085207426,
      "acceptance_rate_mean": 0.6440027777777777,
      "acceptance_rate_min": 0.6440027777777777,
      "acceptance_rate_max": 0.6440027777777777,
      "n_divergent": null,
      "actual_n_chains": 300,
      "diagnostic_draws_per_chain": 200,
      "sample_finite_fraction": 1.0,
      "finite_draw_fraction": 1.0,
      "sample_covariance_rank": 32,
      "sample_covariance_full_rank": true
    },
    "Stretch Move": {
      "distribution": "Paired Rosenbrock",
      "tau": 3939.646564049774,
      "tau_std": 626.3267431178281,
      "ess": 253.8298762953107,
      "ess_by_coordinate": [
        485.5335928549053,
        1146.889998793122,
        502.8385775437474,
        780.2243006088944,
        556.5721145045533,
        1274.27984144862,
        656.3281306273988,
        1272.0497213140782,
        656.7139971136237,
        918.2857524122406,
        843.97730587546,
        1122.4011721638772,
        413.4215860543921,
        1010.1345165465303,
        468.23844324656534,
        991.7433941496224,
        551.1004772643438,
        728.324474059492,
        253.8298762953107,
        783.015431160248,
        514.5429228867489,
        812.8992109084104,
        483.6602067466106,
        776.6147488233678,
        439.63556211312414,
        737.8020744423325,
        611.326502618549,
        635.0822498469593,
        570.4994544057871,
        1245.4235242445557,
        703.3212498566227,
        502.65875433175773
      ],
      "ess_valid_fraction": [
        0.12,
        0.26,
        0.13,
        0.17,
        0.12,
        0.26,
        0.15,
        0.3,
        0.14,
        0.2,
        0.23,
        0.27,
        0.11,
        0.2,
        0.1,
        0.19,
        0.13,
        0.18,
        0.06,
        0.17,
        0.12,
        0.2,
        0.11,
        0.19,
        0.12,
        0.15,
        0.15,
        0.13,
        0.15,
        0.29,
        0.18,
        0.13
      ],
      "n_evaluations": 1000000.0,
      "evaluation_type": "function",
      "ess_per_eval": 0.0002538298762953107,
      "time": 4.701099395751953,
      "sigma": 1.5,
      "epsilon": 0.0,
      "n_leapfrog": null,
      "n_warmup": null,
      "target_accept": null,
      "cond": 316.2,
      "mean_mse": 4.4089233137460395,
      "cov_mse": 0.9659677701880579,
      "acceptance_rate_mean": 0.17320666666666668,
      "acceptance_rate_min": 0.1355,
      "acceptance_rate_max": 0.21475,
      "n_divergent": null,
      "actual_n_chains": 100,
      "diagnostic_draws_per_chain": 200,
      "sample_finite_fraction": 1.0,
      "finite_draw_fraction": 1.0,
      "sample_covariance_rank": 32,
      "sample_covariance_full_rank": true
    },
    "HMC": {
      "distribution": "Paired Rosenbrock",
      "tau": 3517.4016857998054,
      "tau_std": 830.2056353688658,
      "ess": 284.30076781879256,