{
  "dim": 32,
  "seed": 4,
  "n_samples": 10000,
  "burn_in": 1000,
  "n_thin": 1,
  "n_chains": 100,
  "af": true,
  "initialization_mode": "agnostic",
  "initialization_description": "independent N(0, 2^2) coordinates in the intrinsic Rosenbrock frame",
  "transform_affine": true,
  "overlay_rosenbrock": {
    "a": 1.0,
    "b": 100.0,
    "sigma": 0.7
  },
  "summary": {
    "Dense-mass NUTS": {
      "distribution": "Paired Rosenbrock",
      "tau": 9349.356081489628,
      "tau_std": 1599.621554290092,
      "ess": 106.95923775754517,
      "ess_by_coordinate": [
        193.37770628710146,
        229.5752351689959,
        295.908127510016,
        148.71735233259105,
        204.46664707266024,
        237.984787391974,
        280.0409637358362,
        248.01175460621647,
        304.8899825432291,
        162.54372749103038,
        330.325465566443,
        163.98402792820355,
        348.4594601424115,
        216.392328840818,
        141.89233907023453,
        300.082751533097,
        130.36215765312073,
        193.7789530833327,
        244.83384773383833,
        165.91782477932887,
        228.10550670881128,
        381.53640913420577,
        146.26492787729248,
        218.6842353523249,
        288.4345995970484,
        193.8648051480501,
        271.5192315692357,
        183.45997725283468,
        125.05230170860915,
        212.7709537041781,
        224.895674826126,
        106.95923775754517
      ],
      "ess_valid_fraction": [
        0.05,
        0.06,
        0.08,
        0.04,
        0.05,
        0.06,
        0.07,
        0.07,
        0.07,
        0.04,
        0.09,
        0.04,
        0.09,
        0.05,
        0.03,
        0.07,
        0.03,
        0.04,
        0.06,
        0.05,
        0.05,
        0.09,
        0.04,
        0.06,
        0.08,
        0.05,
        0.06,
        0.05,
        0.03,
        0.05,
        0.05,
        0.03
      ],
      "n_evaluations": 255000000.0,
      "evaluation_type": "gradient",
      "ess_per_eval": 4.194479912060595e-07,
      "time": 1013.376047372818,
      "sigma": 0.7,
      "epsilon": 0.0003534998104441911,
      "n_leapfrog": 255.0,
      "n_warmup": 1000,
      "target_accept": 0.8,
      "cond": 316.2
    },
    "Hamiltonian Walk Move": {
      "distribution": "Paired Rosenbrock",
      "tau": 9199.932966689763,
      "tau_std": 1421.1624776412311,
      "ess": 108.6964441611373,
      "ess_by_coordinate": [
        523.6731201628155,
        362.19727301174447,
        622.9556181981802,
        380.76321497495115,
        614.7485302150933,
        286.5370686578764,
        290.738655890511,
        240.44252819509614,
        269.64061903008144,
        394.0847069966405,
        322.2340747286151,
        448.9210672403422,
        244.0089960334146,
        553.2830160290172,
        465.24582765088303,
        462.4667921439666,
        459.18693216660597,
        369.7132911470165,
        427.91055424550507,
        546.2646507826965,
        316.5809680677198,
        327.1907633157666,
        548.6199914360737,
        444.00188925035525,
        291.55120743001106,
        108.6964441611373,
        434.325965943329,
        456.7223124934523,
        203.9189936090969,
        228.7073896234075,
        510.18158255333543,
        586.3398048845471
      ],
      "ess_valid_fraction": [
        0.13,
        0.08,
        0.16,
        0.11,
        0.16,
        0.08,
        0.08,
        0.06,
        0.07,
        0.1,
        0.09,
        0.12,
        0.06,
        0.14,
        0.12,
        0.11,
        0.12,
        0.1,
        0.12,
        0.13,
        0.08,
        0.09,
        0.13,
        0.1,
        0.08,
        0.03,
        0.1,
        0.11,
        0.05,
        0.06,
        0.13,
        0.14
      ],
      "n_evaluations": 1001000000.0,
      "evaluation_type": "gradient",
      "ess_per_eval": 1.0858785630483247e-07,
      "time": 3543.2216482162476,
      "sigma": 0.7,
      "epsilon": 2.8122755679760303e-07,
      "n_leapfrog": 1000,
      "n_warmup": 1000,
      "target_accept": 0.651,
      "cond": 316.2
    },
    "Stretch Move": {
      "distribution": "Paired Rosenbrock",
      "tau": 3005.5321231413404,
      "tau_std": 634.8103853066584,
      "ess": 332.7197843937246,
      "ess_by_coordinate": [
        510.05133471803634,
        1048.2006624082935,
        516.6280567280774,
        984.0687155669683,
        394.19275232433665,
        431.43797388557743,
        567.9527875237735,
        949.1048948635945,
        1006.8988878193804,
        1359.640709589365,
        377.22006991528565,
        598.5310798962612,
        332.7197843937246,
        377.16915031252,
        501.02155006311403,
        1424.4116454059053,
        415.21030931382336,
        970.3066703999573,
        418.4976291016993,
        938.4456595429148,
        738.098765864815,
        546.168298135494,
        418.74110671571333,
        645.8872391662305,
        766.6621084114156,
        895.2577765045162,
        415.7703019291315,
        860.204079572465,
        722.519519436085,
        859.9165765101011,
        724.3906781350888,
        573.350348747125
      ],
      "ess_valid_fraction": [
        0.14,
        0.25,
        0.14,
        0.22,
        0.1,
        0.1,
        0.14,
        0.21,
        0.25,
        0.3,
        0.09,
        0.15,
        0.09,
        0.1,
        0.12,
        0.32,
        0.09,
        0.21,
        0.1,
        0.19,
        0.18,
        0.12,
        0.09,
        0.16,
        0.18,
        0.2,
        0.11,
        0.2,
        0.18,
        0.18,
        0.15,
        0.15
      ],
      "n_evaluations": 1000000.0,
      "evaluation_type": "function",
      "ess_per_eval": 0.0003327197843937246,
      "time": 4.532383680343628,
      "sigma": 0.7,
      "epsilon": 0.0,
      "n_leapfrog": null,
      "n_warmup": null,
      "target_accept": null,
      "cond": 316.2
    },
    "HMC": {
      "distribution": "Paired Rosenbrock",
      "tau": 3311.0432194286764,
      "tau_std": 903.4812218912341,
      "ess": 302.01961548920855,
      "ess_by_coordinate": [
        4402.739320646896,
        3802.1006653221143,
        2792.562252228726,
        3063.6991624325356,
        1633.3760855735065,
        1948.165688372307,
        1569.8558689271304,
        1661.5991063782287,
        1401.9162452073326,
        1449.9684216455025,
        1047.345870712512,
        1998.227471706628,
        819.8258782125725,
        1131.0339002041255,
        543.9410728553755,
        1286.1506443437388,
        525.293609890927,
        844.0282974822774,
        493.97045545861045,
        1060.7266322967716,
        638.479104320979,
        786.1633652400985,
        464.3260652801919,
        659.0659020064668,
        302.01961548920855,
        397.8421621712165,
        447.5561464827189,
        395.7090023650289,
        326.5781816577087,
        407.10558420744536,
        515.863004655214,
        314.27854876759847
      ],
      "ess_valid_fraction": [
        0.73,
        0.63,
        0.52,
        0.54,
        0.31,
        0.34,
        0.3,
        0.32,
        0.29,
        0.32,
        0.23,
        0.44,
        0.19,
        0.24,
        0.15,
        0.29,
        0.14,
        0.2,
        0.14,
        0.24,
        0.17,
        0.19,
        0.12,
        0.17,
        0.09,
        0.09,
        0.11,
        0.1,
        0.08,
        0.11,
        0.13,
        0.09
      ],
      "n_evaluations": 1001000000.0,
      "evaluation_type": "gradient",
      "ess_per_eval": 3.017178975916169e-07,
      "time": 369.16901659965515,
      "sigma": 0.7,
      "epsilon": 0.0004752391541842371,
      "n_leapfrog": 1000,
      "n_warmup": 1000,
      "target_accept": 0.651,
      "cond": 316.2
    }
  }
}