{
  "dim": 32,
  "seed": 3,
  "n_samples": 10000,
  "burn_in": 2000,
  "n_thin": 1,
  "n_chains": 100,
  "hwm_walkers_requested": 300,
  "jax_enable_x64": true,
  "af": true,
  "initialization_mode": "agnostic",
  "initialization_description": "independent N(0, 2^2) coordinates in the intrinsic Rosenbrock frame",
  "transform_affine": true,
  "overlay_rosenbrock": {
    "a": 1.0,
    "b": 100.0,
    "sigma": 1.5
  },
  "summary": {
    "Dense-mass NUTS": {
      "distribution": "Paired Rosenbrock",
      "tau": 5.278337836186608,
      "tau_std": 0.4414809039765557,
      "ess": 189453.58009188378,
      "ess_by_coordinate": [
        251926.18417457215,
        212058.7980676109,
        230036.533444623,
        195115.89254550834,
        239422.0049770781,
        200716.22593757758,
        239539.8536502605,
        198087.31521458272,
        233530.50420267484,
        197041.89980222983,
        241499.95846249588,
        212676.35004691398,
        235050.51134480635,
        189846.35758065712,
        234856.0280039799,
        191797.26363081686,
        244130.69908428585,
        210100.37687960736,
        237161.6265732268,
        195903.12779144067,
        249254.11608827725,
        201815.61077501407,
        230973.22569477075,
        193182.07276310725,
        238354.66893371943,
        194483.32872023006,
        221060.81844254286,
        189453.58009188378,
        247606.51278918068,
        205748.65904847218,
        242524.5374273464,
        204612.77784189928
      ],
      "ess_valid_fraction": [
        1.0,
        1.0,
        1.0,
        1.0,
        1.0,
        1.0,
        1.0,
        1.0,
        1.0,
        1.0,
        1.0,
        1.0,
        1.0,
        1.0,
        1.0,
        1.0,
        1.0,
        1.0,
        1.0,
        1.0,
        1.0,
        1.0,
        1.0,
        1.0,
        1.0,
        1.0,
        1.0,
        1.0,
        1.0,
        1.0,
        1.0,
        1.0
      ],
      "n_evaluations": 251730634.1666667,
      "evaluation_type": "gradient",
      "ess_per_eval": 0.0007526043888899501,
      "time": 328.157350063324,
      "sigma": 1.5,
      "epsilon": 0.015841040211872423,
      "n_leapfrog": 251.73063416666668,
      "n_warmup": 2000,
      "target_accept": 0.8,
      "cond": 1.0,
      "mean_mse": 0.0008478103590396462,
      "cov_mse": 0.0014666947496319274,
      "acceptance_rate_mean": 0.8957368699043751,
      "acceptance_rate_min": 0.7937193978251947,
      "acceptance_rate_max": 0.9371421667900033,
      "n_divergent": 268,
      "actual_n_chains": 100,
      "diagnostic_draws_per_chain": 200,
      "sample_finite_fraction": 1.0,
      "finite_draw_fraction": 1.0,
      "sample_covariance_rank": 32,
      "sample_covariance_full_rank": true
    },
    "Hamiltonian Walk Move": {
      "distribution": "Paired Rosenbrock",
      "tau": 5.742676682652705,
      "tau_std": 0.8923103487843528,
      "ess": 522404.47543604614,
      "ess_by_coordinate": [
        788172.2660081862,
        548187.1785246644,
        773473.0291907368,
        529898.7224479698,
        824429.0748184738,
        529712.0785692642,
        763151.3757327872,
        531394.539328242,
        776922.9603007203,
        544188.7112015926,
        840352.1386643695,
        593711.7134194245,
        782631.1728922296,
        542613.6551920965,
        758245.7073715925,
        531178.5985030073,
        765689.8859217286,
        533607.9288952174,
        753944.7570166751,
        527410.9747230714,
        770584.1016569007,
        522404.47543604614,
        781019.724115348,
        531198.5099917285,
        770771.3506177408,
        528089.6843868,
        772116.8258688762,
        536520.1283782296,
        903115.7808077146,
        566524.6439623005,
        763674.0993512662,
        524672.271961824
      ],
      "ess_valid_fraction": [
        0.9833333333333333,
        0.9833333333333333,
        0.9833333333333333,
        0.9833333333333333,
        0.9866666666666667,
        0.9866666666666667,
        0.9866666666666667,
        0.9866666666666667,
        0.9866666666666667,
        0.9866666666666667,
        0.9866666666666667,
        0.9866666666666667,
        0.9833333333333333,
        0.99,
        0.9766666666666667,
        0.98,
        0.9833333333333333,
        0.9866666666666667,
        0.9866666666666667,
        0.98,
        0.9866666666666667,
        0.99,
        0.9833333333333333,
        0.98,
        0.9833333333333333,
        0.9833333333333333,
        0.98,
        0.9833333333333333,
        0.9866666666666667,
        0.98,
        0.99,
        0.9866666666666667
      ],
      "n_evaluations": 455773500.0,
      "evaluation_type": "gradient",
      "ess_per_eval": 0.0011461931758560912,
      "time": 183.89784455299377,
      "sigma": 1.5,
      "epsilon": 0.021065917419476048,
      "n_leapfrog": 150.9245,
      "n_warmup": 2000,
      "target_accept": 0.651,
      "cond": 1.0,
      "mean_mse": 0.0017433410632983674,
      "cov_mse": 0.018228108508019803,
      "acceptance_rate_mean": 0.6441680555555555,
      "acceptance_rate_min": 0.6441680555555556,
      "acceptance_rate_max": 0.6441680555555556,
      "n_divergent": null,
      "actual_n_chains": 300,
      "diagnostic_draws_per_chain": 200,
      "sample_finite_fraction": 1.0,
      "finite_draw_fraction": 1.0,
      "sample_covariance_rank": 32,
      "sample_covariance_full_rank": true
    },
    "Stretch Move": {
      "distribution": "Paired Rosenbrock",
      "tau": 3545.53744084098,
      "tau_std": 674.1187095616348,
      "ess": 282.044687634946,
      "ess_by_coordinate": [
        519.8806918111599,
        951.1858647250945,
        339.2852977625485,
        776.061774791156,
        563.6412580266857,
        968.9888497580689,
        518.1686032903622,
        768.9108873622021,
        564.7637064843275,
        1251.5231289607814,
        744.8565507373439,
        1002.6185116964898,
        516.5187890991094,
        913.3197048871401,
        452.0573568910793,
        600.5579748416886,
        349.759481027564,
        619.4077809975815,
        326.87004994147037,
        282.044687634946,
        499.40824883261735,
        410.4473564700077,
        431.3226562173551,
        904.5583225206431,
        691.1509089959321,
        891.5419016535376,
        661.2146480420274,
        989.1358985901553,
        677.4955930131694,
        801.7899061963433,
        591.076132871345,
        951.5103763960974
      ],
      "ess_valid_fraction": [
        0.14,
        0.2,
        0.09,
        0.18,
        0.14,
        0.22,
        0.12,
        0.18,
        0.14,
        0.27,
        0.16,
        0.23,
        0.14,
        0.2,
        0.11,
        0.16,
        0.09,
        0.14,
        0.07,
        0.07,
        0.13,
        0.1,
        0.11,
        0.21,
        0.17,
        0.23,
        0.17,
        0.22,
        0.16,
        0.18,
        0.14,
        0.21
      ],
      "n_evaluations": 1000000.0,
      "evaluation_type": "function",
      "ess_per_eval": 0.000282044687634946,
      "time": 4.931549787521362,
      "sigma": 1.5,
      "epsilon": 0.0,
      "n_leapfrog": null,
      "n_warmup": null,
      "target_accept": null,
      "cond": 1.0,
      "mean_mse": 4.336828571960126,
      "cov_mse": 0.9623421758436999,
      "acceptance_rate_mean": 0.17468666666666663,
      "acceptance_rate_min": 0.14316666666666666,
      "acceptance_rate_max": 0.20591666666666666,
      "n_divergent": null,
      "actual_n_chains": 100,
      "diagnostic_draws_per_chain": 200,
      "sample_finite_fraction": 1.0,
      "finite_draw_fraction": 1.0,
      "sample_covariance_rank": 32,
      "sample_covariance_full_rank": true
    },
    "HMC": {
      "distribution": "Paired Rosenbrock",
      "tau": 167.69129210069048,
      "tau_std": 11.040825093257736,
      "ess": 5963.338867945204,