{
  "dim": 32,
  "seed": 3,
  "n_samples": 10000,
  "burn_in": 1000,
  "n_thin": 1,
  "n_chains": 100,
  "af": true,
  "initialization_mode": "agnostic",
  "initialization_description": "independent N(0, 2^2) coordinates in the intrinsic Rosenbrock frame",
  "transform_affine": true,
  "overlay_rosenbrock": {
    "a": 1.0,
    "b": 100.0,
    "sigma": 0.7
  },
  "summary": {
    "Dense-mass NUTS": {
      "distribution": "Paired Rosenbrock",
      "tau": 25.434431908581228,
      "tau_std": 1.3573013514935242,
      "ess": 39316.78142426345,
      "ess_by_coordinate": [
        39316.78142426345,
        42503.82474648537,
        42097.91965885143,
        42671.97918328641,
        42471.480759785714,
        41202.23076233062,
        43093.3032841591,
        39477.5068757132,
        43360.46893097012,
        43337.76814257016,
        42691.66222373684,
        43871.89542141524,
        42134.74022352652,
        44002.37106134063,
        39778.44128054083,
        41465.0110494106,
        47481.86859336371,
        43714.903580532555,
        44378.11244038204,
        40894.5174335427,
        41140.41286541769,
        41555.20049390006,
        42036.09928807752,
        48343.9070821626,
        44219.58947702549,
        47020.54239481835,
        42939.44360919713,
        45923.740898181095,
        49844.11270977134,
        49172.94109033806,
        46743.97135047711,
        43986.5214526405
      ],
      "ess_valid_fraction": [
        0.97,
        0.97,
        0.96,
        0.97,
        0.98,
        0.98,
        0.99,
        0.99,
        0.98,
        0.99,
        0.98,
        0.97,
        0.95,
        0.96,
        0.99,
        1.0,
        0.98,
        0.99,
        0.98,
        0.98,
        0.99,
        0.99,
        0.97,
        0.98,
        0.95,
        0.96,
        0.99,
        0.97,
        0.98,
        0.99,
        0.98,
        0.98
      ],
      "n_evaluations": 254605413.63636363,
      "evaluation_type": "gradient",
      "ess_per_eval": 0.00015442240941670256,
      "time": 287.1118817329407,
      "sigma": 0.7,
      "epsilon": 0.011783530935645103,
      "n_leapfrog": 254.60541363636364,
      "n_warmup": 1000,
      "target_accept": 0.8,
      "cond": 1.0
    },
    "Hamiltonian Walk Move": {
      "distribution": "Paired Rosenbrock",
      "tau": 4.299000636955253,
      "tau_std": 0.4800935150299931,
      "ess": 232612.20093892456,
      "ess_by_coordinate": [
        308822.96025272843,
        237838.824246079,
        308762.8477552587,
        232612.20093892456,
        308632.35254647845,
        242282.09716356546,
        314092.1295078993,
        242962.83541356324,
        309859.89280204877,
        235995.52615951758,
        316451.5852591652,
        245077.33788748176,
        310315.43781634595,
        240621.53087423832,
        308151.86233087967,
        239556.33213202143,
        309045.72148011037,
        244580.70371432786,
        313518.1009497897,
        245339.82631363577,
        305082.4113240859,
        236071.04360644703,
        308318.19581905333,
        234966.4428628674,
        311394.8281507693,
        238801.78263706758,
        305131.5691779869,
        240244.78048967756,
        307635.2889837939,
        238994.92297593618,
        317491.5872022594,
        234106.70541530807
      ],
      "ess_valid_fraction": [
        1.0,
        1.0,
        1.0,
        1.0,
        1.0,
        1.0,
        1.0,
        1.0,
        1.0,
        1.0,
        1.0,
        1.0,
        1.0,
        1.0,
        1.0,
        1.0,
        1.0,
        1.0,
        1.0,
        1.0,
        1.0,
        1.0,
        1.0,
        1.0,
        1.0,
        1.0,
        1.0,
        1.0,
        1.0,
        1.0,
        1.0,
        1.0
      ],
      "n_evaluations": 1001000000.0,
      "evaluation_type": "gradient",
      "ess_per_eval": 0.00023237982111780676,
      "time": 727.2525317668915,
      "sigma": 0.7,
      "epsilon": 0.003134446684271097,
      "n_leapfrog": 1000,
      "n_warmup": 1000,
      "target_accept": 0.651,
      "cond": 1.0
    },
    "Stretch Move": {
      "distribution": "Paired Rosenbrock",
      "tau": 4063.2066160666623,
      "tau_std": 655.4311938719293,
      "ess": 246.11103851963054,
      "ess_by_coordinate": [
        465.2407397291239,
        832.7431974506645,
        321.7480276875947,
        461.20113340779847,
        246.11103851963054,
        510.86340479835553,
        468.4898479371489,
        681.7039905419208,
        583.5348441761623,
        819.7413553065461,
        715.9579267114941,
        801.9515837756903,
        505.1992717420035,
        802.5913475932579,
        390.4432099070255,
        932.9956694584702,
        631.4366355814587,
        677.5218284843941,
        531.976857043378,
        1026.9738222666977,
        600.6598315051464,
        1158.3085550358642,
        458.02358836545056,
        736.4502740146245,
        545.3417911306303,
        948.7948145573716,
        523.234983841678,
        907.696115657585,
        514.230533907118,
        672.3525849201822,
        706.3602399193609,
        1045.1248506216432
      ],
      "ess_valid_fraction": [
        0.12,
        0.18,
        0.09,
        0.12,
        0.06,
        0.12,
        0.11,
        0.14,
        0.14,
        0.19,
        0.15,
        0.2,
        0.13,
        0.18,
        0.1,
        0.22,
        0.15,
        0.17,
        0.14,
        0.21,
        0.15,
        0.25,
        0.11,
        0.16,
        0.13,
        0.21,
        0.13,
        0.21,
        0.13,
        0.18,
        0.17,
        0.22
      ],
      "n_evaluations": 1000000.0,
      "evaluation_type": "function",
      "ess_per_eval": 0.00024611103851963055,
      "time": 4.685496091842651,
      "sigma": 0.7,
      "epsilon": 0.0,
      "n_leapfrog": null,
      "n_warmup": null,
      "target_accept": null,
      "cond": 1.0
    },
    "HMC": {
      "distribution": "Paired Rosenbrock",
      "tau": 158.05077101756953,
      "tau_std": 13.56513641002644,
      "ess": 6327.080808032479,
      "ess_by_coordinate": [
        8527.11294262652,
        7248.933602673702,
        10049.600928624759,
        8807.813782563535,
        9286.115494615957,
        7664.789346977361,
        8168.760475294361,
        6466.737663330517,
        8914.240633136984,
        7792.061821285826,
        9129.92295438698,
        7719.213207216986,
        7764.155370776611,
        6327.080808032479,
        9457.993381681556,
        7749.996303937248,
        8719.10933097217,
        7374.804332182912,
        9420.694886176185,
        8590.560299151144,
        8914.958818192426,
        7810.612851317327,
        9222.161821261481,
        7700.8522690102445,
        8722.151479407039,
        8169.379937402296,
        8091.842809631486,
        7742.447161666152,
        8528.106580338945,
        7861.017880508954,
        8200.105141735268,
        6765.045525508569
      ],
      "ess_valid_fraction": [
        0.95,
        0.88,
        0.95,
        0.93,
        0.95,
        0.93,
        0.95,
        0.87,
        0.94,
        0.9,
        0.97,
        0.91,
        0.89,
        0.83,
        0.97,
        0.95,
        0.95,
        0.92,
        0.9,
        0.91,
        0.93,
        0.91,
        0.96,
        0.91,
        0.97,
        0.97,
        0.91,
        0.88,
        0.95,
        0.89,
        0.93,
        0.9
      ],
      "n_evaluations": 53000000.0,
      "evaluation_type": "gradient",
      "ess_per_eval": 0.00011937888317042413,
      "time": 32.13666820526123,
      "sigma": 0.7,
      "epsilon": 0.015932826325297356,
      "n_leapfrog": 52,
      "n_warmup": 1000,
      "target_accept": 0.651,
      "cond": 1.0
    }
  }
}