{
  "dim": 32,
  "seed": 1,
  "n_samples": 10000,
  "burn_in": 1000,
  "n_thin": 1,
  "n_chains": 100,
  "cond": 3.162,
  "af": true,
  "transform_affine": true,
  "summary": {
    "Dense-mass NUTS": {
      "distribution": "Gaussian",
      "tau": 1.0007373393701868,
      "tau_std": 0.00018030711845889522,
      "ess": 999263.2038985866,
      "ess_by_coordinate": [
        1000000.0,
        1000000.0,
        1000000.0,
        1000000.0,
        1000000.0,
        999721.377431462,
        1000000.0,
        1000000.0,
        1000000.0,
        1000000.0,
        1000000.0,
        1000000.0,
        1000000.0,
        1000000.0,
        1000000.0,
        1000000.0,
        1000000.0,
        1000000.0,
        1000000.0,
        1000000.0,
        1000000.0,
        1000000.0,
        1000000.0,
        999446.8506218579,
        1000000.0,
        1000000.0,
        1000000.0,
        999599.9683004732,
        999263.2038985866,
        999653.4074104471,
        1000000.0,
        1000000.0
      ],
      "ess_valid_fraction": [
        1.0,
        1.0,
        1.0,
        1.0,
        1.0,
        1.0,
        1.0,
        1.0,
        1.0,
        1.0,
        1.0,
        1.0,
        1.0,
        1.0,
        1.0,
        1.0,
        1.0,
        1.0,
        1.0,
        1.0,
        1.0,
        1.0,
        1.0,
        1.0,
        1.0,
        1.0,
        1.0,
        1.0,
        1.0,
        1.0,
        1.0,
        1.0
      ],
      "n_evaluations": 7062400.0,
      "evaluation_type": "gradient",
      "ess_per_eval": 0.14149059864898428,
      "time": 33.71866750717163,
      "sigma": 0.0,
      "epsilon": 0.5795270800590515,
      "n_leapfrog": 7.0624,
      "n_warmup": 1000,
      "target_accept": 0.8,
      "gamma": 0.05,
      "t0": 10,
      "kappa": 0.75
    },
    "Hamiltonian Walk Move": {
      "distribution": "Gaussian",
      "tau": 1.2897698213247504,
      "tau_std": 0.010348760018186812,
      "ess": 775332.1433532058,
      "ess_by_coordinate": [
        795474.9144157597,
        797214.7723559283,
        799493.2733399945,
        806536.2435162286,
        805857.8569935384,
        802399.044624388,
        797197.4730157638,
        803042.6060881458,
        795595.7751784512,
        789964.7674973971,
        790068.7519327622,
        793402.2168726383,
        775332.1433532058,
        798716.3971929284,
        792036.0674293257,
        803215.673139127,
        790199.4100005077,
        797473.201128355,
        791619.3354283618,
        795342.620270582,
        788684.2771763002,
        797330.0721653331,
        800735.4515442076,
        795940.6439036136,
        788609.6822846889,
        805808.2484490614,
        787778.1667594274,
        795629.9935401184,
        798593.5309365125,
        793771.4872879344,
        792571.9206199102,
        785983.6447037717
      ],
      "ess_valid_fraction": [
        1.0,
        1.0,
        1.0,
        1.0,
        1.0,
        1.0,
        1.0,
        1.0,
        1.0,
        1.0,
        1.0,
        1.0,
        1.0,
        1.0,
        1.0,
        1.0,
        1.0,
        1.0,
        1.0,
        1.0,
        1.0,
        1.0,
        1.0,
        1.0,
        1.0,
        1.0,
        1.0,
        1.0,
        1.0,
        1.0,
        1.0,
        1.0
      ],
      "n_evaluations": 10000000.0,
      "evaluation_type": "gradient",
      "ess_per_eval": 0.07753321433532058,
      "time": 23.694005012512207,
      "sigma": 0.0,
      "epsilon": 0.6388474702835083,
      "n_leapfrog": 9,
      "n_warmup": 1000,
      "target_accept": 0.651,
      "gamma": 0.05,
      "t0": 10,
      "kappa": 0.75
    },
    "Stretch Move": {
      "distribution": "Gaussian",
      "tau": 272.9754062798118,
      "tau_std": 17.548525821935907,
      "ess": 3663.3336813315555,
      "ess_by_coordinate": [
        4187.63697020675,
        4914.638262614067,
        4103.793297559083,
        4273.0237146225845,
        4540.637060349122,
        4948.300763056574,
        4052.8694154310915,
        3831.8089893154656,
        4889.945486299851,
        4477.951800499928,
        3663.3336813315555,
        4819.999621389574,
        4417.783169034079,
        4422.103572831855,
        4430.758325208564,
        4437.476859978248,
        4238.107772950805,
        4688.325171336389,
        4410.183162280627,
        4480.330755918649,
        4225.885905900194,
        4402.116865531328,
        4616.493377518669,
        4313.788058357808,
        4722.99383563294,
        4564.353865070682,
        4067.2983588440147,
        3886.1915521253436,
        4329.667188112921,
        4523.155174711449,
        4202.965860027788,
        3732.217430029595
      ],
      "ess_valid_fraction": [
        0.76,
        0.8,
        0.72,
        0.74,
        0.8,
        0.83,
        0.7,
        0.69,
        0.82,
        0.8,
        0.68,
        0.8,
        0.8,
        0.74,
        0.81,
        0.79,
        0.78,
        0.76,
        0.77,
        0.8,
        0.74,
        0.74,
        0.81,
        0.8,
        0.74,
        0.74,
        0.71,
        0.69,
        0.77,
        0.78,
        0.74,
        0.67
      ],
      "n_evaluations": 1000000.0,
      "evaluation_type": "function",
      "ess_per_eval": 0.0036633336813315554,
      "time": 5.804562568664551,
      "sigma": 0.0,
      "epsilon": 0.0,
      "n_leapfrog": null,
      "n_warmup": null,
      "target_accept": null,
      "gamma": null,
      "t0": null,
      "kappa": null
    },
    "HMC": {
      "distribution": "Gaussian",
      "tau": 5.718569976235415,
      "tau_std": 1.4085804592342055,
      "ess": 174868.8927748872,
      "ess_by_coordinate": [
        1000000.0,
        1000000.0,
        1000000.0,
        1000000.0,
        1000000.0,
        1000000.0,
        1000000.0,
        1000000.0,
        1000000.0,
        1000000.0,
        1000000.0,
        1000000.0,
        990972.8976733286,
        943016.1745274835,
        860511.6465298828,
        772913.0646634497,
        697419.5962024059,
        628787.92815617,
        573410.8183285223,
        512871.298882404,
        471737.0032030566,
        423089.94441673503,
        393605.2225903997,
        348036.5204070242,
        323784.62297670374,
        291940.6391947374,
        271156.76444784185,
        245561.95841441912,
        231660.71078051452,
        209367.42847420744,
        195178.8473259214,
        174868.8927748872
      ],
      "ess_valid_fraction": [
        1.0,
        1.0,
        1.0,
        1.0,
        1.0,
        1.0,
        1.0,
        1.0,
        1.0,
        1.0,
        1.0,
        1.0,
        1.0,
        1.0,
        1.0,
        1.0,
        1.0,
        1.0,
        1.0,
        1.0,
        1.0,
        1.0,
        1.0,
        1.0,
        1.0,
        1.0,
        1.0,
        1.0,
        1.0,
        1.0,
        1.0,
        1.0
      ],
      "n_evaluations": 4000000.0,
      "evaluation_type": "gradient",
      "ess_per_eval": 0.0437172231937218,
      "time": 13.196559429168701,
      "sigma": 0.0,
      "epsilon": 3.273409366607666,
      "n_leapfrog": 3,
      "n_warmup": 1000,
      "target_accept": 0.651,
      "gamma": 0.05,
      "t0": 10,
      "kappa": 0.75
    }
  }
}