{
  "dim": 4,
  "seed": 3,
  "condition_number": 50.0,
  "n_samples": 10000,
  "burn_in": 2000,
  "n_thin": 1,
  "n_chains": 150,
  "hwm_walkers_requested": 300,
  "jax_enable_x64": true,
  "af": false,
  "transform_affine": false,
  "summary": {
    "Dense-mass NUTS": {
      "distribution": "Gaussian",
      "tau": 1.0022319488868663,
      "tau_std": 0.0007497585031923965,
      "ess": 1496659.5324225915,
      "ess_by_coordinate": [
        1499145.3209901454,
        1498443.7552559748,
        1499609.603951376,
        1496659.5324225915
      ],
      "ess_valid_fraction": [
        1.0,
        1.0,
        1.0,
        1.0
      ],
      "n_evaluations": 7582225.0,
      "evaluation_type": "gradient",
      "ess_per_eval": 0.1973905459706869,
      "time": 29.81429672241211,
      "sigma": 0.0,
      "epsilon": 0.9833220981625529,
      "n_leapfrog": 5.0548166666666665,
      "n_warmup": 2000,
      "target_accept": 0.8,
      "gamma": 0.05,
      "t0": 10,
      "kappa": 0.75,
      "mean_mse": 1.4538126156502671e-05,
      "cov_mse": 4.5475489592067585e-06,
      "acceptance_rate_mean": 0.9024988181530902,
      "acceptance_rate_min": 0.856306291157623,
      "acceptance_rate_max": 0.9336668231272003,
      "n_divergent": 0,
      "actual_n_chains": 150,
      "diagnostic_draws_per_chain": 200,
      "sample_finite_fraction": 1.0,
      "finite_draw_fraction": 1.0,
      "sample_covariance_rank": 4,
      "sample_covariance_full_rank": true
    },
    "Hamiltonian Walk Move": {
      "distribution": "Gaussian",
      "tau": 1.0029161377035636,
      "tau_std": 0.00045490066201196684,
      "ess": 2991277.0242876713,
      "ess_by_coordinate": [
        2994870.1095429882,
        2991277.0242876713,
        2992865.3579140115,
        2994097.617416586
      ],
      "ess_valid_fraction": [
        1.0,
        1.0,
        1.0,
        1.0
      ],
      "n_evaluations": 10425750.0,
      "evaluation_type": "gradient",
      "ess_per_eval": 0.28691240671296275,
      "time": 19.255940914154053,
      "sigma": 0.0,
      "epsilon": 1.4865331396474226,
      "n_leapfrog": 2.47525,
      "n_warmup": 2000,
      "target_accept": 0.651,
      "gamma": 0.05,
      "t0": 10,
      "kappa": 0.75,
      "mean_mse": 1.608099898130448e-06,
      "cov_mse": 3.412399376023018e-06,
      "acceptance_rate_mean": 0.6367747222222223,
      "acceptance_rate_min": 0.6367747222222222,
      "acceptance_rate_max": 0.6367747222222222,
      "n_divergent": null,
      "actual_n_chains": 300,
      "diagnostic_draws_per_chain": 200,
      "sample_finite_fraction": 1.0,
      "finite_draw_fraction": 1.0,
      "sample_covariance_rank": 4,
      "sample_covariance_full_rank": true
    },
    "Stretch Move": {
      "distribution": "Gaussian",
      "tau": 41.736314166737,
      "tau_std": 1.1849573355440044,
      "ess": 35939.924977742034,
      "ess_by_coordinate": [
        38230.35989423691,
        35939.924977742034,
        38387.24436186721,
        38689.50626212414
      ],
      "ess_valid_fraction": [
        1.0,
        1.0,
        1.0,
        1.0
      ],
      "n_evaluations": 1500000.0,
      "evaluation_type": "function",
      "ess_per_eval": 0.023959949985161356,
      "time": 1.485339641571045,
      "sigma": 0.0,
      "epsilon": 0.0,
      "n_leapfrog": null,
      "n_warmup": null,
      "target_accept": null,
      "gamma": null,
      "t0": null,
      "kappa": null,
      "mean_mse": 0.00042282669939346416,
      "cov_mse": 5.1265569818411996e-05,
      "acceptance_rate_mean": 0.5763483333333332,
      "acceptance_rate_min": 0.5664166666666667,
      "acceptance_rate_max": 0.5888333333333333,
      "n_divergent": null,
      "actual_n_chains": 150,
      "diagnostic_draws_per_chain": 200,
      "sample_finite_fraction": 1.0,
      "finite_draw_fraction": 1.0,
      "sample_covariance_rank": 4,
      "sample_covariance_full_rank": true
    },
    "HMC": {
      "distribution": "Gaussian",
      "tau": 1.6667456423140687,
      "tau_std": 0.01788920436476503,
      "ess": 899957.3551711447,
      "ess_by_coordinate": [
        925463.0269572401,
        899957.3551711447,
        922275.2997464513,
        918932.0184121563
      ],
      "ess_valid_fraction": [
        1.0,
        1.0,
        1.0,
        1.0
      ],
      "n_evaluations": 3164125.0,
      "evaluation_type": "gradient",
      "ess_per_eval": 0.28442534829412386,
      "time": 11.257869243621826,
      "sigma": 0.0,
      "epsilon": 4.0626804564488435,
      "n_leapfrog": 1.1094166666666667,
      "n_warmup": 2000,
      "target_accept": 0.651,
      "gamma": 0.05,
      "t0": 10,
      "kappa": 0.75,
      "mean_mse": 1.4103324042011482e-05,
      "cov_mse": 7.432621645067576e-06,
      "acceptance_rate_mean": 0.650401111111111,
      "acceptance_rate_min": 0.6504011111111111,
      "acceptance_rate_max": 0.6504011111111111,
      "n_divergent": null,
      "actual_n_chains": 150,
      "diagnostic_draws_per_chain": 200,
      "sample_finite_fraction": 1.0,
      "finite_draw_fraction": 1.0,
      "sample_covariance_rank": 4,
      "sample_covariance_full_rank": true
    }
  }
}