{
  "dim": 32,
  "seed": 4,
  "n_samples": 10000,
  "burn_in": 2000,
  "n_thin": 1,
  "n_chains": 100,
  "hwm_walkers_requested": 300,
  "jax_enable_x64": true,
  "af": true,
  "initialization_mode": "agnostic",
  "initialization_description": "independent N(0, 2^2) coordinates in the intrinsic Rosenbrock frame",
  "transform_affine": true,
  "overlay_rosenbrock": {
    "a": 1.0,
    "b": 100.0,
    "sigma": 1.5
  },
  "summary": {
    "Dense-mass NUTS": {
      "distribution": "Paired Rosenbrock",
      "tau": 5.348291714474656,
      "tau_std": 0.4468892769214934,
      "ess": 186975.59022324692,
      "ess_by_coordinate": [
        239689.4167316682,
        202511.41426497372,
        246444.16035626875,
        206884.19409174437,
        232793.53578345792,
        186975.59022324692,
        240346.13464198227,
        193894.66327028157,
        245629.6742220614,
        202112.05381272765,
        239949.34442837574,
        200224.76268522206,
        242404.26794410654,
        204586.06111691578,
        235940.9300334649,
        193014.38743707864,
        242277.94430666123,
        201743.9553608979,
        231935.4787961469,
        189393.29520485713,
        233867.27639871463,
        195801.97502926626,
        222633.19321977976,
        197122.30869569452,
        234696.62342124427,
        198705.46228207863,
        238178.56555625628,
        197434.36768223415,
        223554.51816917633,
        187001.16293214812,
        219332.07921915498,
        189104.3231425369
      ],
      "ess_valid_fraction": [
        1.0,
        1.0,
        1.0,
        1.0,
        1.0,
        1.0,
        1.0,
        1.0,
        1.0,
        1.0,
        1.0,
        1.0,
        1.0,
        1.0,
        1.0,
        1.0,
        1.0,
        1.0,
        1.0,
        1.0,
        1.0,
        1.0,
        1.0,
        1.0,
        1.0,
        1.0,
        1.0,
        1.0,
        1.0,
        1.0,
        1.0,
        1.0
      ],
      "n_evaluations": 251638139.16666666,
      "evaluation_type": "gradient",
      "ess_per_eval": 0.0007430335911815339,
      "time": 338.1725084781647,
      "sigma": 1.5,
      "epsilon": 0.017200662043381602,
      "n_leapfrog": 251.63813916666666,
      "n_warmup": 2000,
      "target_accept": 0.8,
      "cond": 3.162,
      "mean_mse": 0.00023792367419204862,
      "cov_mse": 0.0010685038556242144,
      "acceptance_rate_mean": 0.8944742632871177,
      "acceptance_rate_min": 0.8266361994306465,
      "acceptance_rate_max": 0.9516212168957179,
      "n_divergent": 416,
      "actual_n_chains": 100,
      "diagnostic_draws_per_chain": 200,
      "sample_finite_fraction": 1.0,
      "finite_draw_fraction": 1.0,
      "sample_covariance_rank": 32,
      "sample_covariance_full_rank": true
    },
    "Hamiltonian Walk Move": {
      "distribution": "Paired Rosenbrock",
      "tau": 5.0775095689137375,
      "tau_std": 1.0729441800201902,
      "ess": 590840.8362964067,
      "ess_by_coordinate": [
        1039397.7575758384,
        590840.8362964067,
        1108611.6839098437,
        625333.4221094016,
        1093880.0422695337,
        614155.0469969021,
        1080095.942755855,
        604855.9151670877,
        1056215.625882778,
        601968.2561824704,
        1096851.4657804712,
        628663.2426059366,
        1053120.4222666342,
        602473.9860569404,
        1071907.10975109,
        603288.5882234361,
        1098382.4433568737,
        613637.9649720249,
        1017146.6573395976,
        609540.5746455297,
        1111194.1393524003,
        624557.7588502563,
        1069665.6374267694,
        605401.5237393184,
        1047341.0711233506,
        593961.8754974161,
        1076936.2049628221,
        598913.7780461232,
        1070207.7216626252,
        600100.0031070448,
        1101551.177833268,
        614213.6500243518
      ],
      "ess_valid_fraction": [
        0.9933333333333333,
        0.9966666666666667,
        0.9933333333333333,
        1.0,
        1.0,
        1.0,
        0.9966666666666667,
        0.9933333333333333,
        1.0,
        1.0,
        0.9966666666666667,
        0.9933333333333333,
        0.99,
        0.99,
        0.9933333333333333,
        0.9933333333333333,
        0.9966666666666667,
        1.0,
        0.9966666666666667,
        0.9966666666666667,
        0.9966666666666667,
        0.9966666666666667,
        0.9966666666666667,
        0.9966666666666667,
        0.9933333333333333,
        0.9966666666666667,
        0.9966666666666667,
        0.9933333333333333,
        1.0,
        0.9966666666666667,
        0.9933333333333333,
        0.9933333333333333
      ],
      "n_evaluations": 909397999.9999999,
      "evaluation_type": "gradient",
      "ess_per_eval": 0.0006497054494252316,
      "time": 467.0758547782898,
      "sigma": 1.5,
      "epsilon": 0.020752155304436835,
      "n_leapfrog": 302.13266666666664,
      "n_warmup": 2000,
      "target_accept": 0.651,
      "cond": 3.162,
      "mean_mse": 0.0003826594128740413,
      "cov_mse": 0.0033895001640403925,
      "acceptance_rate_mean": 0.6490938888888889,
      "acceptance_rate_min": 0.6490938888888889,
      "acceptance_rate_max": 0.6490938888888889,
      "n_divergent": null,
      "actual_n_chains": 300,
      "diagnostic_draws_per_chain": 200,
      "sample_finite_fraction": 1.0,
      "finite_draw_fraction": 1.0,
      "sample_covariance_rank": 32,
      "sample_covariance_full_rank": true
    },
    "Stretch Move": {
      "distribution": "Paired Rosenbrock",
      "tau": 3939.646564050625,
      "tau_std": 626.326743117999,
      "ess": 253.82987629525587,
      "ess_by_coordinate": [
        485.5335928525063,
        1146.8899987931522,
        502.8385775448079,
        780.2243006078018,
        556.5721145056292,
        1274.279841449219,
        656.328130628169,
        1272.0497213147792,
        656.7139971142207,
        918.2857524107859,
        843.977305875247,
        1122.4011721635568,
        413.4215860543035,
        1010.1345165463098,
        468.2384432466199,
        991.7433941496721,
        551.1004772643626,
        728.3244740594761,
        253.82987629525587,
        783.0154311601929,
        514.5429228868429,
        812.8992109084852,
        483.6602067467087,
        776.6147488233713,
        439.6355621131253,
        737.8020744423806,
        611.3265026186198,
        635.082249846809,
        570.49945440577,
        1245.4235242445209,
        703.321249856646,
        502.6587543317927
      ],
      "ess_valid_fraction": [
        0.12,
        0.26,
        0.13,
        0.17,
        0.12,
        0.26,
        0.15,
        0.3,
        0.14,
        0.2,
        0.23,
        0.27,
        0.11,
        0.2,
        0.1,
        0.19,
        0.13,
        0.18,
        0.06,
        0.17,
        0.12,
        0.2,
        0.11,
        0.19,
        0.12,
        0.15,
        0.15,
        0.13,
        0.15,
        0.29,
        0.18,
        0.13
      ],
      "n_evaluations": 1000000.0,
      "evaluation_type": "function",
      "ess_per_eval": 0.0002538298762952559,
      "time": 39.829570055007935,
      "sigma": 1.5,
      "epsilon": 0.0,
      "n_leapfrog": null,
      "n_warmup": null,
      "target_accept": null,
      "cond": 3.162,
      "mean_mse": 4.408923313746056,
      "cov_mse": 0.9659677701880578,
      "acceptance_rate_mean": 0.17320666666666668,
      "acceptance_rate_min": 0.1355,
      "acceptance_rate_max": 0.21475,
      "n_divergent": null,
      "actual_n_chains": 100,
      "diagnostic_draws_per_chain": 200,
      "sample_finite_fraction": 1.0,
      "finite_draw_fraction": 1.0,
      "sample_covariance_rank": 32,
      "sample_covariance_full_rank": true
    },
    "HMC": {
      "distribution": "Paired Rosenbrock",
      "tau": 64.18374033254425,
      "tau_std": 15.170672981443955,
      "ess": 15580.269937820247,