{
  "dim": 32,
  "seed": 4,
  "n_samples": 10000,
  "burn_in": 1000,
  "n_thin": 1,
  "n_chains": 100,
  "af": true,
  "initialization_mode": "agnostic",
  "initialization_description": "independent N(0, 2^2) coordinates in the intrinsic Rosenbrock frame",
  "transform_affine": true,
  "overlay_rosenbrock": {
    "a": 1.0,
    "b": 100.0,
    "sigma": 0.7
  },
  "summary": {
    "Dense-mass NUTS": {
      "distribution": "Paired Rosenbrock",
      "tau": 54.87820978682661,
      "tau_std": 10.255611012164502,
      "ess": 18222.16876032366,
      "ess_by_coordinate": [
        56133.978965078146,
        55873.17571390001,
        45516.729282034576,
        48012.732321302465,
        45218.20513924376,
        42712.59893423989,
        47706.08052867499,
        45811.89330518435,
        40029.85006947809,
        42126.35100705782,
        39062.71228056711,
        38032.39631753636,
        37428.88336761938,
        36268.1328373189,
        33079.05008898387,
        34871.44238117958,
        35653.01586679495,
        34155.77723334013,
        26492.819920041402,
        29712.432213899534,
        28677.58350591019,
        30264.180429411408,
        26521.952292378195,
        26909.35691318697,
        23807.10243717148,
        23068.13351926638,
        22352.196932371393,
        22467.632714862633,
        21748.36771370781,
        21173.837750999497,
        18664.678256220162,
        18222.16876032366
      ],
      "ess_valid_fraction": [
        1.0,
        1.0,
        0.98,
        0.98,
        0.99,
        0.99,
        0.98,
        0.98,
        0.99,
        0.99,
        0.98,
        0.99,
        0.98,
        0.98,
        0.99,
        0.99,
        0.97,
        0.98,
        0.96,
        0.96,
        0.98,
        0.99,
        0.98,
        0.98,
        0.97,
        0.98,
        0.93,
        0.97,
        0.94,
        0.96,
        0.9,
        0.94
      ],
      "n_evaluations": 254452170.9090909,
      "evaluation_type": "gradient",
      "ess_per_eval": 7.161333579988973e-05,
      "time": 289.73567247390747,
      "sigma": 0.7,
      "epsilon": 0.01079543773084879,
      "n_leapfrog": 254.4521709090909,
      "n_warmup": 1000,
      "target_accept": 0.8,
      "cond": 3.162
    },
    "Hamiltonian Walk Move": {
      "distribution": "Paired Rosenbrock",
      "tau": 5.676676547910301,
      "tau_std": 0.4615959209307422,
      "ess": 176159.41150779856,
      "ess_by_coordinate": [
        221086.93604088025,
        182113.44330930215,
        222454.0247893872,
        176159.41150779856,
        217570.87371876335,
        185034.24532782543,
        225841.65331815137,
        187421.07590503604,
        221429.30772966112,
        185779.47573399002,
        223980.40798995,
        186819.60301487413,
        220625.7513993501,
        185063.62595598234,
        217065.9627330087,
        182602.55710556987,
        226340.28381953758,
        189304.92502755357,
        220681.8567098822,
        181782.34483000345,
        221725.30388929517,
        189483.009823037,
        220716.5097782871,
        186047.2857735017,
        224894.00024085026,
        192239.2224420453,
        222294.89605919656,
        179275.48964828608,
        226891.90806402132,
        190364.6342565794,
        218353.46116271339,
        180707.22618697037
      ],
      "ess_valid_fraction": [
        1.0,
        1.0,
        1.0,
        1.0,
        1.0,
        1.0,
        1.0,
        1.0,
        1.0,
        1.0,
        1.0,
        1.0,
        1.0,
        1.0,
        1.0,
        1.0,
        1.0,
        1.0,
        1.0,
        1.0,
        1.0,
        1.0,
        1.0,
        1.0,
        1.0,
        1.0,
        1.0,
        1.0,
        1.0,
        1.0,
        1.0,
        1.0
      ],
      "n_evaluations": 1001000000.0,
      "evaluation_type": "gradient",
      "ess_per_eval": 0.00017598342807971883,
      "time": 662.140214920044,
      "sigma": 0.7,
      "epsilon": 0.0026134217623621225,
      "n_leapfrog": 1000,
      "n_warmup": 1000,
      "target_accept": 0.651,
      "cond": 3.162
    },
    "Stretch Move": {
      "distribution": "Paired Rosenbrock",
      "tau": 3005.5321231414687,
      "tau_std": 634.8103853062845,
      "ess": 332.71978439371037,
      "ess_by_coordinate": [
        510.0513347179183,
        1048.2006624082303,
        516.6280567306633,
        984.0687155675525,
        394.19275232548574,
        431.43797388568083,
        567.9527875237226,
        949.10489486364,
        1006.8988878189493,
        1359.6407095886038,
        377.2200699154932,
        598.5310798953961,
        332.71978439371037,
        377.1691503119454,
        501.0215500634027,
        1424.4116454066075,
        415.2103093139577,
        970.306670399571,
        418.4976291016857,
        938.4456595430211,
        738.098765864684,
        546.1682981359743,
        418.74110671568326,
        645.887239166329,
        766.6621084114147,
        895.2577765046003,
        415.77030192912434,
        860.2040795724324,
        722.5195194360768,
        859.9165765100967,
        724.3906781350769,
        573.3503487472209
      ],
      "ess_valid_fraction": [
        0.14,
        0.25,
        0.14,
        0.22,
        0.1,
        0.1,
        0.14,
        0.21,
        0.25,
        0.3,
        0.09,
        0.15,
        0.09,
        0.1,
        0.12,
        0.32,
        0.09,
        0.21,
        0.1,
        0.19,
        0.18,
        0.12,
        0.09,
        0.16,
        0.18,
        0.2,
        0.11,
        0.2,
        0.18,
        0.18,
        0.15,
        0.15
      ],
      "n_evaluations": 1000000.0,
      "evaluation_type": "function",
      "ess_per_eval": 0.0003327197843937104,
      "time": 4.374549150466919,
      "sigma": 0.7,
      "epsilon": 0.0,
      "n_leapfrog": null,
      "n_warmup": null,
      "target_accept": null,
      "cond": 3.162
    },
    "HMC": {
      "distribution": "Paired Rosenbrock",
      "tau": 406.4976217437802,
      "tau_std": 84.94959041812551,
      "ess": 2460.0389928733966,
      "ess_by_coordinate": [
        7487.82543138398,
        6737.658956665029,
        7641.295385513669,
        6906.012260538044,
        6805.158492225082,
        5705.346235669871,
        6180.225663166399,
        5455.939252585101,
        5362.496165845304,
        4756.461381172341,
        5614.713086070876,
        4816.648387559908,
        4623.433176194696,
        4607.360733855627,
        4500.003763707666,
        3733.75146854171,
        4153.38635300518,
        4359.22085025824,
        4038.264297688171,
        3547.0018061850105,
        3634.285562177342,
        3530.8432220737695,
        2822.4603661451106,
        3123.8217953578333,
        3072.686160699993,
        3166.699512040852,
        2634.1868096979597,
        2598.49529744566,
        2460.0389928733966,
        2986.0487607050436,
        2483.324901573107,
        2585.8750472139473
      ],
      "ess_valid_fraction": [
        0.91,
        0.91,
        0.93,
        0.87,
        0.9,
        0.83,
        0.88,
        0.82,
        0.78,
        0.75,
        0.84,
        0.73,
        0.75,
        0.72,
        0.8,
        0.66,
        0.69,
        0.72,
        0.7,
        0.68,
        0.61,
        0.63,
        0.55,
        0.55,
        0.55,
        0.53,
        0.49,
        0.47,
        0.53,
        0.6,
        0.48,
        0.47
      ],
      "n_evaluations": 32000000.0,
      "evaluation_type": "gradient",
      "ess_per_eval": 7.687621852729365e-05,
      "time": 22.418756008148193,
      "sigma": 0.7,
      "epsilon": 0.02398405224084854,
      "n_leapfrog": 31,
      "n_warmup": 1000,
      "target_accept": 0.651,
      "cond": 3.162
    }
  }
}