{
  "dim": 16,
  "seed": 0,
  "condition_number": 50,
  "n_samples": 10000,
  "burn_in": 2000,
  "n_thin": 1,
  "n_chains": 150,
  "hwm_walkers_requested": 300,
  "jax_enable_x64": true,
  "af": false,
  "initialization_mode": "agnostic",
  "initialization_description": "independent N(0, 2^2) coordinates in the intrinsic Rosenbrock frame",
  "transform_affine": false,
  "overlay_rosenbrock": {
    "a": 1.0,
    "b": 100.0,
    "sigma": 1.5
  },
  "summary": {
    "Dense-mass NUTS": {
      "distribution": "Paired Rosenbrock",
      "tau": 5.010903223796215,
      "tau_std": 0.5393117856431898,
      "ess": 299347.2300316376,
      "ess_by_coordinate": [
        382797.2577656459,
        301077.00294413336,
        396727.22288163856,
        315482.05363839486,
        402327.57640148484,
        312579.69116082176,
        382400.6300198733,
        303284.4632675987,
        390228.4714752281,
        299347.2300316376,
        402732.23963211186,
        309385.37448327284,
        386955.96996282734,
        302240.0014172285,
        388065.924548141,
        306754.6376543107
      ],
      "ess_valid_fraction": [
        1.0,
        1.0,
        1.0,
        1.0,
        1.0,
        1.0,
        1.0,
        1.0,
        1.0,
        1.0,
        1.0,
        1.0,
        1.0,
        1.0,
        1.0,
        1.0
      ],
      "n_evaluations": 315694053.3333333,
      "evaluation_type": "gradient",
      "ess_per_eval": 0.0009482194132924147,
      "time": 312.6587874889374,
      "sigma": 1.5,
      "epsilon": 0.018086611226416985,
      "n_leapfrog": 210.46270222222222,
      "n_warmup": 2000,
      "target_accept": 0.8,
      "gamma": 0.05,
      "t0": 10,
      "kappa": 0.75,
      "mean_mse": 0.0003386236917938283,
      "cov_mse": 0.0009632427073115279,
      "acceptance_rate_mean": 0.8922092127273307,
      "acceptance_rate_min": 0.779897442929464,
      "acceptance_rate_max": 0.9733967744874524,
      "n_divergent": 5262,
      "actual_n_chains": 150,
      "diagnostic_draws_per_chain": 200,
      "sample_finite_fraction": 1.0,
      "finite_draw_fraction": 1.0,
      "sample_covariance_rank": 16,
      "sample_covariance_full_rank": true
    },
    "Hamiltonian Walk Move": {
      "distribution": "Paired Rosenbrock",
      "tau": 9.070954891676903,
      "tau_std": 0.9866082291272337,
      "ess": 330725.9308226374,
      "ess_by_coordinate": [
        442674.926181596,
        351490.69730712916,
        474936.53223282367,
        374283.85640373034,
        459512.8199665261,
        331024.59040609177,
        427320.58083631436,
        330725.9308226374,
        434082.659026526,
        345440.17358030507,
        438372.47922698443,
        352661.55825274234,
        448774.02118444734,
        350164.583814551,
        468746.2246528506,
        374744.0278409886
      ],
      "ess_valid_fraction": [
        0.9766666666666667,
        0.9766666666666667,
        0.97,
        0.98,
        0.9766666666666667,
        0.9733333333333334,
        0.9666666666666667,
        0.97,
        0.9633333333333334,
        0.97,
        0.9833333333333333,
        0.9866666666666667,
        0.9733333333333334,
        0.98,
        0.96,
        0.9666666666666667
      ],
      "n_evaluations": 330882750.0,
      "evaluation_type": "gradient",
      "ess_per_eval": 0.0009995260581660344,
      "time": 136.2326056957245,
      "sigma": 1.5,
      "epsilon": 0.024853739322475265,
      "n_leapfrog": 109.29424999999999,
      "n_warmup": 2000,
      "target_accept": 0.651,
      "gamma": 0.05,
      "t0": 10,
      "kappa": 0.75,
      "mean_mse": 0.001914993376766533,
      "cov_mse": 0.00814787796766164,
      "acceptance_rate_mean": 0.62834,
      "acceptance_rate_min": 0.62834,
      "acceptance_rate_max": 0.62834,
      "n_divergent": null,
      "actual_n_chains": 300,
      "diagnostic_draws_per_chain": 200,
      "sample_finite_fraction": 1.0,
      "finite_draw_fraction": 1.0,
      "sample_covariance_rank": 16,
      "sample_covariance_full_rank": true
    },
    "Stretch Move": {
      "distribution": "Paired Rosenbrock",
      "tau": 3713.5043894621867,
      "tau_std": 741.4064032553506,
      "ess": 403.93112345754884,
      "ess_by_coordinate": [
        719.4009405897814,
        1206.103654788775,
        881.9391350683355,
        1472.3956828749192,
        950.2109701917675,
        1431.8170808489076,
        777.9659766418177,
        1322.998300003165,
        403.93112345754884,
        1094.177523358426,
        524.6833309591,
        1434.5281666351552,
        633.2210593505501,
        1346.9749506589912,
        1025.2169118551092,
        1398.2020425561986
      ],
      "ess_valid_fraction": [
        0.12,
        0.18,
        0.14666666666666667,
        0.23333333333333334,
        0.16,
        0.22666666666666666,
        0.13333333333333333,
        0.22,
        0.06666666666666667,
        0.16,
        0.1,
        0.22666666666666666,
        0.10666666666666667,
        0.2,
        0.17333333333333334,
        0.2
      ],
      "n_evaluations": 1500000.0,
      "evaluation_type": "function",
      "ess_per_eval": 0.0002692874156383659,
      "time": 3.778411388397217,
      "sigma": 1.5,
      "epsilon": 0.0,
      "n_leapfrog": null,
      "n_warmup": null,
      "target_accept": null,
      "gamma": null,
      "t0": null,
      "kappa": null,
      "mean_mse": 3.469463692103571,
      "cov_mse": 0.9001456467347909,
      "acceptance_rate_mean": 0.1319022222222222,
      "acceptance_rate_min": 0.085,
      "acceptance_rate_max": 0.16508333333333333,
      "n_divergent": null,
      "actual_n_chains": 150,
      "diagnostic_draws_per_chain": 200,
      "sample_finite_fraction": 1.0,
      "finite_draw_fraction": 1.0,
      "sample_covariance_rank": 16,
      "sample_covariance_full_rank": true
    },
    "HMC": {
      "distribution": "Paired Rosenbrock",
      "tau": 149.01435760210418,
      "tau_std": 8.47659232537953,
      "ess": 10066.144122872218,
      "ess_by_coordinate": [
        10148.106181273819,
        10307.890286799106,
        11417.38573580042,
        10304.789007899733,
        12320.89445518185,
        10703.046769373137,
        11476.837442114545,
        11173.07143089033,
        11678.062247642227,
        11662.403482188973,
        11839.57680307804,
        10066.144122872218,
        11361.719999297728,
        10527.432345518284,
        11997.730373710132,
        10751.54145006825
      ],
      "ess_valid_fraction": [
        0.9066666666666666,
        0.8866666666666667,
        0.8733333333333333,
        0.88,
        0.9133333333333333,
        0.92,
        0.92,
        0.9266666666666666,
        0.92,
        0.92,
        0.9133333333333333,
        0.8666666666666667,
        0.9066666666666666,
        0.9066666666666666,
        0.9266666666666666,
        0.8933333333333333
      ],
      "n_evaluations": 28625124.999999996,
      "evaluation_type": "gradient",
      "ess_per_eval": 0.00035165415427433833,
      "time": 19.704768180847168,
      "sigma": 1.5,
      "epsilon": 0.039522286112382975,
      "n_leapfrog": 18.083416666666665,
      "n_warmup": 2000,
      "target_accept": 0.651,
      "gamma": 0.05,
      "t0": 10,
      "kappa": 0.75,
      "mean_mse": 0.09832766816903471,
      "cov_mse": 0.17502282186124862,
      "acceptance_rate_mean": 0.6483911111111109,
      "acceptance_rate_min": 0.648391111111111,
      "acceptance_rate_max": 0.648391111111111,
      "n_divergent": null,
      "actual_n_chains": 150,
      "diagnostic_draws_per_chain": 200,
      "sample_finite_fraction": 1.0,
      "finite_draw_fraction": 1.0,
      "sample_covariance_rank": 16,
      "sample_covariance_full_rank": true
    }
  }
}