{
  "dim": 16,
  "seed": 0,
  "condition_number": 50,
  "n_samples": 10000,
  "burn_in": 1000,
  "n_thin": 1,
  "n_chains": 16,
  "af": false,
  "initialization_mode": "agnostic",
  "initialization_description": "independent N(0, 2^2) coordinates in the intrinsic Rosenbrock frame",
  "transform_affine": false,
  "overlay_rosenbrock": {
    "a": 1.0,
    "b": 100.0,
    "sigma": 0.7
  },
  "summary": {
    "Dense-mass NUTS": {
      "distribution": "Paired Rosenbrock",
      "tau": 7.832492467698211,
      "tau_std": 0.8443932095945706,
      "ess": 20427.72471979412,
      "ess_by_coordinate": [
        26894.322726125985,
        24271.29115073353,
        29818.073214449745,
        26124.654680215797,
        23616.006839576152,
        20466.822158451607,
        34702.06841839872,
        31225.616101394196,
        27798.213693642432,
        24030.843084934135,
        23947.066610153855,
        20427.72471979412,
        25241.96497923102,
        23541.481679125704,
        28033.840885468147,
        26139.717015408525
      ],
      "ess_valid_fraction": [
        0.6875,
        0.625,
        0.625,
        0.625,
        0.625,
        0.6875,
        0.625,
        0.625,
        0.625,
        0.625,
        0.6875,
        0.6875,
        0.6875,
        0.6875,
        0.75,
        0.6875
      ],
      "n_evaluations": 28871303.636363637,
      "evaluation_type": "gradient",
      "ess_per_eval": 0.0007075442445233141,
      "time": 264.9714894294739,
      "sigma": 0.7,
      "epsilon": 7.465257658623159e-05,
      "n_leapfrog": 180.44564772727273,
      "n_warmup": 1000,
      "target_accept": 0.8,
      "gamma": 0.05,
      "t0": 10,
      "kappa": 0.75
    },
    "Hamiltonian Walk Move": {
      "distribution": "Paired Rosenbrock",
      "tau": 1142.2715443790255,
      "tau_std": 270.2577868259247,
      "ess": 140.07177258974878,
      "ess_by_coordinate": [
        180.11604541769816,
        140.07177258974878,
        631.5725289512259,
        523.1487575157095,
        686.8903967499193,
        562.0709879469648,
        832.293742313038,
        934.75789025077,
        811.7583511446525,
        920.1789096028131,
        980.0185492372627,
        1083.4700015735095,
        641.1422380322625,
        667.3964348158208,
        649.4129863074203,
        727.8084234020725
      ],
      "ess_valid_fraction": [
        0.25,
        0.1875,
        0.625,
        0.5625,
        0.75,
        0.625,
        0.8125,
        0.8125,
        0.6875,
        0.8125,
        0.875,
        0.875,
        0.625,
        0.6875,
        0.625,
        0.75
      ],
      "n_evaluations": 14080000.0,
      "evaluation_type": "gradient",
      "ess_per_eval": 9.948279303249203e-06,
      "time": 71.42835402488708,
      "sigma": 0.7,
      "epsilon": 0.06585612893104553,
      "n_leapfrog": 87,
      "n_warmup": 1000,
      "target_accept": 0.651,
      "gamma": 0.05,
      "t0": 10,
      "kappa": 0.75
    },
    "Stretch Move": {
      "distribution": "Paired Rosenbrock",
      "tau": NaN,
      "tau_std": 1627.4772611445417,
      "ess": 0.0,
      "ess_by_coordinate": [
        140.68958506105628,
        109.37563427906505,
        142.83968590021826,
        148.06648887786912,
        30.805017540016447,
        0.0,
        88.67045855053112,
        183.36017532725873,
        119.68485905087164,
        104.8111238907293,
        41.49573702101767,
        40.95319178234536,
        237.91219485091312,
        404.9808623466358,
        0.0,
        30.060288710960894
      ],
      "ess_valid_fraction": [
        0.25,
        0.1875,
        0.25,
        0.25,
        0.0625,
        0.0,
        0.125,
        0.1875,
        0.1875,
        0.125,
        0.0625,
        0.0625,
        0.3125,
        0.5,
        0.0,
        0.0625
      ],
      "n_evaluations": 160000.0,
      "evaluation_type": "function",
      "ess_per_eval": 0.0,
      "time": 0.9735064506530762,
      "sigma": 0.7,
      "epsilon": 0.0,
      "n_leapfrog": null,
      "n_warmup": null,
      "target_accept": null,
      "gamma": null,
      "t0": null,
      "kappa": null
    },
    "HMC": {
      "distribution": "Paired Rosenbrock",
      "tau": 2.5245999354013064,
      "tau_std": 0.36770325569219686,
      "ess": 63376.37807733155,
      "ess_by_coordinate": [
        90696.47497774125,
        63376.37807733155,
        94445.28071089435,
        63817.22166083921,
        97526.71926313273,
        68125.95444756123,
        93271.47065871011,
        65147.99106545943,
        95456.05899656648,
        67748.20369893021,
        97116.5505070712,
        68086.32108443759,
        95699.51466149569,
        66439.87434960736,
        97198.10225491074,
        69455.42104786135
      ],
      "ess_valid_fraction": [
        1.0,
        1.0,
        1.0,
        1.0,
        1.0,
        1.0,
        1.0,
        1.0,
        1.0,
        1.0,
        1.0,
        1.0,
        1.0,
        1.0,
        1.0,
        1.0
      ],
      "n_evaluations": 112320000.0,
      "evaluation_type": "gradient",
      "ess_per_eval": 0.0005642483803181227,
      "time": 161.65810298919678,
      "sigma": 0.7,
      "epsilon": 0.008482584729790688,
      "n_leapfrog": 701,
      "n_warmup": 1000,
      "target_accept": 0.651,
      "gamma": 0.05,
      "t0": 10,
      "kappa": 0.75
    }
  }
}