{
  "dim": 32,
  "seed": 3,
  "n_samples": 10000,
  "burn_in": 1000,
  "n_thin": 1,
  "n_chains": 100,
  "af": true,
  "initialization_mode": "agnostic",
  "initialization_description": "independent N(0, 2^2) coordinates in the intrinsic Rosenbrock frame",
  "transform_affine": true,
  "overlay_rosenbrock": {
    "a": 1.0,
    "b": 100.0,
    "sigma": 0.7
  },
  "summary": {
    "Dense-mass NUTS": {
      "distribution": "Paired Rosenbrock",
      "tau": 7288.178208391043,
      "tau_std": 1369.3734664853812,
      "ess": 137.20850004033622,
      "ess_by_coordinate": [
        148.44093198697863,
        163.51427301253847,
        310.42444942612696,
        380.97137098345644,
        397.9718894050924,
        338.6468983788333,
        255.1281641980672,
        215.50652956838414,
        207.6098883291442,
        304.41401756766385,
        316.10073137929265,
        227.92395998253062,
        309.700040944025,
        480.24989337909017,
        279.56112492008424,
        164.8114344171454,
        301.5284981464862,
        277.35766549637253,
        149.99368417863514,
        189.7016400924107,
        285.3922024188332,
        373.8368137418227,
        303.42880752734754,
        300.44021824307583,
        336.12327194380447,
        162.76121187478137,
        137.20850004033622,
        225.26556240500807,
        355.55046660408306,
        240.84127941130703,
        319.7603614284859,
        258.6899627249016
      ],
      "ess_valid_fraction": [
        0.04,
        0.04,
        0.07,
        0.07,
        0.08,
        0.08,
        0.06,
        0.06,
        0.05,
        0.06,
        0.07,
        0.06,
        0.08,
        0.11,
        0.08,
        0.04,
        0.08,
        0.07,
        0.04,
        0.05,
        0.07,
        0.09,
        0.08,
        0.08,
        0.08,
        0.04,
        0.03,
        0.05,
        0.09,
        0.06,
        0.08,
        0.06
      ],
      "n_evaluations": 255000000.0,
      "evaluation_type": "gradient",
      "ess_per_eval": 5.380725491777891e-07,
      "time": 287.22815132141113,
      "sigma": 0.7,
      "epsilon": 0.0006976735312491655,
      "n_leapfrog": 255.0,
      "n_warmup": 1000,
      "target_accept": 0.8,
      "cond": 316.2
    },
    "Hamiltonian Walk Move": {
      "distribution": "Paired Rosenbrock",
      "tau": 7750.993678074366,
      "tau_std": 1188.3273002753324,
      "ess": 129.01571611763165,
      "ess_by_coordinate": [
        959.7963192766515,
        518.5091448641379,
        602.4447687984504,
        312.5868566684855,
        870.4370249755398,
        416.4311250442296,
        607.8646971376158,
        449.26192284669366,
        508.0267758013292,
        269.91292347510165,
        509.4334717461215,
        243.63533625308554,
        353.4507066236716,
        440.5875844672157,
        375.07979534807737,
        313.81503540130296,
        279.20496511178715,
        345.7501080544529,
        359.7159552558688,
        398.803043359729,
        464.9949872938756,
        129.01571611763165,
        261.1879560648393,
        525.8751509424372,
        232.74080768165018,
        337.2082366945778,
        332.78183373316693,
        360.28359423834837,
        431.3956392327742,
        501.1069336802177,
        305.3100518735899,
        399.31829983996136
      ],
      "ess_valid_fraction": [
        0.21,
        0.14,
        0.15,
        0.09,
        0.23,
        0.11,
        0.16,
        0.12,
        0.12,
        0.08,
        0.12,
        0.07,
        0.1,
        0.12,
        0.09,
        0.08,
        0.07,
        0.08,
        0.09,
        0.08,
        0.13,
        0.04,
        0.07,
        0.14,
        0.06,
        0.09,
        0.09,
        0.09,
        0.11,
        0.13,
        0.08,
        0.1
      ],
      "n_evaluations": 1001000000.0,
      "evaluation_type": "gradient",
      "ess_per_eval": 1.288868292883433e-07,
      "time": 685.54234790802,
      "sigma": 0.7,
      "epsilon": 2.2790406717376754e-07,
      "n_leapfrog": 1000,
      "n_warmup": 1000,
      "target_accept": 0.651,
      "cond": 316.2
    },
    "Stretch Move": {
      "distribution": "Paired Rosenbrock",
      "tau": 4063.206616104059,
      "tau_std": 655.4311938765184,
      "ess": 246.11103851736542,
      "ess_by_coordinate": [
        465.240739729949,
        832.7431974446079,
        321.7480276860627,
        461.2011334090331,
        246.11103851736542,
        510.8634048013145,
        468.4898479368624,
        681.703990537168,
        583.5348441765237,
        819.7413553056977,
        715.9579267110735,
        801.951583774662,
        505.1992717421367,
        802.5913475940832,
        390.443209906807,
        932.9956694585804,
        631.4366355814913,
        677.5218284841956,
        531.9768570432047,
        1026.9738222668914,
        600.6598315051739,
        1158.3085550357482,
        458.02358836545585,
        736.4502740145601,
        545.3417911306128,
        948.7948145574398,
        523.2349838416696,
        907.6961156575404,
        514.2305339071542,
        672.3525849201782,
        706.3602399196475,
        1045.124850621892
      ],
      "ess_valid_fraction": [
        0.12,
        0.18,
        0.09,
        0.12,
        0.06,
        0.12,
        0.11,
        0.14,
        0.14,
        0.19,
        0.15,
        0.2,
        0.13,
        0.18,
        0.1,
        0.22,
        0.15,
        0.17,
        0.14,
        0.21,
        0.15,
        0.25,
        0.11,
        0.16,
        0.13,
        0.21,
        0.13,
        0.21,
        0.13,
        0.18,
        0.17,
        0.22
      ],
      "n_evaluations": 1000000.0,
      "evaluation_type": "function",
      "ess_per_eval": 0.00024611103851736543,
      "time": 4.3396522998809814,
      "sigma": 0.7,
      "epsilon": 0.0,
      "n_leapfrog": null,
      "n_warmup": null,
      "target_accept": null,
      "cond": 316.2
    },
    "HMC": {
      "distribution": "Paired Rosenbrock",
      "tau": 9632.17200786653,
      "tau_std": 1795.8117462967075,
      "ess": 103.8187440157118,
      "ess_by_coordinate": [
        4743.724677822451,
        4235.206224769561,
        3323.346899741638,
        3493.384266472662,
        2379.2939009013235,
        2278.8714773301267,
        1473.269937303486,
        1473.9594822413667,
        1186.9937733647444,
        1525.658765716277,
        888.5744178481644,
        1458.875542428059,
        647.0222087270456,
        1150.0742164211654,
        938.6218385763751,
        1316.3565014935057,
        476.5849906284626,
        1366.8482738765201,
        546.7251939749874,
        1068.9511344028376,
        498.771081547841,
        790.9389419970845,
        405.1214796192139,
        821.4930116235853,
        506.8570393952976,
        592.4672942891266,
        552.7040518189351,
        603.3251266296398,
        176.96506540093444,
        336.49870827405556,
        338.5268558611816,
        103.8187440157118
      ],
      "ess_valid_fraction": [
        0.74,
        0.68,
        0.59,
        0.59,
        0.49,
        0.42,
        0.31,
        0.33,
        0.28,
        0.35,
        0.19,
        0.31,
        0.17,
        0.27,
        0.23,
        0.27,
        0.13,
        0.29,
        0.13,
        0.23,
        0.13,
        0.17,
        0.11,
        0.21,
        0.13,
        0.14,
        0.14,
        0.14,
        0.05,
        0.09,
        0.09,
        0.03
      ],
      "n_evaluations": 1001000000.0,
      "evaluation_type": "gradient",
      "ess_per_eval": 1.0371502898672507e-07,
      "time": 344.6216769218445,
      "sigma": 0.7,
      "epsilon": 0.0005138849373906851,
      "n_leapfrog": 1000,
      "n_warmup": 1000,
      "target_accept": 0.651,
      "cond": 316.2
    }
  }
}