{
  "dim": 32,
  "seed": 3,
  "n_samples": 10000,
  "burn_in": 2000,
  "n_thin": 1,
  "n_chains": 100,
  "hwm_walkers_requested": 300,
  "jax_enable_x64": true,
  "af": true,
  "initialization_mode": "agnostic",
  "initialization_description": "independent N(0, 2^2) coordinates in the intrinsic Rosenbrock frame",
  "transform_affine": true,
  "overlay_rosenbrock": {
    "a": 1.0,
    "b": 100.0,
    "sigma": 1.5
  },
  "summary": {
    "Dense-mass NUTS": {
      "distribution": "Paired Rosenbrock",
      "tau": 91.1846431077768,
      "tau_std": 22.0458526336962,
      "ess": 10966.75894007764,
      "ess_by_coordinate": [
        269858.3102286855,
        211419.46664215554,
        263080.11977450404,
        211833.66635907136,
        259780.05688985996,
        207058.76002141894,
        257041.12207834882,
        214033.10327605496,
        265837.1457290587,
        207722.6779081791,
        229516.06582750767,
        198597.5011081995,
        214720.26433788918,
        187268.01363357008,
        195409.95173535487,
        162924.071865468,
        171286.4121176011,
        143580.51296208147,
        130699.79732792724,
        111816.25220202057,
        91447.59356449616,
        77689.95846546843,
        64673.38480606612,
        50854.22282171546,
        39995.905333856834,
        37008.74320375673,
        36400.618097397826,
        32661.85257423142,
        21157.526567401426,
        20225.043349557225,
        11679.262601786271,
        10966.75894007764
      ],
      "ess_valid_fraction": [
        1.0,
        1.0,
        1.0,
        1.0,
        1.0,
        1.0,
        1.0,
        1.0,
        0.99,
        0.99,
        0.99,
        0.99,
        1.0,
        1.0,
        0.99,
        1.0,
        0.98,
        0.99,
        0.99,
        0.99,
        0.98,
        1.0,
        0.97,
        0.96,
        0.96,
        0.96,
        0.96,
        0.93,
        0.92,
        0.9,
        0.8,
        0.83
      ],
      "n_evaluations": 253672931.66666666,
      "evaluation_type": "gradient",
      "ess_per_eval": 4.3231884726622184e-05,
      "time": 334.1320023536682,
      "sigma": 1.5,
      "epsilon": 0.015008113257698559,
      "n_leapfrog": 253.67293166666667,
      "n_warmup": 2000,
      "target_accept": 0.8,
      "cond": 316.2,
      "mean_mse": 0.003373719451955443,
      "cov_mse": 0.004388112883014659,
      "acceptance_rate_mean": 0.9020697510621463,
      "acceptance_rate_min": 0.8158991563751484,
      "acceptance_rate_max": 0.9534799832388459,
      "n_divergent": 496,
      "actual_n_chains": 100,
      "diagnostic_draws_per_chain": 200,
      "sample_finite_fraction": 1.0,
      "finite_draw_fraction": 1.0,
      "sample_covariance_rank": 32,
      "sample_covariance_full_rank": true
    },
    "Hamiltonian Walk Move": {
      "distribution": "Paired Rosenbrock",
      "tau": 6.240788835171575,
      "tau_std": 0.8827822437401363,
      "ess": 480708.4615798449,
      "ess_by_coordinate": [
        687831.8708691193,
        497424.9733266366,
        663780.3005594097,
        480708.4615798449,
        702175.2169277327,
        483058.85304357344,
        714573.7572148284,
        500762.9648686086,
        703691.8912798509,
        490465.13763326756,
        689890.3954276753,
        487158.73910595925,
        703059.2662781257,
        493523.4666022817,
        678589.9156295748,
        487723.99471973866,
        705450.1963910758,
        498268.48849632964,
        679677.9782264747,
        488084.5797250025,
        728003.7701207967,
        506578.92124260974,
        701725.6177755423,
        507355.018004123,
        701172.8816137329,
        494326.17309130717,
        741092.3902941488,
        551848.0033972409,
        691719.9302043573,
        493444.93122288934,
        693231.4697499361,
        501447.0512485967
      ],
      "ess_valid_fraction": [
        0.9966666666666667,
        0.9966666666666667,
        0.9966666666666667,
        0.9966666666666667,
        0.9933333333333333,
        0.99,
        0.9966666666666667,
        0.9966666666666667,
        0.9966666666666667,
        0.9966666666666667,
        0.9966666666666667,
        0.9966666666666667,
        0.9966666666666667,
        0.9966666666666667,
        0.9966666666666667,
        0.9933333333333333,
        0.9966666666666667,
        0.9966666666666667,
        0.9966666666666667,
        0.9966666666666667,
        0.9933333333333333,
        0.9933333333333333,
        0.9966666666666667,
        0.9966666666666667,
        0.9966666666666667,
        0.9966666666666667,
        0.9966666666666667,
        0.9966666666666667,
        0.9966666666666667,
        0.9966666666666667,
        0.9966666666666667,
        0.9966666666666667
      ],
      "n_evaluations": 447422000.0,
      "evaluation_type": "gradient",
      "ess_per_eval": 0.0010743961217370734,
      "time": 181.31688141822815,
      "sigma": 1.5,
      "epsilon": 0.021463125864300714,
      "n_leapfrog": 148.14066666666668,
      "n_warmup": 2000,
      "target_accept": 0.651,
      "cond": 316.2,
      "mean_mse": 0.0011427956757101058,
      "cov_mse": 0.009457509311355625,
      "acceptance_rate_mean": 0.6380502777777777,
      "acceptance_rate_min": 0.6380502777777778,
      "acceptance_rate_max": 0.6380502777777778,
      "n_divergent": null,
      "actual_n_chains": 300,
      "diagnostic_draws_per_chain": 200,
      "sample_finite_fraction": 1.0,
      "finite_draw_fraction": 1.0,
      "sample_covariance_rank": 32,
      "sample_covariance_full_rank": true
    },
    "Stretch Move": {
      "distribution": "Paired Rosenbrock",
      "tau": 3545.537440844908,
      "tau_std": 674.1187095613991,
      "ess": 282.04468763463353,
      "ess_by_coordinate": [
        519.8806918113852,
        951.1858647146237,
        339.2852977627252,
        776.0617747896564,
        563.6412580274754,
        968.9888497574359,
        518.1686032900758,
        768.9108873599032,
        564.76370648407,
        1251.5231289614214,
        744.8565507364588,
        1002.618511694455,
        516.5187890989004,
        913.3197048866991,
        452.05735689118535,
        600.5579748418186,
        349.75948102770684,
        619.4077809976973,
        326.8700499412294,
        282.04468763463353,
        499.40824883258995,
        410.4473564699449,
        431.32265621727913,
        904.5583225206658,
        691.1509089958893,
        891.5419016535506,
        661.2146480421065,
        989.1358985902428,
        677.4955930131823,
        801.789906196316,
        591.0761328713526,
        951.5103763960146
      ],
      "ess_valid_fraction": [
        0.14,
        0.2,
        0.09,
        0.18,
        0.14,
        0.22,
        0.12,
        0.18,
        0.14,
        0.27,
        0.16,
        0.23,
        0.14,
        0.2,
        0.11,
        0.16,
        0.09,
        0.14,
        0.07,
        0.07,
        0.13,
        0.1,
        0.11,
        0.21,
        0.17,
        0.23,
        0.17,
        0.22,
        0.16,
        0.18,
        0.14,
        0.21
      ],
      "n_evaluations": 1000000.0,
      "evaluation_type": "function",
      "ess_per_eval": 0.00028204468763463355,
      "time": 4.458479881286621,
      "sigma": 1.5,
      "epsilon": 0.0,
      "n_leapfrog": null,
      "n_warmup": null,
      "target_accept": null,
      "cond": 316.2,
      "mean_mse": 4.3368285719600905,
      "cov_mse": 0.9623421758436987,
      "acceptance_rate_mean": 0.17468666666666663,
      "acceptance_rate_min": 0.14316666666666666,
      "acceptance_rate_max": 0.20591666666666666,
      "n_divergent": null,
      "actual_n_chains": 100,
      "diagnostic_draws_per_chain": 200,
      "sample_finite_fraction": 1.0,
      "finite_draw_fraction": 1.0,
      "sample_covariance_rank": 32,
      "sample_covariance_full_rank": true
    },
    "HMC": {
      "distribution": "Paired Rosenbrock",