{
  "dim": 32,
  "seed": 3,
  "n_samples": 10000,
  "burn_in": 1000,
  "n_thin": 1,
  "n_chains": 100,
  "cond": 1000.0,
  "af": true,
  "transform_affine": true,
  "summary": {
    "Dense-mass NUTS": {
      "distribution": "Gaussian",
      "tau": 5.722597582020329,
      "tau_std": 1.1152615094631593,
      "ess": 174745.81877675137,
      "ess_by_coordinate": [
        999262.1760533032,
        996525.8884763244,
        998703.7567264375,
        999061.10132852,
        997201.5619868147,
        996480.6578552383,
        996927.8365155729,
        998976.00791778,
        999100.3187609264,
        997938.2381323673,
        995859.702318741,
        998519.4416329939,
        998162.8833378789,
        996899.7421579214,
        998046.1515256795,
        997234.6310317032,
        994957.0589538356,
        998477.1682914945,
        995699.6278889191,
        990945.8788618982,
        989840.8271958656,
        966482.632304618,
        943263.9863681052,
        893930.0312369892,
        814956.5118699707,
        720620.3015456795,
        577273.4348714483,
        498912.3761323453,
        414993.6293655801,
        276033.12041683303,
        210776.22872012111,
        174745.81877675137
      ],
      "ess_valid_fraction": [
        1.0,
        1.0,
        1.0,
        1.0,
        1.0,
        1.0,
        1.0,
        1.0,
        1.0,
        1.0,
        1.0,
        1.0,
        1.0,
        1.0,
        1.0,
        1.0,
        1.0,
        1.0,
        1.0,
        1.0,
        1.0,
        1.0,
        1.0,
        1.0,
        1.0,
        1.0,
        1.0,
        1.0,
        1.0,
        1.0,
        1.0,
        1.0
      ],
      "n_evaluations": 59676658.18181818,
      "evaluation_type": "gradient",
      "ess_per_eval": 0.002928210528216065,
      "time": 274.655880689621,
      "sigma": 0.0,
      "epsilon": 0.4857357144355774,
      "n_leapfrog": 59.67665818181818,
      "n_warmup": 1000,
      "target_accept": 0.8,
      "gamma": 0.05,
      "t0": 10,
      "kappa": 0.75
    },
    "Hamiltonian Walk Move": {
      "distribution": "Gaussian",
      "tau": 1.2860976646725737,
      "tau_std": 0.012636586620880286,
      "ess": 777545.9263076953,
      "ess_by_coordinate": [
        777545.9263076953,
        792483.710451426,
        798041.3122576223,
        803002.3680000282,
        806329.0109932454,
        800559.2614831427,
        802487.1901061023,
        807749.0860969316,
        808379.0544364696,
        807324.3812275798,
        812804.3928478141,
        816906.5481094496,
        806092.6193294493,
        807026.788159454,
        808716.5845952146,
        794594.7315987268,
        805526.3479328325,
        802401.4447672856,
        810427.9365411795,
        807267.4231156039,
        812918.2987253695,
        799400.9351717486,
        793571.2655996991,
        793406.5011364068,
        810865.5936717689,
        808459.5548760841,
        811912.7558133304,
        811358.4512034049,
        806270.7585144413,
        797960.8303862498,
        801699.4940337868,
        790626.5319797199
      ],
      "ess_valid_fraction": [
        1.0,
        1.0,
        1.0,
        1.0,
        1.0,
        1.0,
        1.0,
        1.0,
        1.0,
        1.0,
        1.0,
        1.0,
        1.0,
        1.0,
        1.0,
        1.0,
        1.0,
        1.0,
        1.0,
        1.0,
        1.0,
        1.0,
        1.0,
        1.0,
        1.0,
        1.0,
        1.0,
        1.0,
        1.0,
        1.0,
        1.0,
        1.0
      ],
      "n_evaluations": 10000000.0,
      "evaluation_type": "gradient",
      "ess_per_eval": 0.07775459263076953,
      "time": 23.51581072807312,
      "sigma": 0.0,
      "epsilon": 0.588560163974762,
      "n_leapfrog": 9,
      "n_warmup": 1000,
      "target_accept": 0.651,
      "gamma": 0.05,
      "t0": 10,
      "kappa": 0.75
    },
    "Stretch Move": {
      "distribution": "Gaussian",
      "tau": 273.9656466161428,
      "tau_std": 18.08658560536569,
      "ess": 3650.0926753094495,
      "ess_by_coordinate": [
        4470.233701605061,
        4700.64985235206,
        3666.962735025085,
        3934.893020208889,
        4074.571416090381,
        4132.454903024695,
        3650.0926753094495,
        4081.624543121414,
        4155.614746936339,
        4679.7290903235025,
        4464.927436829223,
        4059.1969638189844,
        4648.833718198205,
        4385.395836271393,
        4643.85109059098,
        3780.583599194865,
        4426.8674813927655,
        4514.61770005367,
        4247.629821940819,
        4123.044354528112,
        3877.4972106942496,
        3895.922659118962,
        4234.746436899482,
        3942.760883141038,
        4892.32385543522,
        4203.356684474552,
        4365.088291605602,
        4528.810765050589,
        4634.681540982447,
        4351.244154404653,
        4372.862918223977,
        4732.208286836538
      ],
      "ess_valid_fraction": [
        0.77,
        0.86,
        0.66,
        0.73,
        0.75,
        0.78,
        0.69,
        0.74,
        0.72,
        0.76,
        0.74,
        0.71,
        0.78,
        0.77,
        0.75,
        0.71,
        0.75,
        0.78,
        0.73,
        0.79,
        0.69,
        0.7,
        0.7,
        0.71,
        0.78,
        0.77,
        0.77,
        0.79,
        0.79,
        0.77,
        0.75,
        0.79
      ],
      "n_evaluations": 1000000.0,
      "evaluation_type": "function",
      "ess_per_eval": 0.0036500926753094496,
      "time": 5.736763954162598,
      "sigma": 0.0,
      "epsilon": 0.0,
      "n_leapfrog": null,
      "n_warmup": null,
      "target_accept": null,
      "gamma": null,
      "t0": null,
      "kappa": null
    },
    "HMC": {
      "distribution": "Gaussian",
      "tau": 6462.106009900911,
      "tau_std": 1679.0465307027034,
      "ess": 154.74831246467494,
      "ess_by_coordinate": [
        1000000.0,
        1000000.0,
        1000000.0,
        743239.5883103735,
        422424.8458253458,
        249401.6435696501,
        146622.96819592486,
        91709.35856671902,
        60255.86701523609,
        39704.582828175786,
        26228.920485597195,
        18886.096254705146,
        12317.064625657269,
        9347.366622670459,
        6671.164238208926,
        5296.744131988725,
        3794.3310199826465,
        2383.801254228852,
        1802.3890222001257,
        1119.193963557476,
        666.7924361226073,
        598.4607841268721,
        441.20189665437397,
        395.1214491137592,
        268.05711367141436,
        287.6251528058565,
        329.616353610073,
        333.43395571025286,
        357.1555153776232,
        397.8976258512981,
        154.74831246467494,
        204.99169427725656
      ],
      "ess_valid_fraction": [
        1.0,
        1.0,
        1.0,
        1.0,
        1.0,
        1.0,
        1.0,
        1.0,
        1.0,
        1.0,
        1.0,
        1.0,
        0.99,
        0.96,
        0.91,
        0.81,
        0.65,
        0.47,
        0.4,
        0.25,
        0.17,
        0.16,
        0.12,
        0.1,
        0.07,
        0.07,
        0.09,
        0.09,
        0.09,
        0.1,
        0.04,
        0.06
      ],
      "n_evaluations": 3000000.0,
      "evaluation_type": "gradient",
      "ess_per_eval": 5.158277082155831e-05,
      "time": 13.282946348190308,
      "sigma": 0.0,
      "epsilon": 4.3000359535217285,
      "n_leapfrog": 2,
      "n_warmup": 1000,
      "target_accept": 0.651,
      "gamma": 0.05,
      "t0": 10,
      "kappa": 0.75
    }
  }
}