{
  "dim": 32,
  "seed": 0,
  "n_samples": 10000,
  "burn_in": 1000,
  "n_thin": 1,
  "n_chains": 100,
  "cond": 1.0,
  "af": true,
  "transform_affine": true,
  "summary": {
    "Dense-mass NUTS": {
      "distribution": "Gaussian",
      "tau": 1.0004965713705563,
      "tau_std": 0.0001321983513306756,
      "ess": 999503.6750901844,
      "ess_by_coordinate": [
        1000000.0,
        1000000.0,
        1000000.0,
        1000000.0,
        1000000.0,
        1000000.0,
        1000000.0,
        1000000.0,
        1000000.0,
        1000000.0,
        1000000.0,
        1000000.0,
        1000000.0,
        1000000.0,
        1000000.0,
        1000000.0,
        1000000.0,
        1000000.0,
        1000000.0,
        1000000.0,
        1000000.0,
        999503.6750901844,
        1000000.0,
        1000000.0,
        1000000.0,
        1000000.0,
        1000000.0,
        1000000.0,
        999621.0514957933,
        1000000.0,
        1000000.0,
        999524.8389580485
      ],
      "ess_valid_fraction": [
        1.0,
        1.0,
        1.0,
        1.0,
        1.0,
        1.0,
        1.0,
        1.0,
        1.0,
        1.0,
        1.0,
        1.0,
        1.0,
        1.0,
        1.0,
        1.0,
        1.0,
        1.0,
        1.0,
        1.0,
        1.0,
        1.0,
        1.0,
        1.0,
        1.0,
        1.0,
        1.0,
        1.0,
        1.0,
        1.0,
        1.0,
        1.0
      ],
      "n_evaluations": 7072469.090909091,
      "evaluation_type": "gradient",
      "ess_per_eval": 0.14132315917434554,
      "time": 34.25846004486084,
      "sigma": 0.0,
      "epsilon": 0.49570131301879883,
      "n_leapfrog": 7.072469090909091,
      "n_warmup": 1000,
      "target_accept": 0.8,
      "gamma": 0.05,
      "t0": 10,
      "kappa": 0.75
    },
    "Hamiltonian Walk Move": {
      "distribution": "Gaussian",
      "tau": 1.2261884009827404,
      "tau_std": 0.007868024395907747,
      "ess": 815535.3607965468,
      "ess_by_coordinate": [
        817193.3478351848,
        817102.7754569316,
        815535.3607965468,
        823922.1181968909,
        817161.9012619801,
        831049.2272022124,
        834546.1173249006,
        824621.755528492,
        817464.9963268711,
        821169.6435467268,
        822886.2082088705,
        824167.02570156,
        824779.7390680963,
        828154.7639207616,
        826362.655214279,
        815756.1239833271,
        818882.2098599463,
        819543.3161558548,
        824858.0440851063,
        835737.0449165291,
        826142.6128648366,
        828016.2872836826,
        818756.8774470133,
        832003.9001616616,
        822207.7924551362,
        829877.6967766937,
        820722.7411091131,
        819658.1669192768,
        821796.860125919,
        821355.03076033,
        820489.5075788159,
        828598.9487975878
      ],
      "ess_valid_fraction": [
        1.0,
        1.0,
        1.0,
        1.0,
        1.0,
        1.0,
        1.0,
        1.0,
        1.0,
        1.0,
        1.0,
        1.0,
        1.0,
        1.0,
        1.0,
        1.0,
        1.0,
        1.0,
        1.0,
        1.0,
        1.0,
        1.0,
        1.0,
        1.0,
        1.0,
        1.0,
        1.0,
        1.0,
        1.0,
        1.0,
        1.0,
        1.0
      ],
      "n_evaluations": 9000000.0,
      "evaluation_type": "gradient",
      "ess_per_eval": 0.0906150400885052,
      "time": 22.962756395339966,
      "sigma": 0.0,
      "epsilon": 0.6404685974121094,
      "n_leapfrog": 8,
      "n_warmup": 1000,
      "target_accept": 0.651,
      "gamma": 0.05,
      "t0": 10,
      "kappa": 0.75
    },
    "Stretch Move": {
      "distribution": "Gaussian",
      "tau": 278.0127163180998,
      "tau_std": 17.529301493037,
      "ess": 3596.9577695712605,
      "ess_by_coordinate": [
        5087.306578315048,
        4385.64364291272,
        4361.874536835105,
        4167.429579749513,
        4271.549859728156,
        4662.157527130003,
        3874.389412354708,
        4508.515104305804,
        4625.813618071853,
        4527.91529078154,
        4064.8919946787973,
        4565.391390907412,
        4515.040822301485,
        4629.865410464616,
        3596.9577695712605,
        4235.886127928418,
        3962.4757633149065,
        4225.5439677164595,
        4276.956391963758,
        4483.912531551757,
        4343.079694710196,
        4404.7235347258675,
        4791.248285438567,
        4604.41129260588,
        3921.607076177236,
        4454.540122995251,
        4210.198186199816,
        4930.359638287404,
        4668.685193704788,
        4397.365611579395,
        3762.0915232585417,
        4281.533958741602
      ],
      "ess_valid_fraction": [
        0.84,
        0.76,
        0.74,
        0.67,
        0.7,
        0.79,
        0.71,
        0.71,
        0.76,
        0.77,
        0.73,
        0.77,
        0.77,
        0.8,
        0.66,
        0.74,
        0.73,
        0.75,
        0.76,
        0.73,
        0.76,
        0.79,
        0.81,
        0.82,
        0.67,
        0.8,
        0.72,
        0.79,
        0.81,
        0.76,
        0.65,
        0.76
      ],
      "n_evaluations": 1000000.0,
      "evaluation_type": "function",
      "ess_per_eval": 0.0035969577695712605,
      "time": 5.920378923416138,
      "sigma": 0.0,
      "epsilon": 0.0,
      "n_leapfrog": null,
      "n_warmup": null,
      "target_accept": null,
      "gamma": null,
      "t0": null,
      "kappa": null
    },
    "HMC": {
      "distribution": "Gaussian",
      "tau": 1.9397513940679487,
      "tau_std": 0.012664497162835782,
      "ess": 515529.9813461407,
      "ess_by_coordinate": [
        516161.24653114023,
        518735.89481270424,
        522274.175703809,
        523694.32955912675,
        525162.9226861116,
        524018.0433763918,
        519905.19559491443,
        523349.81836651627,
        515529.9813461407,
        520051.59604609304,
        525474.0934063067,
        523791.75114761724,
        520209.228441421,
        518332.269259503,
        526003.0579006228,
        518162.0707339904,
        517615.8566476964,
        525570.6158489179,
        522361.0677081723,
        520897.06334542535,
        528288.1707012893,
        520167.6952701438,
        524739.8942051078,
        517824.9134031377,
        524039.6872116894,
        529815.4906532182,
        520817.2229475305,
        520062.10294194735,
        525463.248077985,
        521929.4737746359,
        526596.1713429738,
        520828.57066892314
      ],
      "ess_valid_fraction": [
        1.0,
        1.0,
        1.0,
        1.0,
        1.0,
        1.0,
        1.0,
        1.0,
        1.0,
        1.0,
        1.0,
        1.0,
        1.0,
        1.0,
        1.0,
        1.0,
        1.0,
        1.0,
        1.0,
        1.0,
        1.0,
        1.0,
        1.0,
        1.0,
        1.0,
        1.0,
        1.0,
        1.0,
        1.0,
        1.0,
        1.0,
        1.0
      ],
      "n_evaluations": 3000000.0,
      "evaluation_type": "gradient",
      "ess_per_eval": 0.17184332711538022,
      "time": 12.81511402130127,
      "sigma": 0.0,
      "epsilon": 2.053194999694824,
      "n_leapfrog": 2,
      "n_warmup": 1000,
      "target_accept": 0.651,
      "gamma": 0.05,
      "t0": 10,
      "kappa": 0.75
    }
  }
}