{
  "dim": 64,
  "seed": 3,
  "condition_number": 50,
  "n_samples": 10000,
  "burn_in": 1000,
  "n_thin": 1,
  "n_chains": 16,
  "af": false,
  "initialization_mode": "agnostic",
  "initialization_description": "independent N(0, 2^2) coordinates in the intrinsic Rosenbrock frame",
  "transform_affine": false,
  "overlay_rosenbrock": {
    "a": 1.0,
    "b": 100.0,
    "sigma": 0.7
  },
  "summary": {
    "Dense-mass NUTS": {
      "distribution": "Paired Rosenbrock",
      "tau": 12.401002755807818,
      "tau_std": 1.3015592312647488,
      "ess": 12902.182440453573,
      "ess_by_coordinate": [
        18618.20765528792,
        17621.043968759335,
        18005.216235619348,
        16735.87842568106,
        20869.700257857272,
        18686.142111958827,
        22722.14896575304,
        20355.770562797858,
        15478.78136289241,
        15609.84982381043,
        20801.45615349955,
        20877.807180415388,
        18487.15054388709,
        18361.635490505072,
        15876.77382861586,
        15200.276892675709,
        23408.898177576088,
        19453.340940797007,
        21669.3614104932,
        18835.03398057157,
        21377.573583734677,
        18742.832604733983,
        21182.97710384917,
        21008.206736817338,
        16792.843482622437,
        16468.533911159335,
        18437.249802860384,
        19976.2178038976,
        14825.608414868668,
        12902.182440453573,
        20889.022893887417,
        19806.349503548707,
        23209.331709193502,
        22376.36312609224,
        25259.46930143838,
        23605.792100113824,
        17893.170399155868,
        16352.240064633994,
        26131.30136515721,
        25961.89801074897,
        17430.64325982483,
        15267.035144739466,
        17956.531935629973,
        17001.47514709513,
        18920.483608057155,
        17948.723699107777,
        16399.39095814102,
        15959.246223753828,
        17657.085840199776,
        15001.367019303814,
        16794.67919045253,
        14752.965792270725,
        20826.93427532036,
        21241.65488973357,
        17997.243934248385,
        18366.91518348982,
        19369.26566500959,
        17645.76468939163,
        25889.945052080773,
        24735.616422231367,
        20224.213114076083,
        19918.077688048063,
        18642.907792201426,
        18328.02207266715
      ],
      "ess_valid_fraction": [
        0.75,
        0.75,
        0.75,
        0.75,
        0.75,
        0.75,
        0.75,
        0.875,
        0.75,
        0.8125,
        0.75,
        0.75,
        0.75,
        0.8125,
        0.8125,
        0.75,
        0.75,
        0.75,
        0.875,
        0.75,
        0.75,
        0.75,
        0.8125,
        0.75,
        0.8125,
        0.75,
        0.75,
        0.75,
        0.75,
        0.75,
        0.75,
        0.75,
        0.75,
        0.8125,
        0.75,
        0.75,
        0.75,
        0.75,
        0.875,
        0.8125,
        0.75,
        0.75,
        0.75,
        0.75,
        0.75,
        0.75,
        0.75,
        0.75,
        0.75,
        0.75,
        0.75,
        0.75,
        0.75,
        0.75,
        0.75,
        0.75,
        0.8125,
        0.8125,
        0.75,
        0.75,
        0.75,
        0.75,
        0.75,
        0.75
      ],
      "n_evaluations": 40775999.09090909,
      "evaluation_type": "gradient",
      "ess_per_eval": 0.00031641609594135195,
      "time": 266.1782383918762,
      "sigma": 0.7,
      "epsilon": 9.007310291053727e-05,
      "n_leapfrog": 254.8499943181818,
      "n_warmup": 1000,
      "target_accept": 0.8,
      "gamma": 0.05,
      "t0": 10,
      "kappa": 0.75
    },
    "Hamiltonian Walk Move": {
      "distribution": "Paired Rosenbrock",
      "tau": 117.41721038407579,
      "tau_std": 13.162237244052427,
      "ess": 1362.6622492276424,
      "ess_by_coordinate": [
        3504.8624809008998,
        3806.2551322655704,
        5724.233986798853,
        2886.604569813317,
        3213.6590386080916,
        3018.7294269672907,
        2793.5973706871814,
        4606.499172698357,
        3654.0415861722695,
        3463.493762153566,
        1362.6622492276424,
        3703.5332567461005,
        2876.519442610174,
        3725.5341691834174,
        2968.172097406212,
        3207.34356320886,
        3108.3361917532343,
        3463.289010678339,
        2783.1206158937784,
        3386.70341383128,
        3229.9305763627453,
        3041.441084903112,
        2646.6791933912064,
        3361.6185234235218,
        3569.741250625928,
        3446.7570134720995,
        3559.6920233416063,
        3205.365553977245,
        1849.681628302737,
        2863.5136141234957,
        3305.588075704651,
        3172.6858220191,
        2986.3643532703227,
        2642.646873432255,
        3349.404168734346,
        2739.9407328920865,
        3543.8309405941914,
        2960.7762455866127,
        2901.9448260083786,
        2965.8265547973824,
        2811.5836695760445,
        3172.8600796241344,
        1905.7737103438094,
        2696.760362539751,
        2841.168897253805,
        3529.463572319413,
        3494.0525546934773,
        3667.1847730187533,
        2787.196702377304,
        3454.989428955198,
        3127.1087627916886,
        3436.541510979811,
        2693.2399227665564,
        2802.839360647461,
        2408.053930115006,
        1862.5050212418832,
        3268.169431081086,
        2744.5657374709235,
        2919.904774631608,
        3327.123192514827,
        4799.524632001292,
        2614.8504194840934,
        4089.2274111965553,
        2249.2698812205685
      ],
      "ess_valid_fraction": [
        0.875,
        0.9375,
        1.0,
        0.875,
        0.8125,
        0.875,
        0.9375,
        1.0,
        0.9375,
        0.8125,
        0.75,
        0.875,
        0.8125,
        0.875,
        0.875,
        0.9375,
        0.8125,
        1.0,
        0.9375,
        0.8125,
        0.9375,
        0.875,
        1.0,
        0.875,
        0.875,
        0.875,
        0.875,
        0.8125,
        0.875,
        0.875,
        0.875,
        0.875,
        0.875,
        0.9375,
        0.875,
        0.875,
        0.875,
        0.875,
        0.875,
        0.875,
        0.875,
        0.9375,
        0.9375,
        0.875,
        0.875,
        0.875,
        0.875,
        0.9375,
        0.875,
        0.875,
        0.875,
        0.875,
        0.8125,
        0.875,
        0.9375,
        0.75,
        0.875,
        0.8125,
        0.875,
        0.8125,
        1.0,
        0.875,
        0.9375,
        0.875
      ],
      "n_evaluations": 960000.0,
      "evaluation_type": "gradient",
      "ess_per_eval": 0.0014194398429454608,
      "time": 20.443088054656982,
      "sigma": 0.7,
      "epsilon": 0.38063403964042664,
      "n_leapfrog": 5,
      "n_warmup": 1000,
      "target_accept": 0.651,
      "gamma": 0.05,
      "t0": 10,
      "kappa": 0.75
    },
    "Stretch Move": {
      "distribution": "Paired Rosenbrock",
      "tau": NaN,
      "tau_std": 1101.0134259855504,
      "ess": 0.0,