{
  "dim": 64,
  "seed": 3,
  "condition_number": 50,
  "n_samples": 10000,
  "burn_in": 2000,
  "n_thin": 1,
  "n_chains": 150,
  "hwm_walkers_requested": 300,
  "jax_enable_x64": true,
  "af": false,
  "initialization_mode": "agnostic",
  "initialization_description": "independent N(0, 2^2) coordinates in the intrinsic Rosenbrock frame",
  "transform_affine": false,
  "overlay_rosenbrock": {
    "a": 1.0,
    "b": 100.0,
    "sigma": 1.5
  },
  "summary": {
    "Dense-mass NUTS": {
      "distribution": "Paired Rosenbrock",
      "tau": 15.483459620642163,
      "tau_std": 0.5767735072285117,
      "ess": 96877.57366578703,
      "ess_by_coordinate": [
        100554.16894283025,
        98705.75992750913,
        100414.27027001543,
        97654.60245112688,
        110441.16502809175,
        104262.45141384727,
        107338.58593013906,
        104364.84360762255,
        104020.4601138586,
        101916.58741567677,
        103697.06763941364,
        97149.65645726549,
        114157.98388318837,
        108166.65281612189,
        105303.64081271263,
        99804.05385902213,
        104101.96975744868,
        99908.52664614303,
        103378.5565323976,
        103433.8914982827,
        99886.4881822007,
        100272.77837456545,
        106236.67293567836,
        106002.64344030104,
        107670.65508142045,
        107730.02617224515,
        104337.1506600219,
        101456.76339237869,
        99643.01490696902,
        100339.25095445997,
        102340.52361729405,
        97644.2575493568,
        109721.98056082145,
        114096.07455459051,
        108212.63512806201,
        110529.37210099207,
        103009.15088466366,
        102144.07803715106,
        105594.9276035187,
        102876.17097649438,
        108073.38501628814,
        104880.89649336593,
        103324.6430816525,
        104648.57035407657,
        109256.50616236706,
        103371.17754082334,
        99501.75372364634,
        98464.06783384614,
        113984.8523838646,
        113851.69090445474,
        107090.40209473704,
        108614.49565509042,
        106747.6752975895,
        102699.08948117156,
        101906.92319995683,
        96877.57366578703,
        100387.54069709955,
        101831.0166130538,
        101387.98053789014,
        103471.59553945679,
        106575.55113960858,
        101314.6504514516,
        101836.04817527003,
        100331.99186879743
      ],
      "ess_valid_fraction": [
        1.0,
        1.0,
        1.0,
        1.0,
        1.0,
        1.0,
        1.0,
        1.0,
        1.0,
        1.0,
        1.0,
        1.0,
        1.0,
        1.0,
        1.0,
        1.0,
        1.0,
        1.0,
        1.0,
        1.0,
        1.0,
        1.0,
        1.0,
        1.0,
        1.0,
        1.0,
        0.9933333333333333,
        0.9933333333333333,
        1.0,
        1.0,
        1.0,
        1.0,
        1.0,
        1.0,
        1.0,
        1.0,
        1.0,
        1.0,
        1.0,
        1.0,
        1.0,
        1.0,
        0.9933333333333333,
        1.0,
        1.0,
        1.0,
        1.0,
        1.0,
        1.0,
        1.0,
        1.0,
        1.0,
        1.0,
        1.0,
        1.0,
        1.0,
        1.0,
        1.0,
        1.0,
        1.0,
        1.0,
        1.0,
        1.0,
        1.0
      ],
      "n_evaluations": 382457765.0,
      "evaluation_type": "gradient",
      "ess_per_eval": 0.0002533026716447685,
      "time": 390.24757504463196,
      "sigma": 1.5,
      "epsilon": 0.010231568783676025,
      "n_leapfrog": 254.97184333333334,
      "n_warmup": 2000,
      "target_accept": 0.8,
      "gamma": 0.05,
      "t0": 10,
      "kappa": 0.75,
      "mean_mse": 0.0003835131576914253,
      "cov_mse": 0.001759965190233955,
      "acceptance_rate_mean": 0.8921585051951634,
      "acceptance_rate_min": 0.8111817261963367,
      "acceptance_rate_max": 0.9518751969697383,
      "n_divergent": 373,
      "actual_n_chains": 150,
      "diagnostic_draws_per_chain": 200,
      "sample_finite_fraction": 1.0,
      "finite_draw_fraction": 1.0,
      "sample_covariance_rank": 64,
      "sample_covariance_full_rank": true
    },
    "Hamiltonian Walk Move": {
      "distribution": "Paired Rosenbrock",
      "tau": 4.987640223624546,
      "tau_std": 0.6585693608455881,
      "ess": 601486.8485882655,
      "ess_by_coordinate": [
        828747.7944168786,
        610167.234924919,
        842143.1903691071,
        621917.1176191526,
        841395.5272932734,
        622564.3665455201,
        851486.5947369306,
        614206.8606165438,
        864607.4975114733,
        619747.346984172,
        859845.5196881966,
        628002.8311111513,
        850298.098333125,
        610640.6072718531,
        839536.5805708414,
        615947.2104978872,
        828155.6108874944,
        606737.9029731096,
        854694.06386638,
        624945.0920108871,
        840149.4321492366,
        622531.5675153427,
        835393.4908859816,
        607430.422913267,
        834031.6403104593,
        608527.5211104383,
        841190.9869939155,
        622223.4637214014,
        844208.1865428268,
        609081.1607423513,
        836491.8489818546,
        601486.8485882655,
        832545.2354963674,
        610885.406505086,
        856685.6539606062,
        619854.0268481832,
        832637.7835752564,
        608651.9586491771,
        850998.251815063,
        620562.3996053792,
        835065.789127333,
        603348.8480829751,
        827582.11720257,
        607813.5337577767,
        836864.4436751343,
        618462.7921093495,
        857299.9683715015,
        631732.4605184612,
        854824.0076756421,
        634152.5794045705,
        849951.2366164688,
        631282.443368054,
        837687.2905517734,
        611238.6728747871,
        847205.883968602,
        615331.4930172389,
        833988.6888995909,
        612867.8619207363,
        830898.7889333018,
        610375.9549262384,
        860076.1479856328,
        622549.5009593373,
        857410.7977699155,
        613763.5942564649
      ],
      "ess_valid_fraction": [
        1.0,
        1.0,
        1.0,
        1.0,
        1.0,
        1.0,
        1.0,
        1.0,
        1.0,
        1.0,
        1.0,
        1.0,
        0.9966666666666667,
        0.9966666666666667,
        1.0,
        1.0,
        1.0,
        1.0,
        1.0,
        1.0,
        1.0,
        1.0,
        1.0,
        1.0,
        1.0,
        1.0,
        1.0,
        1.0,
        1.0,
        1.0,
        1.0,
        1.0,
        1.0,
        1.0,
        1.0,
        1.0,
        1.0,
        1.0,
        1.0,
        1.0,
        1.0,
        1.0,
        1.0,
        1.0,
        1.0,
        0.9966666666666667,
        1.0,
        1.0,
        1.0,
        1.0,
        1.0,
        1.0,
        1.0,
        1.0,
        1.0,
        1.0,
        1.0,
        1.0,
        1.0,
        1.0,
        1.0,
        1.0,
        0.9966666666666667,
        0.9966666666666667
      ],
      "n_evaluations": 539779750.0,
      "evaluation_type": "gradient",
      "ess_per_eval": 0.0011143190321390632,
      "time": 214.13292407989502,
      "sigma": 1.5,
      "epsilon": 0.01864703479560773,
      "n_leapfrog": 178.92658333333333,
      "n_warmup": 2000,
      "target_accept": 0.651,
      "gamma": 0.05,
      "t0": 10,
      "kappa": 0.75,
      "mean_mse": 0.00014699188358867403,
      "cov_mse": 0.0008735832723915013,
      "acceptance_rate_mean": 0.641723611111111,
      "acceptance_rate_min": 0.6417236111111111,
      "acceptance_rate_max": 0.6417236111111111,
      "n_divergent": null,
      "actual_n_chains": 300,
      "diagnostic_draws_per_chain": 200,
      "sample_finite_fraction": 1.0,
      "finite_draw_fraction": 1.0,
      "sample_covariance_rank": 64,
      "sample_covariance_full_rank": true
    },
    "Stretch Move": {
      "distribution": "Paired Rosenbrock",