{
  "dim": 64,
  "seed": 2,
  "condition_number": 50,
  "n_samples": 10000,
  "burn_in": 1000,
  "n_thin": 1,
  "n_chains": 16,
  "af": false,
  "initialization_mode": "agnostic",
  "initialization_description": "independent N(0, 2^2) coordinates in the intrinsic Rosenbrock frame",
  "transform_affine": false,
  "overlay_rosenbrock": {
    "a": 1.0,
    "b": 100.0,
    "sigma": 0.7
  },
  "summary": {
    "Dense-mass NUTS": {
      "distribution": "Paired Rosenbrock",
      "tau": 10.564570373714506,
      "tau_std": 0.9107922826104901,
      "ess": 15144.96040445646,
      "ess_by_coordinate": [
        23384.504479311992,
        21950.58195455877,
        21848.254698681896,
        22318.364975036933,
        23798.26191238868,
        21840.144757426104,
        23992.342404403447,
        24196.753964192885,
        18773.888882766787,
        17070.14551508867,
        21935.84355336814,
        20464.65011176806,
        19638.41775501022,
        17387.561837937283,
        18010.392103412294,
        17290.18806287862,
        20532.150208581304,
        19608.705315307685,
        21099.01900597336,
        20739.360719677927,
        20726.127373443007,
        19448.088709699354,
        23210.49726401411,
        21176.571196813053,
        17720.06087815052,
        18795.017624927044,
        18924.866251373176,
        16796.62617690858,
        19479.546560831357,
        18351.872707428272,
        22089.988686863966,
        22096.458271164694,
        17351.86203367644,
        17508.03396674443,
        20325.51515141534,
        22491.940056782234,
        16806.052375261326,
        15144.96040445646,
        24810.441582904812,
        20909.68034152937,
        20007.23619020331,
        18802.924280060026,
        19832.734965373227,
        18626.509933172627,
        20619.353547808045,
        19785.51432944082,
        19124.805641076124,
        16144.719133422299,
        21772.236433470607,
        21629.32494856549,
        23524.91142661638,
        22217.6778179824,
        21119.995913746377,
        18886.12405699935,
        24073.676871460186,
        22817.297549269046,
        20602.622388019397,
        18746.68599739988,
        21061.729898788017,
        19572.348073680132,
        19081.392412378125,
        17281.009982121333,
        19282.157545600374,
        16685.87803657535
      ],
      "ess_valid_fraction": [
        0.8125,
        0.8125,
        0.8125,
        0.8125,
        0.875,
        0.8125,
        0.8125,
        0.875,
        0.8125,
        0.8125,
        0.9375,
        0.8125,
        0.8125,
        0.8125,
        0.875,
        0.8125,
        0.8125,
        0.875,
        0.875,
        0.8125,
        0.8125,
        0.8125,
        0.8125,
        0.8125,
        0.8125,
        0.8125,
        0.8125,
        0.8125,
        0.875,
        0.875,
        0.8125,
        0.8125,
        0.8125,
        0.875,
        0.8125,
        0.8125,
        0.875,
        0.8125,
        0.875,
        0.8125,
        0.8125,
        0.8125,
        0.8125,
        0.8125,
        0.8125,
        0.8125,
        0.875,
        0.8125,
        0.8125,
        0.8125,
        0.875,
        0.8125,
        0.8125,
        0.875,
        0.875,
        0.8125,
        0.8125,
        0.8125,
        0.8125,
        0.875,
        0.8125,
        0.8125,
        0.8125,
        0.8125
      ],
      "n_evaluations": 40786934.54545455,
      "evaluation_type": "gradient",
      "ess_per_eval": 0.00037131891801229453,
      "time": 267.3686819076538,
      "sigma": 0.7,
      "epsilon": 0.01677827723324299,
      "n_leapfrog": 254.91834090909092,
      "n_warmup": 1000,
      "target_accept": 0.8,
      "gamma": 0.05,
      "t0": 10,
      "kappa": 0.75
    },
    "Hamiltonian Walk Move": {
      "distribution": "Paired Rosenbrock",
      "tau": 12.136515300058349,
      "tau_std": 1.2183992733007878,
      "ess": 13183.355851677687,
      "ess_by_coordinate": [
        23157.025793165314,
        21478.7863411909,
        25866.1709766079,
        23834.60810205545,
        16876.479108218435,
        22279.72950999104,
        17687.10421750933,
        23828.22710087232,
        24975.996322325132,
        25139.76584189635,
        20648.060845004828,
        15121.81183150514,
        20773.859373706324,
        24758.54950717578,
        20819.239683468084,
        20014.29104143272,
        24762.65177577686,
        26261.483392095695,
        19405.20516899771,
        22138.13015144579,
        22868.829160921785,
        24626.792117065168,
        24853.369808999352,
        21771.543720960923,
        24582.17111089993,
        24411.303536384068,
        25850.58443606473,
        20020.33870845045,
        20265.353700587664,
        22697.365245679317,
        17446.537797458255,
        25754.723943216683,
        22399.157918831315,
        13183.355851677687,
        23194.48388769451,
        22039.039396856773,
        22338.274543168292,
        16786.444816889056,
        17361.74270268849,
        22443.705799761578,
        22527.198031039443,
        25552.317380701832,
        24501.70659658328,
        26403.786072143215,
        14704.936756608951,
        20154.321009356885,
        20521.228344380637,
        24390.27064769659,
        25193.984429498385,
        20434.839512702827,
        25525.908816294563,
        19056.19904014161,
        24603.89545819553,
        25710.024867346416,
        21675.924929674115,
        23995.339609199465,
        23412.31805832292,
        23001.93157592545,
        22363.327149421893,
        24993.481952215712,
        26061.68537392594,
        23524.631579083678,
        23702.910136605977,
        23304.12739531057
      ],
      "ess_valid_fraction": [
        1.0,
        1.0,
        1.0,
        1.0,
        1.0,
        1.0,
        1.0,
        1.0,
        1.0,
        1.0,
        1.0,
        1.0,
        1.0,
        1.0,
        1.0,
        1.0,
        1.0,
        1.0,
        1.0,
        1.0,
        1.0,
        1.0,
        1.0,
        1.0,
        1.0,
        1.0,
        1.0,
        1.0,
        1.0,
        1.0,
        1.0,
        1.0,
        1.0,
        1.0,
        1.0,
        1.0,
        1.0,
        1.0,
        1.0,
        1.0,
        1.0,
        1.0,
        1.0,
        1.0,
        1.0,
        1.0,
        1.0,
        1.0,
        1.0,
        1.0,
        1.0,
        1.0,
        1.0,
        1.0,
        1.0,
        1.0,
        1.0,
        1.0,
        1.0,
        1.0,
        1.0,
        1.0,
        1.0,
        1.0
      ],
      "n_evaluations": 800000.0,
      "evaluation_type": "gradient",
      "ess_per_eval": 0.016479194814597108,
      "time": 20.07932734489441,
      "sigma": 0.7,
      "epsilon": 0.5034043192863464,
      "n_leapfrog": 4,
      "n_warmup": 1000,
      "target_accept": 0.651,
      "gamma": 0.05,
      "t0": 10,
      "kappa": 0.75
    },
    "Stretch Move": {
      "distribution": "Paired Rosenbrock",
      "tau": NaN,
      "tau_std": 897.2191449428768,
      "ess": 0.0,