{
  "dim": 64,
  "seed": 2,
  "condition_number": 50,
  "n_samples": 10000,
  "burn_in": 2000,
  "n_thin": 1,
  "n_chains": 150,
  "hwm_walkers_requested": 300,
  "jax_enable_x64": true,
  "af": false,
  "initialization_mode": "agnostic",
  "initialization_description": "independent N(0, 2^2) coordinates in the intrinsic Rosenbrock frame",
  "transform_affine": false,
  "overlay_rosenbrock": {
    "a": 1.0,
    "b": 100.0,
    "sigma": 1.5
  },
  "summary": {
    "Dense-mass NUTS": {
      "distribution": "Paired Rosenbrock",
      "tau": 16.280344783880604,
      "tau_std": 0.6467454754159236,
      "ess": 92135.64085480369,
      "ess_by_coordinate": [
        101230.4497246785,
        98956.9380868875,
        104120.51446747867,
        101630.20920683336,
        109185.06439966842,
        104381.90329171385,
        100261.8675526523,
        101443.80026256453,
        96791.9999759405,
        95562.17378771599,
        102699.06775191412,
        98113.0876486593,
        108621.77104799621,
        107455.78815476796,
        97239.26683503832,
        97387.58085648026,
        99395.43907691151,
        99657.18590208425,
        98328.79931766198,
        95253.50096841362,
        94444.50846638685,
        95243.29247542162,
        101525.08250243455,
        100201.45844888533,
        96288.6405967594,
        93730.16841785802,
        108625.53414807373,
        109718.68973322642,
        93895.60118556474,
        92990.19238034543,
        99608.41484888532,
        99267.98321690553,
        101984.69267469074,
        92901.78485308333,
        99620.54081876905,
        95451.6483201463,
        103468.34819700787,
        102172.73771477303,
        107076.2926512021,
        101340.43622298093,
        100668.11976929758,
        102640.45790058862,
        100989.77904937844,
        98256.5901900879,
        104362.56281053997,
        104216.94478822727,
        93993.22910641259,
        93462.60985524568,
        104456.08134432381,
        102758.2507220468,
        107938.58140011356,
        102605.70784244363,
        101699.9826240823,
        95921.32332182997,
        98058.30555126996,
        92135.64085480369,
        100858.09756095851,
        96935.31524672262,
        99277.42490412967,
        97025.54181107524,
        98047.32432631846,
        96079.00638183478,
        96142.5306584637,
        99327.97599566323
      ],
      "ess_valid_fraction": [
        0.9933333333333333,
        0.9933333333333333,
        0.9933333333333333,
        0.9933333333333333,
        0.9933333333333333,
        0.9933333333333333,
        0.9933333333333333,
        0.9933333333333333,
        1.0,
        1.0,
        0.9933333333333333,
        0.9933333333333333,
        0.9933333333333333,
        0.9933333333333333,
        0.9933333333333333,
        1.0,
        0.9933333333333333,
        1.0,
        0.9933333333333333,
        1.0,
        0.9933333333333333,
        0.9933333333333333,
        0.9933333333333333,
        0.9933333333333333,
        0.9933333333333333,
        0.9933333333333333,
        0.9933333333333333,
        1.0,
        0.9933333333333333,
        0.9933333333333333,
        1.0,
        1.0,
        0.9933333333333333,
        0.9933333333333333,
        1.0,
        1.0,
        0.9933333333333333,
        0.9933333333333333,
        0.9933333333333333,
        0.9933333333333333,
        1.0,
        1.0,
        1.0,
        1.0,
        0.9933333333333333,
        0.9933333333333333,
        0.9933333333333333,
        1.0,
        0.9933333333333333,
        0.9933333333333333,
        0.9933333333333333,
        0.9933333333333333,
        0.9866666666666667,
        0.9933333333333333,
        0.9866666666666667,
        0.9933333333333333,
        0.9933333333333333,
        0.9933333333333333,
        0.9933333333333333,
        0.9933333333333333,
        0.9933333333333333,
        0.9933333333333333,
        0.9933333333333333,
        1.0
      ],
      "n_evaluations": 380682125.0,
      "evaluation_type": "gradient",
      "ess_per_eval": 0.00024202775702905326,
      "time": 382.79061460494995,
      "sigma": 1.5,
      "epsilon": 0.013604616804226236,
      "n_leapfrog": 253.78808333333333,
      "n_warmup": 2000,
      "target_accept": 0.8,
      "gamma": 0.05,
      "t0": 10,
      "kappa": 0.75,
      "mean_mse": 0.0005696790227912261,
      "cov_mse": 0.001985520576700596,
      "acceptance_rate_mean": 0.8893577964475492,
      "acceptance_rate_min": 0.32814955290576436,
      "acceptance_rate_max": 0.954948424197004,
      "n_divergent": 9123,
      "actual_n_chains": 150,
      "diagnostic_draws_per_chain": 200,
      "sample_finite_fraction": 1.0,
      "finite_draw_fraction": 1.0,
      "sample_covariance_rank": 64,
      "sample_covariance_full_rank": true
    },
    "Hamiltonian Walk Move": {
      "distribution": "Paired Rosenbrock",
      "tau": 3.9798058504968203,
      "tau_std": 0.7028860545373214,
      "ess": 753805.6158255795,
      "ess_by_coordinate": [
        1205682.695212848,
        773842.3751944536,
        1206363.0770702343,
        773792.0023809306,
        1222363.5131788289,
        782024.6758876431,
        1209504.5294669154,
        790312.6323771718,
        1201381.8823538723,
        762004.9379730277,
        1191155.3180918796,
        780488.4680769268,
        1221028.4870008833,
        783343.8806090665,
        1196751.7114114051,
        770692.7602664296,
        1198583.7493555436,
        760049.0494671504,
        1198222.3282508417,
        756791.367718246,
        1209120.8389366264,
        770968.804774507,
        1190007.798491471,
        765667.8939823976,
        1220665.4428967857,
        784730.1649516999,
        1184316.7323831925,
        753805.6158255795,
        1194885.7281006018,
        760435.9141805269,
        1213799.0740304552,
        763211.0026998507,
        1177708.4007036358,
        764669.858477348,
        1226637.498156312,
        776393.9801897751,
        1204828.004878044,
        776475.2771368809,
        1217726.9137342903,
        776789.963702677,
        1196621.0855061233,
        765628.9055672062,
        1189089.5737447203,
        759017.8899568545,
        1236673.4475211953,
        777310.7950336725,
        1219046.056134971,
        787917.0948930709,
        1206108.5824695318,
        776082.1930733642,
        1219988.073085673,
        782359.8303348253,
        1179906.5933301675,
        757900.1804280317,
        1210593.5046051685,
        778780.7420939563,
        1197141.3635550637,
        758577.781747137,
        1202023.8814963307,
        763918.0070649106,
        1199185.4058203867,
        756669.9665591253,
        1219727.817640487,
        774213.5190499787
      ],