{
  "dim": 8,
  "seed": 4,
  "condition_number": 50,
  "n_samples": 10000,
  "burn_in": 1000,
  "n_thin": 1,
  "n_chains": 16,
  "af": false,
  "initialization_mode": "agnostic",
  "initialization_description": "independent N(0, 2^2) coordinates in the intrinsic Rosenbrock frame",
  "transform_affine": false,
  "overlay_rosenbrock": {
    "a": 1.0,
    "b": 100.0,
    "sigma": 0.7
  },
  "summary": {
    "Dense-mass NUTS": {
      "distribution": "Paired Rosenbrock",
      "tau": 9.72980136678062,
      "tau_std": 0.6968487351691709,
      "ess": 16444.323369875794,
      "ess_by_coordinate": [
        17992.62045279944,
        16444.323369875794,
        17475.02465358392,
        17716.319125834045,
        19887.11758107537,
        19376.703794288842,
        20274.695147836537,
        21200.34214897318
      ],
      "ess_valid_fraction": [
        0.8125,
        0.8125,
        0.875,
        0.8125,
        0.8125,
        0.8125,
        0.8125,
        0.8125
      ],
      "n_evaluations": 17379730.90909091,
      "evaluation_type": "gradient",
      "ess_per_eval": 0.0009461782495880976,
      "time": 240.6412525177002,
      "sigma": 0.7,
      "epsilon": 7.896773604443297e-05,
      "n_leapfrog": 108.62331818181818,
      "n_warmup": 1000,
      "target_accept": 0.8,
      "gamma": 0.05,
      "t0": 10,
      "kappa": 0.75
    },
    "Hamiltonian Walk Move": {
      "distribution": "Paired Rosenbrock",
      "tau": 174.46918613157655,
      "tau_std": 9.19283230219713,
      "ess": 917.0673833449044,
      "ess_by_coordinate": [
        964.7143636783973,
        1000.1457758007848,
        956.0904313379624,
        924.1658647054763,
        973.8836915821239,
        1118.859932633855,
        917.0673833449044,
        997.4282873712697
      ],
      "ess_valid_fraction": [
        0.875,
        0.875,
        0.9375,
        0.875,
        0.9375,
        0.9375,
        0.9375,
        0.875
      ],
      "n_evaluations": 1600000.0,
      "evaluation_type": "gradient",
      "ess_per_eval": 0.0005731671145905653,
      "time": 20.308454036712646,
      "sigma": 0.7,
      "epsilon": 0.04683300852775574,
      "n_leapfrog": 9,
      "n_warmup": 1000,
      "target_accept": 0.651,
      "gamma": 0.05,
      "t0": 10,
      "kappa": 0.75
    },
    "Stretch Move": {
      "distribution": "Paired Rosenbrock",
      "tau": 4543.036767494402,
      "tau_std": 1161.9656583034614,
      "ess": 35.21873323694098,
      "ess_by_coordinate": [
        109.183536651844,
        104.52036424414342,
        35.21873323694098,
        228.65003417938215,
        105.62259265452187,
        122.650943458625,
        157.36156275148804,
        240.21412969431526
      ],
      "ess_valid_fraction": [
        0.1875,
        0.1875,
        0.0625,
        0.3125,
        0.1875,
        0.1875,
        0.1875,
        0.1875
      ],
      "n_evaluations": 160000.0,
      "evaluation_type": "function",
      "ess_per_eval": 0.0002201170827308811,
      "time": 0.8639805316925049,
      "sigma": 0.7,
      "epsilon": 0.0,
      "n_leapfrog": null,
      "n_warmup": null,
      "target_accept": null,
      "gamma": null,
      "t0": null,
      "kappa": null
    },
    "HMC": {
      "distribution": "Paired Rosenbrock",
      "tau": 130.61498173042213,
      "tau_std": 11.998336564511748,
      "ess": 1224.9743320427513,
      "ess_by_coordinate": [
        1655.315798959268,
        1349.8866227215574,
        1665.741585443845,
        1438.7817744438762,
        1501.574371861232,
        1254.6452151109945,
        1400.0260547207035,
        1224.9743320427513
      ],
      "ess_valid_fraction": [
        1.0,
        0.9375,
        1.0,
        1.0,
        0.9375,
        0.875,
        0.9375,
        0.9375
      ],
      "n_evaluations": 2400000.0,
      "evaluation_type": "gradient",
      "ess_per_eval": 0.0005104059716844796,
      "time": 11.924726009368896,
      "sigma": 0.7,
      "epsilon": 0.02256866730749607,
      "n_leapfrog": 14,
      "n_warmup": 1000,
      "target_accept": 0.651,
      "gamma": 0.05,
      "t0": 10,
      "kappa": 0.75
    }
  }
}