{
  "dim": 8,
  "seed": 4,
  "condition_number": 50,
  "n_samples": 10000,
  "burn_in": 2000,
  "n_thin": 1,
  "n_chains": 150,
  "hwm_walkers_requested": 300,
  "jax_enable_x64": true,
  "af": false,
  "initialization_mode": "agnostic",
  "initialization_description": "independent N(0, 2^2) coordinates in the intrinsic Rosenbrock frame",
  "transform_affine": false,
  "overlay_rosenbrock": {
    "a": 1.0,
    "b": 100.0,
    "sigma": 1.5
  },
  "summary": {
    "Dense-mass NUTS": {
      "distribution": "Paired Rosenbrock",
      "tau": 7.111542097310564,
      "tau_std": 0.5964336462960826,
      "ess": 210924.7163941093,
      "ess_by_coordinate": [
        258096.80514590855,
        210924.7163941093,
        255498.6759291417,
        216999.27726531026,
        251854.8308652721,
        211168.90989013523,
        263768.50324462214,
        217284.66441225135
      ],
      "ess_valid_fraction": [
        0.9866666666666667,
        1.0,
        0.9866666666666667,
        0.9866666666666667,
        0.9933333333333333,
        0.9933333333333333,
        0.9866666666666667,
        0.9866666666666667
      ],
      "n_evaluations": 196612381.66666666,
      "evaluation_type": "gradient",
      "ess_per_eval": 0.0010727946765413153,
      "time": 343.94993114471436,
      "sigma": 1.5,
      "epsilon": 0.02009374205924044,
      "n_leapfrog": 131.0749211111111,
      "n_warmup": 2000,
      "target_accept": 0.8,
      "gamma": 0.05,
      "t0": 10,
      "kappa": 0.75,
      "mean_mse": 0.0011971932955904046,
      "cov_mse": 0.004177436445445733,
      "acceptance_rate_mean": 0.8775292394673682,
      "acceptance_rate_min": 0.21808347618844034,
      "acceptance_rate_max": 0.9712985278716654,
      "n_divergent": 14350,
      "actual_n_chains": 150,
      "diagnostic_draws_per_chain": 200,
      "sample_finite_fraction": 1.0,
      "finite_draw_fraction": 1.0,
      "sample_covariance_rank": 8,
      "sample_covariance_full_rank": true
    },
    "Hamiltonian Walk Move": {
      "distribution": "Paired Rosenbrock",
      "tau": 19.09650360077864,
      "tau_std": 1.0489365670003792,
      "ess": 157096.82058644903,
      "ess_by_coordinate": [
        166681.77128946903,
        161494.58925200606,
        162011.9601883259,
        169041.57142709018,
        157096.82058644903,
        184341.7712299963,
        162105.3538269782,
        187202.20272445423
      ],
      "ess_valid_fraction": [
        0.96,
        0.9566666666666667,
        0.9533333333333334,
        0.96,
        0.9566666666666667,
        0.9466666666666667,
        0.9366666666666666,
        0.9366666666666666
      ],
      "n_evaluations": 150279499.99999997,
      "evaluation_type": "gradient",
      "ess_per_eval": 0.0010453642751436427,
      "time": 70.99157643318176,
      "sigma": 1.5,
      "epsilon": 0.03282100480732485,
      "n_leapfrog": 49.09316666666666,
      "n_warmup": 2000,
      "target_accept": 0.651,
      "gamma": 0.05,
      "t0": 10,
      "kappa": 0.75,
      "mean_mse": 0.020165146418536527,
      "cov_mse": 0.03825843984276476,
      "acceptance_rate_mean": 0.6212788888888888,
      "acceptance_rate_min": 0.6212788888888888,
      "acceptance_rate_max": 0.6212788888888888,
      "n_divergent": null,
      "actual_n_chains": 300,
      "diagnostic_draws_per_chain": 200,
      "sample_finite_fraction": 1.0,
      "finite_draw_fraction": 1.0,
      "sample_covariance_rank": 8,
      "sample_covariance_full_rank": true
    },
    "Stretch Move": {
      "distribution": "Paired Rosenbrock",
      "tau": 2453.503873522431,
      "tau_std": 561.2172032858765,
      "ess": 611.3705448716041,
      "ess_by_coordinate": [
        611.3705448716041,
        1450.0942104579005,
        1099.3731376554492,
        1769.8748424278242,
        684.833009445988,
        952.2248501879257,
        1034.3981199172724,
        1848.875807781953
      ],
      "ess_valid_fraction": [
        0.1,
        0.23333333333333334,
        0.16666666666666666,
        0.24666666666666667,
        0.11333333333333333,
        0.14666666666666667,
        0.17333333333333334,
        0.30666666666666664
      ],
      "n_evaluations": 1500000.0,
      "evaluation_type": "function",
      "ess_per_eval": 0.0004075803632477361,
      "time": 3.1509594917297363,
      "sigma": 1.5,
      "epsilon": 0.0,
      "n_leapfrog": null,
      "n_warmup": null,
      "target_accept": null,
      "gamma": null,
      "t0": null,
      "kappa": null,
      "mean_mse": 1.6531517210359241,
      "cov_mse": 0.641838302340337,
      "acceptance_rate_mean": 0.11769444444444446,
      "acceptance_rate_min": 0.06075,
      "acceptance_rate_max": 0.15166666666666667,
      "n_divergent": null,
      "actual_n_chains": 150,
      "diagnostic_draws_per_chain": 200,
      "sample_finite_fraction": 1.0,
      "finite_draw_fraction": 1.0,
      "sample_covariance_rank": 8,
      "sample_covariance_full_rank": true
    },
    "HMC": {
      "distribution": "Paired Rosenbrock",
      "tau": 1568.139186674353,
      "tau_std": 277.92948525363454,
      "ess": 956.5477431765098,
      "ess_by_coordinate": [
        1403.5023788781618,
        1935.946093377483,
        1066.9517533337953,
        1508.9434889884133,
        1044.3701712673292,
        1753.7128955879298,
        956.5477431765098,
        1578.3839869521405
      ],
      "ess_valid_fraction": [
        0.22,
        0.28,
        0.16,
        0.20666666666666667,
        0.17333333333333334,
        0.2733333333333333,
        0.16666666666666666,
        0.24666666666666667
      ],
      "n_evaluations": 1500000.0,
      "evaluation_type": "gradient",
      "ess_per_eval": 0.0006376984954510065,
      "time": 12.321529626846313,
      "sigma": 1.5,
      "epsilon": 0.06960244663189669,
      "n_leapfrog": 0.0,
      "n_warmup": 2000,
      "target_accept": 0.651,
      "gamma": 0.05,
      "t0": 10,
      "kappa": 0.75,
      "mean_mse": 1.2994795232326117,
      "cov_mse": 0.6472077347808399,
      "acceptance_rate_mean": 0.5253777777777778,
      "acceptance_rate_min": 0.5253777777777777,
      "acceptance_rate_max": 0.5253777777777777,
      "n_divergent": null,
      "actual_n_chains": 150,
      "diagnostic_draws_per_chain": 200,
      "sample_finite_fraction": 1.0,
      "finite_draw_fraction": 1.0,
      "sample_covariance_rank": 8,
      "sample_covariance_full_rank": true
    }
  }
}