{
  "dim": 8,
  "seed": 2,
  "condition_number": 50,
  "n_samples": 10000,
  "burn_in": 2000,
  "n_thin": 1,
  "n_chains": 150,
  "hwm_walkers_requested": 300,
  "jax_enable_x64": true,
  "af": false,
  "initialization_mode": "agnostic",
  "initialization_description": "independent N(0, 2^2) coordinates in the intrinsic Rosenbrock frame",
  "transform_affine": false,
  "overlay_rosenbrock": {
    "a": 1.0,
    "b": 100.0,
    "sigma": 1.5
  },
  "summary": {
    "Dense-mass NUTS": {
      "distribution": "Paired Rosenbrock",
      "tau": 7.564221317340916,
      "tau_std": 0.6431151736855506,
      "ess": 198301.9714879656,
      "ess_by_coordinate": [
        244851.1903349209,
        205189.08874488465,
        242261.96826663238,
        200087.55719075276,
        246125.39306517597,
        198301.9714879656,
        236930.36189308012,
        200963.49472381012
      ],
      "ess_valid_fraction": [
        0.98,
        0.98,
        0.9933333333333333,
        0.9933333333333333,
        0.9933333333333333,
        0.9933333333333333,
        0.98,
        0.9933333333333333
      ],
      "n_evaluations": 193311116.6666667,
      "evaluation_type": "gradient",
      "ess_per_eval": 0.0010258177331307068,
      "time": 366.464421749115,
      "sigma": 1.5,
      "epsilon": 0.022534575331634693,
      "n_leapfrog": 128.87407777777779,
      "n_warmup": 2000,
      "target_accept": 0.8,
      "gamma": 0.05,
      "t0": 10,
      "kappa": 0.75,
      "mean_mse": 0.002306203931355202,
      "cov_mse": 0.005325601879570145,
      "acceptance_rate_mean": 0.871758605862866,
      "acceptance_rate_min": 0.5337357934638568,
      "acceptance_rate_max": 0.9768454101903328,
      "n_divergent": 16323,
      "actual_n_chains": 150,
      "diagnostic_draws_per_chain": 200,
      "sample_finite_fraction": 1.0,
      "finite_draw_fraction": 1.0,
      "sample_covariance_rank": 8,
      "sample_covariance_full_rank": true
    },
    "Hamiltonian Walk Move": {
      "distribution": "Paired Rosenbrock",
      "tau": 24.469167781025806,
      "tau_std": 1.4407390855953643,
      "ess": 122603.2706484729,
      "ess_by_coordinate": [
        140357.5405057401,
        150611.97958095363,
        127470.17129127379,
        143724.41940906938,
        122603.2706484729,
        128397.22711089774,
        131514.07077639864,
        130252.17820800537
      ],
      "ess_valid_fraction": [
        0.92,
        0.93,
        0.9133333333333333,
        0.9233333333333333,
        0.9133333333333333,
        0.9266666666666666,
        0.9233333333333333,
        0.9333333333333333
      ],
      "n_evaluations": 121291750.0,
      "evaluation_type": "gradient",
      "ess_per_eval": 0.001010812941922867,
      "time": 67.42140817642212,
      "sigma": 1.5,
      "epsilon": 0.033573353581531185,
      "n_leapfrog": 39.43058333333333,
      "n_warmup": 2000,
      "target_accept": 0.651,
      "gamma": 0.05,
      "t0": 10,
      "kappa": 0.75,
      "mean_mse": 0.01994817090648577,
      "cov_mse": 0.04774933719955219,
      "acceptance_rate_mean": 0.6068980555555555,
      "acceptance_rate_min": 0.6068980555555555,
      "acceptance_rate_max": 0.6068980555555555,
      "n_divergent": null,
      "actual_n_chains": 300,
      "diagnostic_draws_per_chain": 200,
      "sample_finite_fraction": 1.0,
      "finite_draw_fraction": 1.0,
      "sample_covariance_rank": 8,
      "sample_covariance_full_rank": true
    },
    "Stretch Move": {
      "distribution": "Paired Rosenbrock",
      "tau": 2553.4720165110684,
      "tau_std": 552.8578031183599,
      "ess": 587.4354566256504,
      "ess_by_coordinate": [
        867.7504324248944,
        1772.4839870396497,
        737.1845414675917,
        1555.320658212156,
        587.4354566256504,
        1196.2361047433226,
        792.6326247741233,
        1259.392930655166
      ],
      "ess_valid_fraction": [
        0.14,
        0.26666666666666666,
        0.13333333333333333,
        0.25333333333333335,
        0.1,
        0.18,
        0.13333333333333333,
        0.2
      ],
      "n_evaluations": 1500000.0,
      "evaluation_type": "function",
      "ess_per_eval": 0.00039162363775043364,
      "time": 6.534822940826416,
      "sigma": 1.5,
      "epsilon": 0.0,
      "n_leapfrog": null,
      "n_warmup": null,
      "target_accept": null,
      "gamma": null,
      "t0": null,
      "kappa": null,
      "mean_mse": 1.5289062186845859,
      "cov_mse": 0.6438323394454515,
      "acceptance_rate_mean": 0.11613722222222223,
      "acceptance_rate_min": 0.06225,
      "acceptance_rate_max": 0.14941666666666667,
      "n_divergent": null,
      "actual_n_chains": 150,
      "diagnostic_draws_per_chain": 200,
      "sample_finite_fraction": 1.0,
      "finite_draw_fraction": 1.0,
      "sample_covariance_rank": 8,
      "sample_covariance_full_rank": true
    },
    "HMC": {
      "distribution": "Paired Rosenbrock",
      "tau": 1992.1896928097362,
      "tau_std": 383.09815052321784,
      "ess": 752.940347705763,
      "ess_by_coordinate": [
        752.940347705763,
        1704.5678268520521,
        1256.8625775028693,
        1653.271840385877,
        954.2442551753069,
        1447.3332582141702,
        917.2351410994096,
        1530.303431417059
      ],
      "ess_valid_fraction": [
        0.13333333333333333,
        0.22666666666666666,
        0.20666666666666667,
        0.24,
        0.16,
        0.24666666666666667,
        0.14666666666666667,
        0.20666666666666667
      ],
      "n_evaluations": 1500000.0,
      "evaluation_type": "gradient",
      "ess_per_eval": 0.0005019602318038419,
      "time": 14.673293828964233,
      "sigma": 1.5,
      "epsilon": 0.05199793501523232,
      "n_leapfrog": 0.0,
      "n_warmup": 2000,
      "target_accept": 0.651,
      "gamma": 0.05,
      "t0": 10,
      "kappa": 0.75,
      "mean_mse": 0.5163877851683637,
      "cov_mse": 0.4080293958170586,
      "acceptance_rate_mean": 0.6421094444444444,
      "acceptance_rate_min": 0.6421094444444444,
      "acceptance_rate_max": 0.6421094444444444,
      "n_divergent": null,
      "actual_n_chains": 150,
      "diagnostic_draws_per_chain": 200,
      "sample_finite_fraction": 1.0,
      "finite_draw_fraction": 1.0,
      "sample_covariance_rank": 8,
      "sample_covariance_full_rank": true
    }
  }
}