{
  "dim": 8,
  "seed": 2,
  "condition_number": 50,
  "n_samples": 10000,
  "burn_in": 1000,
  "n_thin": 1,
  "n_chains": 16,
  "af": false,
  "initialization_mode": "agnostic",
  "initialization_description": "independent N(0, 2^2) coordinates in the intrinsic Rosenbrock frame",
  "transform_affine": false,
  "overlay_rosenbrock": {
    "a": 1.0,
    "b": 100.0,
    "sigma": 0.7
  },
  "summary": {
    "Dense-mass NUTS": {
      "distribution": "Paired Rosenbrock",
      "tau": 9.297188108731177,
      "tau_std": 0.4817135584717602,
      "ess": 17209.504436049945,
      "ess_by_coordinate": [
        17290.017062602823,
        17209.504436049945,
        18561.420465117717,
        18398.590441425076,
        18169.82236088201,
        18281.369040555728,
        20704.42571350585,
        19473.933361704574
      ],
      "ess_valid_fraction": [
        0.75,
        0.75,
        0.8125,
        0.75,
        0.75,
        0.75,
        0.75,
        0.75
      ],
      "n_evaluations": 17866895.454545453,
      "evaluation_type": "gradient",
      "ess_per_eval": 0.0009632061977321156,
      "time": 231.07683277130127,
      "sigma": 0.7,
      "epsilon": 0.0692276731133461,
      "n_leapfrog": 111.66809659090909,
      "n_warmup": 1000,
      "target_accept": 0.8,
      "gamma": 0.05,
      "t0": 10,
      "kappa": 0.75
    },
    "Hamiltonian Walk Move": {
      "distribution": "Paired Rosenbrock",
      "tau": 79.02634436229924,
      "tau_std": 8.51820184390233,
      "ess": 2024.6412926109047,
      "ess_by_coordinate": [
        2024.6412926109047,
        2175.2932626213933,
        2802.29279985091,
        2932.375775038988,
        2049.8959639657146,
        2321.887864539106,
        2355.903129985053,
        2548.7092765330517
      ],
      "ess_valid_fraction": [
        1.0,
        1.0,
        1.0,
        1.0,
        1.0,
        1.0,
        1.0,
        1.0
      ],
      "n_evaluations": 3200000.0,
      "evaluation_type": "gradient",
      "ess_per_eval": 0.0006327004039409077,
      "time": 27.898189544677734,
      "sigma": 0.7,
      "epsilon": 0.05248938873410225,
      "n_leapfrog": 19,
      "n_warmup": 1000,
      "target_accept": 0.651,
      "gamma": 0.05,
      "t0": 10,
      "kappa": 0.75
    },
    "Stretch Move": {
      "distribution": "Paired Rosenbrock",
      "tau": 5220.284914307449,
      "tau_std": 1689.1603875810356,
      "ess": 30.64966809790045,
      "ess_by_coordinate": [
        121.57688874880557,
        142.90597071315042,
        33.05741554536353,
        30.64966809790045,
        80.61196199515436,
        117.84412926392204,
        173.71321600033744,
        245.66354410452306
      ],
      "ess_valid_fraction": [
        0.125,
        0.1875,
        0.0625,
        0.0625,
        0.125,
        0.1875,
        0.3125,
        0.4375
      ],
      "n_evaluations": 160000.0,
      "evaluation_type": "function",
      "ess_per_eval": 0.00019156042561187782,
      "time": 0.8540644645690918,
      "sigma": 0.7,
      "epsilon": 0.0,
      "n_leapfrog": null,
      "n_warmup": null,
      "target_accept": null,
      "gamma": null,
      "t0": null,
      "kappa": null
    },
    "HMC": {
      "distribution": "Paired Rosenbrock",
      "tau": 2.5661206805480354,
      "tau_std": 0.3752806604877657,
      "ess": 62350.925742833526,
      "ess_by_coordinate": [
        93189.61772954866,
        66444.86261008188,
        96212.5984399105,
        66514.6266100097,
        91573.75316269063,
        62350.925742833526,
        94487.92122748174,
        66304.59581982924
      ],
      "ess_valid_fraction": [
        1.0,
        1.0,
        1.0,
        1.0,
        1.0,
        1.0,
        1.0,
        1.0
      ],
      "n_evaluations": 78400000.0,
      "evaluation_type": "gradient",
      "ess_per_eval": 0.0007952924201892032,
      "time": 118.73223400115967,
      "sigma": 0.7,
      "epsilon": 0.012810115702450275,
      "n_leapfrog": 489,
      "n_warmup": 1000,
      "target_accept": 0.651,
      "gamma": 0.05,
      "t0": 10,
      "kappa": 0.75
    }
  }
}