{
  "dim": 32,
  "seed": 3,
  "n_samples": 10000,
  "burn_in": 1000,
  "n_thin": 1,
  "n_chains": 100,
  "cond": 3.162,
  "af": true,
  "transform_affine": true,
  "summary": {
    "Dense-mass NUTS": {
      "distribution": "Gaussian",
      "tau": 1.0009922813313883,
      "tau_std": 0.0002974972258429146,
      "ess": 999008.7023147985,
      "ess_by_coordinate": [
        1000000.0,
        1000000.0,
        1000000.0,
        1000000.0,
        999107.6117637035,
        1000000.0,
        1000000.0,
        1000000.0,
        1000000.0,
        1000000.0,
        1000000.0,
        1000000.0,
        999199.116695842,
        1000000.0,
        1000000.0,
        1000000.0,
        1000000.0,
        1000000.0,
        1000000.0,
        1000000.0,
        1000000.0,
        1000000.0,
        999093.4958814078,
        1000000.0,
        1000000.0,
        999008.7023147985,
        1000000.0,
        1000000.0,
        1000000.0,
        999855.2191966343,
        1000000.0,
        1000000.0
      ],
      "ess_valid_fraction": [
        1.0,
        1.0,
        1.0,
        1.0,
        1.0,
        1.0,
        1.0,
        1.0,
        1.0,
        1.0,
        1.0,
        1.0,
        1.0,
        1.0,
        1.0,
        1.0,
        1.0,
        1.0,
        1.0,
        1.0,
        1.0,
        1.0,
        1.0,
        1.0,
        1.0,
        1.0,
        1.0,
        1.0,
        1.0,
        1.0,
        1.0,
        1.0
      ],
      "n_evaluations": 7101065.454545455,
      "evaluation_type": "gradient",
      "ess_per_eval": 0.14068433937266753,
      "time": 231.96934700012207,
      "sigma": 0.0,
      "epsilon": 0.517202615737915,
      "n_leapfrog": 7.101065454545455,
      "n_warmup": 1000,
      "target_accept": 0.8,
      "gamma": 0.05,
      "t0": 10,
      "kappa": 0.75
    },
    "Hamiltonian Walk Move": {
      "distribution": "Gaussian",
      "tau": 1.2971591547924715,
      "tau_std": 0.007541285994727096,
      "ess": 770915.4241446856,
      "ess_by_coordinate": [
        786449.0458303436,
        780087.508424871,
        779543.6413080904,
        783864.3535461964,
        779382.0717869357,
        778417.3931224779,
        777175.2867362387,
        776107.8546666504,
        787386.7174395282,
        777891.3201622628,
        781003.1010870669,
        781358.216474907,
        772131.3827481326,
        773666.4020924398,
        771851.2079474184,
        786224.1344644596,
        774847.7925524976,
        775410.2970294978,
        780302.5602329612,
        774870.9042426446,
        779584.9195237953,
        770915.4241446856,
        778071.6877967188,
        776812.0959895189,
        788575.5603511462,
        784069.7514327612,
        777469.2303517894,
        773191.4106306186,
        780208.6134462858,
        775316.6762668141,
        778731.0735175691,
        772954.0851532087
      ],
      "ess_valid_fraction": [
        1.0,
        1.0,
        1.0,
        1.0,
        1.0,
        1.0,
        1.0,
        1.0,
        1.0,
        1.0,
        1.0,
        1.0,
        1.0,
        1.0,
        1.0,
        1.0,
        1.0,
        1.0,
        1.0,
        1.0,
        1.0,
        1.0,
        1.0,
        1.0,
        1.0,
        1.0,
        1.0,
        1.0,
        1.0,
        1.0,
        1.0,
        1.0
      ],
      "n_evaluations": 11000000.0,
      "evaluation_type": "gradient",
      "ess_per_eval": 0.0700832203767896,
      "time": 123.95964884757996,
      "sigma": 0.0,
      "epsilon": 0.637587308883667,
      "n_leapfrog": 10,
      "n_warmup": 1000,
      "target_accept": 0.651,
      "gamma": 0.05,
      "t0": 10,
      "kappa": 0.75
    },
    "Stretch Move": {
      "distribution": "Gaussian",
      "tau": 268.6665804521987,
      "tau_std": 19.085512831192407,
      "ess": 3722.085561653697,
      "ess_by_coordinate": [
        4323.224121692224,
        4225.66668272703,
        3881.652825851271,
        3841.2359908220114,
        4114.696447173163,
        4786.112255120277,
        4116.167555427926,
        4342.046058548029,
        4169.5442082440895,
        4339.028458667066,
        5006.139284589114,
        4049.6247720299143,
        3722.085561653697,
        4222.309386755186,
        5295.989622566037,
        4021.2280331465536,
        5027.823815217836,
        4513.473481356245,
        3961.0050275742697,
        4180.837225542865,
        4117.241915516059,
        4052.904783164154,
        4909.166107358488,
        4455.633056131949,
        4502.760529617816,
        4669.132006052511,
        4530.48919216259,
        4338.982639049677,
        4498.098654193754,
        3972.446561214516,
        4377.255036835668,
        4853.533059811789
      ],
      "ess_valid_fraction": [
        0.75,
        0.77,
        0.69,
        0.74,
        0.68,
        0.85,
        0.69,
        0.76,
        0.7,
        0.76,
        0.86,
        0.7,
        0.6,
        0.74,
        0.82,
        0.72,
        0.81,
        0.78,
        0.71,
        0.77,
        0.74,
        0.72,
        0.82,
        0.77,
        0.79,
        0.82,
        0.74,
        0.75,
        0.75,
        0.7,
        0.72,
        0.81
      ],
      "n_evaluations": 1000000.0,
      "evaluation_type": "function",
      "ess_per_eval": 0.003722085561653697,
      "time": 6.1199705600738525,
      "sigma": 0.0,
      "epsilon": 0.0,
      "n_leapfrog": null,
      "n_warmup": null,
      "target_accept": null,
      "gamma": null,
      "t0": null,
      "kappa": null
    },
    "HMC": {
      "distribution": "Gaussian",
      "tau": 5.6897332983952795,
      "tau_std": 1.4157850794574802,
      "ess": 175755.16242247028,
      "ess_by_coordinate": [
        1000000.0,
        1000000.0,
        1000000.0,
        1000000.0,
        1000000.0,
        1000000.0,
        1000000.0,
        1000000.0,
        1000000.0,
        1000000.0,
        1000000.0,
        1000000.0,
        995597.76145135,
        947049.0172962906,
        849391.7409899504,
        771580.2346789587,
        697620.8960291393,
        623091.6101690136,
        562932.6457895057,
        511758.3335305389,
        475676.8433814912,
        423897.944380285,
        391437.74989459297,
        354001.9077136592,
        322460.4048942924,
        292260.0854273135,
        269971.92854501255,
        250644.09078465527,
        230404.84920806767,
        208457.80543259796,
        189184.67161806632,
        175755.16242247028
      ],
      "ess_valid_fraction": [
        1.0,
        1.0,
        1.0,
        1.0,
        1.0,
        1.0,
        1.0,
        1.0,
        1.0,
        1.0,
        1.0,
        1.0,
        1.0,
        1.0,
        1.0,
        1.0,
        1.0,
        1.0,
        1.0,
        1.0,
        1.0,
        1.0,
        1.0,
        1.0,
        1.0,
        1.0,
        1.0,
        1.0,
        1.0,
        1.0,
        1.0,
        1.0
      ],
      "n_evaluations": 4000000.0,
      "evaluation_type": "gradient",
      "ess_per_eval": 0.04393879060561757,
      "time": 60.00310444831848,
      "sigma": 0.0,
      "epsilon": 3.2885260581970215,
      "n_leapfrog": 3,
      "n_warmup": 1000,
      "target_accept": 0.651,
      "gamma": 0.05,
      "t0": 10,
      "kappa": 0.75
    }
  }
}