{
  "dim": 8,
  "seed": 3,
  "condition_number": 50.0,
  "n_samples": 10000,
  "burn_in": 2000,
  "n_thin": 1,
  "n_chains": 150,
  "hwm_walkers_requested": 300,
  "jax_enable_x64": true,
  "af": false,
  "transform_affine": false,
  "summary": {
    "Dense-mass NUTS": {
      "distribution": "Gaussian",
      "tau": 1.0,
      "tau_std": 0.0,
      "ess": 1500000.0,
      "ess_by_coordinate": [
        1500000.0,
        1500000.0,
        1500000.0,
        1500000.0,
        1500000.0,
        1500000.0,
        1500000.0,
        1500000.0
      ],
      "ess_valid_fraction": [
        1.0,
        1.0,
        1.0,
        1.0,
        1.0,
        1.0,
        1.0,
        1.0
      ],
      "n_evaluations": 9354480.0,
      "evaluation_type": "gradient",
      "ess_per_eval": 0.1603509762167432,
      "time": 28.216349124908447,
      "sigma": 0.0,
      "epsilon": 0.7487413746080558,
      "n_leapfrog": 6.23632,
      "n_warmup": 2000,
      "target_accept": 0.8,
      "gamma": 0.05,
      "t0": 10,
      "kappa": 0.75,
      "mean_mse": 4.69219600613738e-06,
      "cov_mse": 1.2513323019691485e-05,
      "acceptance_rate_mean": 0.8884245488702023,
      "acceptance_rate_min": 0.8381867345675873,
      "acceptance_rate_max": 0.9265107857547797,
      "n_divergent": 0,
      "actual_n_chains": 150,
      "diagnostic_draws_per_chain": 200,
      "sample_finite_fraction": 1.0,
      "finite_draw_fraction": 1.0,
      "sample_covariance_rank": 8,
      "sample_covariance_full_rank": true
    },
    "Hamiltonian Walk Move": {
      "distribution": "Gaussian",
      "tau": 1.8722325750820183,
      "tau_std": 0.01074091372833144,
      "ess": 1602365.0266145896,
      "ess_by_coordinate": [
        1631331.5491414852,
        1624477.1562084858,
        1602365.0266145896,
        1624165.1268622715,
        1608607.4857336797,
        1617975.792815386,
        1628603.6298383875,
        1615215.469202789
      ],
      "ess_valid_fraction": [
        1.0,
        1.0,
        1.0,
        1.0,
        1.0,
        1.0,
        1.0,
        1.0
      ],
      "n_evaluations": 14759750.0,
      "evaluation_type": "gradient",
      "ess_per_eval": 0.10856315497312553,
      "time": 30.467200994491577,
      "sigma": 0.0,
      "epsilon": 1.2013085885052477,
      "n_leapfrog": 3.9199166666666665,
      "n_warmup": 2000,
      "target_accept": 0.651,
      "gamma": 0.05,
      "t0": 10,
      "kappa": 0.75,
      "mean_mse": 1.2959288738764346e-05,
      "cov_mse": 7.3816043970097175e-06,
      "acceptance_rate_mean": 0.6461544444444443,
      "acceptance_rate_min": 0.6461544444444444,
      "acceptance_rate_max": 0.6461544444444444,
      "n_divergent": null,
      "actual_n_chains": 300,
      "diagnostic_draws_per_chain": 200,
      "sample_finite_fraction": 1.0,
      "finite_draw_fraction": 1.0,
      "sample_covariance_rank": 8,
      "sample_covariance_full_rank": true
    },
    "Stretch Move": {
      "distribution": "Gaussian",
      "tau": 76.62529795461944,
      "tau_std": 1.6009527318096355,
      "ess": 19575.78032373016,
      "ess_by_coordinate": [
        20393.061375937563,
        21142.33284371664,
        20599.625551813646,
        19920.540292933518,
        20315.366794411435,
        20194.24571050403,
        19575.78032373016,
        20011.260112724092
      ],
      "ess_valid_fraction": [
        0.9933333333333333,
        1.0,
        1.0,
        0.9866666666666667,
        1.0,
        1.0,
        0.9933333333333333,
        1.0
      ],
      "n_evaluations": 1500000.0,
      "evaluation_type": "function",
      "ess_per_eval": 0.013050520215820106,
      "time": 5.36175799369812,
      "sigma": 0.0,
      "epsilon": 0.0,
      "n_leapfrog": null,
      "n_warmup": null,
      "target_accept": null,
      "gamma": null,
      "t0": null,
      "kappa": null,
      "mean_mse": 0.0008559213719274794,
      "cov_mse": 0.0002090853101408556,
      "acceptance_rate_mean": 0.5331427777777779,
      "acceptance_rate_min": 0.5198333333333334,
      "acceptance_rate_max": 0.545,
      "n_divergent": null,
      "actual_n_chains": 150,
      "diagnostic_draws_per_chain": 200,
      "sample_finite_fraction": 1.0,
      "finite_draw_fraction": 1.0,
      "sample_covariance_rank": 8,
      "sample_covariance_full_rank": true
    },
    "HMC": {
      "distribution": "Gaussian",
      "tau": 2.106204009797952,
      "tau_std": 0.016518665734922236,
      "ess": 712181.722673624,
      "ess_by_coordinate": [
        723016.0837231269,
        726161.6863545894,
        723423.280307641,
        717593.0308688262,
        732242.6149359951,
        717329.6395461685,
        712181.722673624,
        720361.3278365918
      ],
      "ess_valid_fraction": [
        1.0,
        1.0,
        1.0,
        1.0,
        1.0,
        1.0,
        1.0,
        1.0
      ],
      "n_evaluations": 3268750.0,
      "evaluation_type": "gradient",
      "ess_per_eval": 0.21787586162099398,
      "time": 15.327738285064697,
      "sigma": 0.0,
      "epsilon": 3.5322285220192566,
      "n_leapfrog": 1.1791666666666667,
      "n_warmup": 2000,
      "target_accept": 0.651,
      "gamma": 0.05,
      "t0": 10,
      "kappa": 0.75,
      "mean_mse": 1.605153447681561e-05,
      "cov_mse": 1.3829380591305898e-05,
      "acceptance_rate_mean": 0.6506844444444443,
      "acceptance_rate_min": 0.6506844444444444,
      "acceptance_rate_max": 0.6506844444444444,
      "n_divergent": null,
      "actual_n_chains": 150,
      "diagnostic_draws_per_chain": 200,
      "sample_finite_fraction": 1.0,
      "finite_draw_fraction": 1.0,
      "sample_covariance_rank": 8,
      "sample_covariance_full_rank": true
    }
  }
}