{
  "dim": 8,
  "seed": 3,
  "condition_number": 50.0,
  "n_samples": 10000,
  "burn_in": 1000,
  "n_thin": 1,
  "n_chains": 16,
  "af": false,
  "transform_affine": false,
  "summary": {
    "Dense-mass NUTS": {
      "distribution": "Gaussian",
      "tau": 1.0,
      "tau_std": 0.0,
      "ess": 160000.0,
      "ess_by_coordinate": [
        160000.0,
        160000.0,
        160000.0,
        160000.0,
        160000.0,
        160000.0,
        160000.0,
        160000.0
      ],
      "ess_valid_fraction": [
        1.0,
        1.0,
        1.0,
        1.0,
        1.0,
        1.0,
        1.0,
        1.0
      ],
      "n_evaluations": 1000878.1818181818,
      "evaluation_type": "gradient",
      "ess_per_eval": 0.15985961419335384,
      "time": 17.14470911026001,
      "sigma": 0.0,
      "epsilon": 0.721262514591217,
      "n_leapfrog": 6.255488636363636,
      "n_warmup": 1000,
      "target_accept": 0.8,
      "gamma": 0.05,
      "t0": 10,
      "kappa": 0.75
    },
    "Hamiltonian Walk Move": {
      "distribution": "Gaussian",
      "tau": 1.7762640868420996,
      "tau_std": 0.0338746282122771,
      "ess": 90076.69590643655,
      "ess_by_coordinate": [
        90756.99439628464,
        91593.92592098899,
        94924.46560708871,
        91051.49653266932,
        90076.69590643655,
        94070.13969031349,
        94997.57744054211,
        92254.64041808635
      ],
      "ess_valid_fraction": [
        1.0,
        1.0,
        1.0,
        1.0,
        1.0,
        1.0,
        1.0,
        1.0
      ],
      "n_evaluations": 1600000.0,
      "evaluation_type": "gradient",
      "ess_per_eval": 0.05629793494152285,
      "time": 19.630744457244873,
      "sigma": 0.0,
      "epsilon": 0.825183629989624,
      "n_leapfrog": 9,
      "n_warmup": 1000,
      "target_accept": 0.651,
      "gamma": 0.05,
      "t0": 10,
      "kappa": 0.75
    },
    "Stretch Move": {
      "distribution": "Gaussian",
      "tau": 122.27534577233178,
      "tau_std": 15.550945972254338,
      "ess": 1308.52216355952,
      "ess_by_coordinate": [
        1736.4350951877395,
        1379.6673345019367,
        2021.477842768407,
        1983.859864477082,
        1308.52216355952,
        1705.84116816509,
        1978.3748383131524,
        1879.2428903325695
      ],
      "ess_valid_fraction": [
        1.0,
        1.0,
        1.0,
        1.0,
        0.9375,
        1.0,
        1.0,
        1.0
      ],
      "n_evaluations": 160000.0,
      "evaluation_type": "function",
      "ess_per_eval": 0.008178263522247,
      "time": 0.8121025562286377,
      "sigma": 0.0,
      "epsilon": 0.0,
      "n_leapfrog": null,
      "n_warmup": null,
      "target_accept": null,
      "gamma": null,
      "t0": null,
      "kappa": null
    },
    "HMC": {
      "distribution": "Gaussian",
      "tau": 2.086177738567595,
      "tau_std": 0.05781813352693342,
      "ess": 76695.28681187957,
      "ess_by_coordinate": [
        82248.7561057356,
        76695.28681187957,
        82940.26322558928,
        81674.2571401284,
        79844.21210728661,
        84171.64499012489,
        83591.15994774399,
        83644.50913236447
      ],
      "ess_valid_fraction": [
        1.0,
        1.0,
        1.0,
        1.0,
        1.0,
        1.0,
        1.0,
        1.0
      ],
      "n_evaluations": 320000.0,
      "evaluation_type": "gradient",
      "ess_per_eval": 0.23967277128712366,
      "time": 9.046466827392578,
      "sigma": 0.0,
      "epsilon": 2.925565719604492,
      "n_leapfrog": 1,
      "n_warmup": 1000,
      "target_accept": 0.651,
      "gamma": 0.05,
      "t0": 10,
      "kappa": 0.75
    }
  }
}