{
  "dim": 2,
  "seed": 3,
  "condition_number": 50,
  "n_samples": 10000,
  "burn_in": 2000,
  "n_thin": 1,
  "n_chains": 150,
  "hwm_walkers_requested": 300,
  "jax_enable_x64": true,
  "af": false,
  "initialization_mode": "agnostic",
  "initialization_description": "independent N(0, 2^2) coordinates in the intrinsic Rosenbrock frame",
  "transform_affine": false,
  "overlay_rosenbrock": {
    "a": 1.0,
    "b": 100.0,
    "sigma": 1.5
  },
  "summary": {
    "Dense-mass NUTS": {
      "distribution": "Paired Rosenbrock",
      "tau": 22.087956489995094,
      "tau_std": 1.6316350105098785,
      "ess": 67910.31124492826,
      "ess_by_coordinate": [
        67910.31124492826,
        79682.60201688489
      ],
      "ess_valid_fraction": [
        0.88,
        0.92
      ],
      "n_evaluations": 38487400.0,
      "evaluation_type": "gradient",
      "ess_per_eval": 0.0017644816549033779,
      "time": 291.4457309246063,
      "sigma": 1.5,
      "epsilon": 0.12537073668523122,
      "n_leapfrog": 25.658266666666666,
      "n_warmup": 2000,
      "target_accept": 0.8,
      "gamma": 0.05,
      "t0": 10,
      "kappa": 0.75,
      "mean_mse": 0.08554266277318406,
      "cov_mse": 0.11332912418491613,
      "acceptance_rate_mean": 0.7897133045138693,
      "acceptance_rate_min": 0.2541560337745922,
      "acceptance_rate_max": 0.9744544067345405,
      "n_divergent": 42634,
      "actual_n_chains": 150,
      "diagnostic_draws_per_chain": 200,
      "sample_finite_fraction": 1.0,
      "finite_draw_fraction": 1.0,
      "sample_covariance_rank": 2,
      "sample_covariance_full_rank": true
    },
    "Hamiltonian Walk Move": {
      "distribution": "Paired Rosenbrock",
      "tau": 133.75045745709966,
      "tau_std": 6.053103803483324,
      "ess": 22429.82982665497,
      "ess_by_coordinate": [
        22429.82982665497,
        24662.07818039925
      ],
      "ess_valid_fraction": [
        0.7566666666666667,
        0.7366666666666667
      ],
      "n_evaluations": 14543750.0,
      "evaluation_type": "gradient",
      "ess_per_eval": 0.0015422315308400495,
      "time": 19.924542665481567,
      "sigma": 1.5,
      "epsilon": 0.08076699169149751,
      "n_leapfrog": 3.8479166666666664,
      "n_warmup": 2000,
      "target_accept": 0.651,
      "gamma": 0.05,
      "t0": 10,
      "kappa": 0.75,
      "mean_mse": 1.0780912028864837,
      "cov_mse": 0.6312464340463129,
      "acceptance_rate_mean": 0.6077338888888888,
      "acceptance_rate_min": 0.6077338888888888,
      "acceptance_rate_max": 0.6077338888888888,
      "n_divergent": null,
      "actual_n_chains": 300,
      "diagnostic_draws_per_chain": 200,
      "sample_finite_fraction": 1.0,
      "finite_draw_fraction": 1.0,
      "sample_covariance_rank": 2,
      "sample_covariance_full_rank": true
    },
    "Stretch Move": {
      "distribution": "Paired Rosenbrock",
      "tau": 365.79668375205915,
      "tau_std": 43.68410987723769,
      "ess": 4100.638596867969,
      "ess_by_coordinate": [
        4100.638596867969,
        5387.380221344816
      ],
      "ess_valid_fraction": [
        0.56,
        0.66
      ],
      "n_evaluations": 1500000.0,
      "evaluation_type": "function",
      "ess_per_eval": 0.002733759064578646,
      "time": 1.3217718601226807,
      "sigma": 1.5,
      "epsilon": 0.0,
      "n_leapfrog": null,
      "n_warmup": null,
      "target_accept": null,
      "gamma": null,
      "t0": null,
      "kappa": null,
      "mean_mse": 0.0013561936499229769,
      "cov_mse": 0.004404530887714631,
      "acceptance_rate_mean": 0.2636905555555556,
      "acceptance_rate_min": 0.14275,
      "acceptance_rate_max": 0.30291666666666667,
      "n_divergent": null,
      "actual_n_chains": 150,
      "diagnostic_draws_per_chain": 200,
      "sample_finite_fraction": 1.0,
      "finite_draw_fraction": 1.0,
      "sample_covariance_rank": 2,
      "sample_covariance_full_rank": true
    },
    "HMC": {
      "distribution": "Paired Rosenbrock",
      "tau": 244.20805633291263,
      "tau_std": 10.757254211469942,
      "ess": 6142.3035035140265,
      "ess_by_coordinate": [
        6142.3035035140265,
        6735.713782809719
      ],
      "ess_valid_fraction": [
        0.5733333333333334,
        0.5933333333333334
      ],
      "n_evaluations": 5212625.0,
      "evaluation_type": "gradient",
      "ess_per_eval": 0.001178351311194269,
      "time": 11.534267902374268,
      "sigma": 1.5,
      "epsilon": 0.09647518007092838,
      "n_leapfrog": 2.475083333333333,
      "n_warmup": 2000,
      "target_accept": 0.651,
      "gamma": 0.05,
      "t0": 10,
      "kappa": 0.75,
      "mean_mse": 1.1331336572031783,
      "cov_mse": 0.533962142258183,
      "acceptance_rate_mean": 0.61375,
      "acceptance_rate_min": 0.6137499999999999,
      "acceptance_rate_max": 0.6137499999999999,
      "n_divergent": null,
      "actual_n_chains": 150,
      "diagnostic_draws_per_chain": 200,
      "sample_finite_fraction": 1.0,
      "finite_draw_fraction": 1.0,
      "sample_covariance_rank": 2,
      "sample_covariance_full_rank": true
    }
  }
}