{
  "dim": 2,
  "seed": 3,
  "condition_number": 50,
  "n_samples": 10000,
  "burn_in": 1000,
  "n_thin": 1,
  "n_chains": 16,
  "af": false,
  "initialization_mode": "agnostic",
  "initialization_description": "independent N(0, 2^2) coordinates in the intrinsic Rosenbrock frame",
  "transform_affine": false,
  "overlay_rosenbrock": {
    "a": 1.0,
    "b": 100.0,
    "sigma": 0.7
  },
  "summary": {
    "Dense-mass NUTS": {
      "distribution": "Paired Rosenbrock",
      "tau": 39.50257566033717,
      "tau_std": 6.356731306691733,
      "ess": 4050.368800651373,
      "ess_by_coordinate": [
        4050.368800651373,
        5972.57549063179
      ],
      "ess_valid_fraction": [
        0.875,
        0.9375
      ],
      "n_evaluations": 2117954.5454545454,
      "evaluation_type": "gradient",
      "ess_per_eval": 0.001912396472031982,
      "time": 55.7883574962616,
      "sigma": 0.7,
      "epsilon": 0.21223750710487366,
      "n_leapfrog": 13.237215909090908,
      "n_warmup": 1000,
      "target_accept": 0.8,
      "gamma": 0.05,
      "t0": 10,
      "kappa": 0.75
    },
    "Hamiltonian Walk Move": {
      "distribution": "Paired Rosenbrock",
      "tau": 204.19685293003525,
      "tau_std": 10.399095229594792,
      "ess": 783.5576195428507,
      "ess_by_coordinate": [
        783.5576195428507,
        872.4163952146309
      ],
      "ess_valid_fraction": [
        0.6875,
        0.8125
      ],
      "n_evaluations": 3840000.0,
      "evaluation_type": "gradient",
      "ess_per_eval": 0.00020405146342261738,
      "time": 22.197432041168213,
      "sigma": 0.7,
      "epsilon": 0.010804114863276482,
      "n_leapfrog": 23,
      "n_warmup": 1000,
      "target_accept": 0.651,
      "gamma": 0.05,
      "t0": 10,
      "kappa": 0.75
    },
    "Stretch Move": {
      "distribution": "Paired Rosenbrock",
      "tau": 214.63286573873432,
      "tau_std": 3.195254101320515,
      "ess": 745.4589931942802,
      "ess_by_coordinate": [
        745.4589931942802,
        768.33551969497
      ],
      "ess_valid_fraction": [
        0.6875,
        0.75
      ],
      "n_evaluations": 160000.0,
      "evaluation_type": "function",
      "ess_per_eval": 0.0046591187074642515,
      "time": 0.8849477767944336,
      "sigma": 0.7,
      "epsilon": 0.0,
      "n_leapfrog": null,
      "n_warmup": null,
      "target_accept": null,
      "gamma": null,
      "t0": null,
      "kappa": null
    },
    "HMC": {
      "distribution": "Paired Rosenbrock",
      "tau": 154.40559858411632,
      "tau_std": 16.270285380199454,
      "ess": 1036.23185601548,
      "ess_by_coordinate": [
        1312.9279405035409,
        1036.23185601548
      ],
      "ess_valid_fraction": [
        1.0,
        0.875
      ],
      "n_evaluations": 1920000.0,
      "evaluation_type": "gradient",
      "ess_per_eval": 0.0005397040916747291,
      "time": 10.229461669921875,
      "sigma": 0.7,
      "epsilon": 0.0199515912681818,
      "n_leapfrog": 11,
      "n_warmup": 1000,
      "target_accept": 0.651,
      "gamma": 0.05,
      "t0": 10,
      "kappa": 0.75
    }
  }
}