{
  "dim": 64,
  "seed": 1,
  "condition_number": 50,
  "n_samples": 10000,
  "burn_in": 1000,
  "n_thin": 1,
  "n_chains": 16,
  "af": false,
  "initialization_mode": "agnostic",
  "initialization_description": "independent N(0, 2^2) coordinates in the intrinsic Rosenbrock frame",
  "transform_affine": false,
  "overlay_rosenbrock": {
    "a": 1.0,
    "b": 100.0,
    "sigma": 0.7
  },
  "summary": {
    "Dense-mass NUTS": {
      "distribution": "Paired Rosenbrock",
      "tau": 13.849562157858868,
      "tau_std": 1.260396107080052,
      "ess": 11552.711788019144,
      "ess_by_coordinate": [
        12992.87456260177,
        12769.213444080804,
        13595.689660670505,
        12685.040935675055,
        14602.541124429641,
        14904.659991452623,
        16121.355519535553,
        16494.96218485085,
        16640.422108863884,
        16711.27607895484,
        16078.9497191112,
        14916.227755693119,
        17437.91182842908,
        14817.948585293307,
        15688.098893684124,
        14742.263333273588,
        14904.995706759539,
        15503.64163472805,
        18727.05839350724,
        17946.96966947679,
        14560.585522492556,
        12783.08715824043,
        13851.08753412756,
        12529.237131225575,
        18265.707052136062,
        17912.1152493855,
        15399.589413827875,
        14578.120863946458,
        15574.881405160115,
        14427.719126769416,
        14780.3099435242,
        14747.183117614411,
        20521.655308519785,
        19651.259385312525,
        14595.420434167925,
        14841.789338241242,
        16713.269531872116,
        15774.867785340339,
        14089.571212280305,
        13685.091863435928,
        17507.486309891985,
        16712.478395258833,
        13433.982280407732,
        11552.711788019144,
        17627.525999163154,
        17887.326738328036,
        13316.160446847989,
        12670.14912000765,
        16970.171294545617,
        15543.37015179087,
        14730.93399783063,
        14480.102214495506,
        15268.268023820088,
        14669.03550640559,
        17006.110002573918,
        16173.053591602,
        14521.916664575818,
        12319.798490150259,
        14691.557448045702,
        14779.13246670007,
        16535.09218776015,
        14214.915655828045,
        17671.202414554547,
        18094.36838631634
      ],
      "ess_valid_fraction": [
        0.625,
        0.625,
        0.75,
        0.625,
        0.6875,
        0.625,
        0.625,
        0.625,
        0.625,
        0.6875,
        0.625,
        0.625,
        0.6875,
        0.6875,
        0.625,
        0.75,
        0.625,
        0.6875,
        0.625,
        0.6875,
        0.6875,
        0.625,
        0.625,
        0.6875,
        0.625,
        0.6875,
        0.6875,
        0.625,
        0.625,
        0.6875,
        0.6875,
        0.625,
        0.625,
        0.625,
        0.6875,
        0.6875,
        0.625,
        0.625,
        0.625,
        0.625,
        0.6875,
        0.625,
        0.625,
        0.625,
        0.6875,
        0.625,
        0.625,
        0.6875,
        0.625,
        0.6875,
        0.6875,
        0.6875,
        0.625,
        0.625,
        0.6875,
        0.6875,
        0.625,
        0.625,
        0.625,
        0.625,
        0.75,
        0.625,
        0.625,
        0.625
      ],
      "n_evaluations": 40778595.45454545,
      "evaluation_type": "gradient",
      "ess_per_eval": 0.0002833033276218787,
      "time": 263.76756954193115,
      "sigma": 0.7,
      "epsilon": 0.01860610768198967,
      "n_leapfrog": 254.86622159090908,
      "n_warmup": 1000,
      "target_accept": 0.8,
      "gamma": 0.05,
      "t0": 10,
      "kappa": 0.75
    },
    "Hamiltonian Walk Move": {
      "distribution": "Paired Rosenbrock",
      "tau": 19.03075914091751,
      "tau_std": 2.9186570175746485,
      "ess": 8407.44180593345,
      "ess_by_coordinate": [
        22267.735829689173,
        8407.44180593345,
        29156.073756371232,
        26876.11183526372,
        31762.310513454657,
        19286.770910465624,
        25972.974646016854,
        20450.91415089239,
        13351.61385656165,
        30614.90235039322,
        24755.70967874187,
        26327.673365136976,
        27203.86408633638,
        29940.888433237298,
        30034.14003717235,
        18110.811098088678,
        29535.661466086844,
        23936.594319036,
        30341.30792941302,
        26476.724094290752,
        29577.067145194735,
        22601.22400910924,
        30072.505056196504,
        13520.968607342644,
        30113.794588132052,
        25614.40564472536,
        30880.27633551649,
        27444.59688245118,
        18365.87646219329,
        25889.876367816025,
        32797.733833073304,
        17222.119925317096,
        28134.910293675333,
        32837.8450659303,
        9966.150856365603,
        20789.858271947305,
        24564.24677738959,
        25797.440563580596,
        30580.959968592804,
        18581.31203146078,
        26600.569606464494,
        21584.785967006304,
        33440.261283019485,
        27121.695996566617,
        10788.957407308113,
        30065.8155859495,
        21973.144579741354,
        27994.262369899276,
        26178.00583866536,
        26574.349270830367,
        30117.615805669855,
        11877.944148100447,
        29990.581114873086,
        11113.259311739243,
        21604.574835432573,
        20443.618599460762,
        14897.256044459593,
        24548.050212105994,
        21867.299869805225,
        28565.410551257937,
        30126.667245261826,
        31077.908620203736,
        26550.064580242237,
        25216.334682038687
      ],
      "ess_valid_fraction": [
        1.0,
        1.0,
        1.0,
        1.0,
        1.0,
        1.0,
        1.0,
        1.0,
        1.0,
        1.0,
        1.0,
        1.0,
        1.0,
        1.0,
        1.0,
        1.0,
        1.0,
        1.0,
        1.0,
        1.0,
        1.0,
        1.0,
        1.0,
        1.0,
        1.0,
        1.0,
        1.0,
        1.0,
        1.0,
        1.0,
        1.0,
        1.0,
        1.0,
        1.0,
        1.0,
        1.0,
        1.0,
        1.0,
        1.0,
        1.0,
        1.0,
        1.0,
        1.0,
        1.0,
        1.0,
        1.0,
        1.0,
        1.0,
        1.0,
        1.0,
        1.0,
        1.0,
        1.0,
        1.0,
        1.0,
        1.0,
        1.0,
        1.0,
        1.0,
        1.0,
        1.0,
        1.0,
        1.0,
        1.0
      ],
      "n_evaluations": 1280000.0,
      "evaluation_type": "gradient",
      "ess_per_eval": 0.006568313910885507,
      "time": 21.063336610794067,
      "sigma": 0.7,
      "epsilon": 0.6182882189750671,
      "n_leapfrog": 7,
      "n_warmup": 1000,
      "target_accept": 0.651,
      "gamma": 0.05,
      "t0": 10,
      "kappa": 0.75
    },
    "Stretch Move": {
      "distribution": "Paired Rosenbrock",
      "tau": NaN,
      "tau_std": 1463.8431589341574,
      "ess": 0.0,