{
  "dim": 64,
  "seed": 1,
  "condition_number": 50,
  "n_samples": 10000,
  "burn_in": 2000,
  "n_thin": 1,
  "n_chains": 150,
  "hwm_walkers_requested": 300,
  "jax_enable_x64": true,
  "af": false,
  "initialization_mode": "agnostic",
  "initialization_description": "independent N(0, 2^2) coordinates in the intrinsic Rosenbrock frame",
  "transform_affine": false,
  "overlay_rosenbrock": {
    "a": 1.0,
    "b": 100.0,
    "sigma": 1.5
  },
  "summary": {
    "Dense-mass NUTS": {
      "distribution": "Paired Rosenbrock",
      "tau": 16.056436488023703,
      "tau_std": 0.6028785025555045,
      "ess": 93420.47976329189,
      "ess_by_coordinate": [
        105019.7836240886,
        101795.36123893049,
        100194.95127047943,
        99589.51770064846,
        104885.00274690593,
        101992.81882996068,
        98211.87018334621,
        97379.65028372817,
        101180.85769463493,
        98005.33432751219,
        103869.14862916664,
        96458.70531710386,
        105649.13727499728,
        104360.5542810528,
        107533.7476652248,
        107516.11681523267,
        104822.97064800427,
        107173.10397846287,
        108502.28616945754,
        110086.97941539228,
        102914.74407956892,
        103430.25640407164,
        104935.70017247589,
        105442.8762062698,
        106231.99527095267,
        109142.28394208018,
        104870.68821496837,
        103798.13911205305,
        104900.59715677834,
        107223.00183890306,
        118593.03352722531,
        111013.44212536416,
        108009.04404087792,
        104611.40937839187,
        104163.73313614808,
        96835.80108315506,
        105716.14711948182,
        100453.69123745564,
        99067.73074760078,
        100798.32265757691,
        103361.31581489256,
        99049.46973826973,
        108227.48563598833,
        107349.91008333559,
        102644.35028164205,
        93420.47976329189,
        99189.60498410123,
        99003.81527974702,
        98910.4482098025,
        101348.57957350134,
        100559.59483745595,
        100660.03245998442,
        109753.80565343268,
        105700.70951137878,
        102895.92000662332,
        103687.81549599365,
        107602.27698204339,
        101562.35040194102,
        115543.46581672746,
        104829.05951818646,
        102364.43439539662,
        99628.29595873095,
        106337.68210056014,
        102314.23208125256
      ],
      "ess_valid_fraction": [
        1.0,
        1.0,
        1.0,
        1.0,
        1.0,
        1.0,
        1.0,
        1.0,
        1.0,
        1.0,
        1.0,
        1.0,
        1.0,
        1.0,
        1.0,
        1.0,
        1.0,
        1.0,
        1.0,
        1.0,
        1.0,
        1.0,
        1.0,
        1.0,
        1.0,
        1.0,
        1.0,
        1.0,
        1.0,
        1.0,
        1.0,
        1.0,
        1.0,
        1.0,
        1.0,
        1.0,
        1.0,
        1.0,
        1.0,
        1.0,
        1.0,
        1.0,
        1.0,
        1.0,
        1.0,
        1.0,
        1.0,
        1.0,
        1.0,
        1.0,
        1.0,
        1.0,
        1.0,
        1.0,
        1.0,
        1.0,
        1.0,
        1.0,
        1.0,
        1.0,
        1.0,
        1.0,
        1.0,
        1.0
      ],
      "n_evaluations": 382433369.1666667,
      "evaluation_type": "gradient",
      "ess_per_eval": 0.00024427910139446723,
      "time": 377.14360451698303,
      "sigma": 1.5,
      "epsilon": 0.012087059751424154,
      "n_leapfrog": 254.95557944444445,
      "n_warmup": 2000,
      "target_accept": 0.8,
      "gamma": 0.05,
      "t0": 10,
      "kappa": 0.75,
      "mean_mse": 0.0003564328889132393,
      "cov_mse": 0.0015210811566245654,
      "acceptance_rate_mean": 0.8949723991876914,
      "acceptance_rate_min": 0.8252775467760827,
      "acceptance_rate_max": 0.9571813062606095,
      "n_divergent": 488,
      "actual_n_chains": 150,
      "diagnostic_draws_per_chain": 200,
      "sample_finite_fraction": 1.0,
      "finite_draw_fraction": 1.0,
      "sample_covariance_rank": 64,
      "sample_covariance_full_rank": true
    },
    "Hamiltonian Walk Move": {
      "distribution": "Paired Rosenbrock",
      "tau": 4.004937194629175,
      "tau_std": 0.7134732373216703,
      "ess": 749075.4172183156,
      "ess_by_coordinate": [
        1207354.7371442998,
        770095.0531377974,
        1211360.0557692572,
        767834.2122547873,
        1215761.325296501,
        776555.1663849824,
        1240667.5051730103,
        775991.4065218936,
        1219001.6007187297,
        777983.239116529,
        1241606.5243840176,
        785389.7523832745,
        1241004.5970212906,
        776697.5289477666,
        1243123.3958182454,
        780865.1437448912,
        1208814.9607972773,
        759023.3276211207,
        1241481.4085303089,
        786213.7394676572,
        1253431.2610207554,
        803804.4605085461,
        1217557.1315919298,
        779269.0817705787,
        1203730.7449789338,
        766856.5963404399,
        1211859.8474825686,
        759312.359949399,
        1209586.247224482,
        764555.2995830111,
        1253274.5079713361,
        780706.225068364,
        1233947.7562756648,
        780030.9067222154,
        1262003.6751086644,
        790447.2527087412,
        1212869.3620489063,
        775460.4230489383,
        1229231.346578535,
        769147.6423437602,
        1229255.3215376996,
        779691.5209759737,
        1236225.0967728721,
        767040.0579312576,
        1209717.5755714956,
        765482.3888156315,
        1235109.6786188,
        779325.1954746165,
        1209860.5444586817,
        773035.7548745244,
        1238998.1833577354,
        776098.828095451,
        1211661.6225843814,
        760123.013591765,
        1236466.2770402995,
        791704.7377532495,
        1230449.3187156185,
        768122.6214883918,
        1225131.2174407076,
        780974.2521072073,
        1184065.8588742898,
        749075.4172183156,
        1211895.0590853551,
        777761.6862823411
      ],
      "ess_valid_fraction": [
        1.0,
        1.0,
        1.0,
        1.0,
        1.0,
        1.0,
        1.0,
        1.0,
        1.0,
        0.9933333333333333,
        1.0,
        1.0,
        1.0,
        1.0,
        1.0,
        1.0,
        1.0,
        1.0,
        1.0,
        1.0,
        1.0,
        1.0,
        1.0,
        1.0,
        1.0,
        1.0,
        1.0,
        1.0,
        1.0,
        1.0,
        1.0,
        1.0,
        1.0,
        1.0,
        1.0,
        0.9966666666666667,
        1.0,
        1.0,
        1.0,
        1.0,
        1.0,
        1.0,
        1.0,
        1.0,
        1.0,
        1.0,
        1.0,
        1.0,
        1.0,
        1.0,
        1.0,
        1.0,
        1.0,
        1.0,
        1.0,
        1.0,
        1.0,
        1.0,
        1.0,
        1.0,
        1.0,
        1.0,
        1.0,
        1.0
      ],
      "n_evaluations": 767996500.0,
      "evaluation_type": "gradient",
      "ess_per_eval": 0.0009753630611836325,
      "time": 309.6263508796692,
      "sigma": 1.5,
      "epsilon": 0.01845087415294877,
      "n_leapfrog": 254.99883333333332,
      "n_warmup": 2000,
      "target_accept": 0.651,
      "gamma": 0.05,
      "t0": 10,
      "kappa": 0.75,
      "mean_mse": 0.00018092028138336458,
      "cov_mse": 0.0009771681113223372,
      "acceptance_rate_mean": 0.6448777777777777,
      "acceptance_rate_min": 0.6448777777777778,
      "acceptance_rate_max": 0.6448777777777778,
      "n_divergent": null,
      "actual_n_chains": 300,
      "diagnostic_draws_per_chain": 200,
      "sample_finite_fraction": 1.0,
      "finite_draw_fraction": 1.0,
      "sample_covariance_rank": 64,
      "sample_covariance_full_rank": true
    },
    "Stretch Move": {
      "distribution": "Paired Rosenbrock",
      "tau": 3671.297568523189,