{
  "dim": 2,
  "seed": 3,
  "condition_number": 50.0,
  "n_samples": 10000,
  "burn_in": 2000,
  "n_thin": 1,
  "n_chains": 150,
  "hwm_walkers_requested": 300,
  "jax_enable_x64": true,
  "af": false,
  "transform_affine": false,
  "summary": {
    "Dense-mass NUTS": {
      "distribution": "Gaussian",
      "tau": 1.141110144687176,
      "tau_std": 0.0035639153369513288,
      "ess": 1314509.3898111037,
      "ess_by_coordinate": [
        1314509.3898111037,
        1322771.9528458556
      ],
      "ess_valid_fraction": [
        1.0,
        1.0
      ],
      "n_evaluations": 5795751.666666667,
      "evaluation_type": "gradient",
      "ess_per_eval": 0.22680567860960865,
      "time": 31.638280630111694,
      "sigma": 0.0,
      "epsilon": 0.9259570922751083,
      "n_leapfrog": 3.8638344444444446,
      "n_warmup": 2000,
      "target_accept": 0.8,
      "gamma": 0.05,
      "t0": 10,
      "kappa": 0.75,
      "mean_mse": 7.363087947706447e-06,
      "cov_mse": 4.183171562408906e-06,
      "acceptance_rate_mean": 0.9180262643506224,
      "acceptance_rate_min": 0.8773304327685426,
      "acceptance_rate_max": 0.951530469564724,
      "n_divergent": 0,
      "actual_n_chains": 150,
      "diagnostic_draws_per_chain": 200,
      "sample_finite_fraction": 1.0,
      "finite_draw_fraction": 1.0,
      "sample_covariance_rank": 2,
      "sample_covariance_full_rank": true
    },
    "Hamiltonian Walk Move": {
      "distribution": "Gaussian",
      "tau": 1.294470600450994,
      "tau_std": 0.00683471370135369,
      "ess": 2317549.7372862687,
      "ess_by_coordinate": [
        2342283.925974277,
        2317549.7372862687
      ],
      "ess_valid_fraction": [
        1.0,
        1.0
      ],
      "n_evaluations": 9944000.0,
      "evaluation_type": "gradient",
      "ess_per_eval": 0.23306011034656765,
      "time": 18.271000623703003,
      "sigma": 0.0,
      "epsilon": 1.6220432840512953,
      "n_leapfrog": 2.3146666666666667,
      "n_warmup": 2000,
      "target_accept": 0.651,
      "gamma": 0.05,
      "t0": 10,
      "kappa": 0.75,
      "mean_mse": 1.6039994908351718e-06,
      "cov_mse": 8.824253276891331e-06,
      "acceptance_rate_mean": 0.6660930555555556,
      "acceptance_rate_min": 0.6660930555555555,
      "acceptance_rate_max": 0.6660930555555555,
      "n_divergent": null,
      "actual_n_chains": 300,
      "diagnostic_draws_per_chain": 200,
      "sample_finite_fraction": 1.0,
      "finite_draw_fraction": 1.0,
      "sample_covariance_rank": 2,
      "sample_covariance_full_rank": true
    },
    "Stretch Move": {
      "distribution": "Gaussian",
      "tau": 22.411612335673542,
      "tau_std": 0.24715538657913427,
      "ess": 66929.58889050497,
      "ess_by_coordinate": [
        68439.0820522094,
        66929.58889050497
      ],
      "ess_valid_fraction": [
        1.0,
        1.0
      ],
      "n_evaluations": 1500000.0,
      "evaluation_type": "function",
      "ess_per_eval": 0.04461972592700331,
      "time": 1.1930863857269287,
      "sigma": 0.0,
      "epsilon": 0.0,
      "n_leapfrog": null,
      "n_warmup": null,
      "target_accept": null,
      "gamma": null,
      "t0": null,
      "kappa": null,
      "mean_mse": 0.00019247518846434738,
      "cov_mse": 1.4826382782417503e-05,
      "acceptance_rate_mean": 0.6321455555555555,
      "acceptance_rate_min": 0.6193333333333333,
      "acceptance_rate_max": 0.6431666666666667,
      "n_divergent": null,
      "actual_n_chains": 150,
      "diagnostic_draws_per_chain": 200,
      "sample_finite_fraction": 1.0,
      "finite_draw_fraction": 1.0,
      "sample_covariance_rank": 2,
      "sample_covariance_full_rank": true
    },
    "HMC": {
      "distribution": "Gaussian",
      "tau": 1.623898337219976,
      "tau_std": 0.0050405906226171915,
      "ess": 923703.1442300242,
      "ess_by_coordinate": [
        929473.326297615,
        923703.1442300242
      ],
      "ess_valid_fraction": [
        1.0,
        1.0
      ],
      "n_evaluations": 3000000.0,
      "evaluation_type": "gradient",
      "ess_per_eval": 0.30790104807667473,
      "time": 10.789003133773804,
      "sigma": 0.0,
      "epsilon": 4.538843786900137,
      "n_leapfrog": 1.0,
      "n_warmup": 2000,
      "target_accept": 0.651,
      "gamma": 0.05,
      "t0": 10,
      "kappa": 0.75,
      "mean_mse": 1.5904339548024045e-05,
      "cov_mse": 1.9715999228472564e-06,
      "acceptance_rate_mean": 0.6539055555555553,
      "acceptance_rate_min": 0.6539055555555555,
      "acceptance_rate_max": 0.6539055555555555,
      "n_divergent": null,
      "actual_n_chains": 150,
      "diagnostic_draws_per_chain": 200,
      "sample_finite_fraction": 1.0,
      "finite_draw_fraction": 1.0,
      "sample_covariance_rank": 2,
      "sample_covariance_full_rank": true
    }
  }
}