{
  "dim": 32,
  "seed": 2,
  "n_samples": 10000,
  "burn_in": 1000,
  "n_thin": 1,
  "n_chains": 100,
  "af": true,
  "initialization_mode": "agnostic",
  "initialization_description": "independent N(0, 2^2) coordinates in the intrinsic Rosenbrock frame",
  "transform_affine": true,
  "overlay_rosenbrock": {
    "a": 1.0,
    "b": 100.0,
    "sigma": 0.7
  },
  "summary": {
    "Dense-mass NUTS": {
      "distribution": "Paired Rosenbrock",
      "tau": 5504.231163922414,
      "tau_std": 1177.3175759660437,
      "ess": 181.6784161527442,
      "ess_by_coordinate": [
        1533.5869288834094,
        1100.5931761237262,
        866.7447163531285,
        885.3858280400137,
        696.3010955801809,
        729.0243100021107,
        719.2649642291329,
        803.7067004517264,
        652.861230656468,
        591.0622222040529,
        236.61778648238953,
        359.5584783369368,
        616.1105892626591,
        693.0222794873281,
        324.3218740859813,
        585.3584585486461,
        323.1117171312681,
        309.29494354718315,
        253.56773477598367,
        614.2480091612291,
        181.6784161527442,
        393.27846559255767,
        419.10359648978834,
        405.21702365205516,
        411.0374115934232,
        339.9299451049679,
        387.37307090370336,
        338.34183229188744,
        197.8205168048937,
        484.1539414015836,
        299.5609732629102,
        265.22147331645056
      ],
      "ess_valid_fraction": [
        0.22,
        0.13,
        0.13,
        0.11,
        0.13,
        0.12,
        0.09,
        0.14,
        0.12,
        0.1,
        0.05,
        0.07,
        0.12,
        0.13,
        0.06,
        0.11,
        0.08,
        0.07,
        0.07,
        0.13,
        0.05,
        0.09,
        0.09,
        0.07,
        0.09,
        0.07,
        0.1,
        0.09,
        0.04,
        0.1,
        0.08,
        0.07
      ],
      "n_evaluations": 254998876.36363634,
      "evaluation_type": "gradient",
      "ess_per_eval": 7.124675164986418e-07,
      "time": 286.7148561477661,
      "sigma": 0.7,
      "epsilon": 0.00030934519600123167,
      "n_leapfrog": 254.99887636363636,
      "n_warmup": 1000,
      "target_accept": 0.8,
      "cond": 100.0
    },
    "Hamiltonian Walk Move": {
      "distribution": "Paired Rosenbrock",
      "tau": 6546.011622428119,
      "tau_std": 909.5839514564386,
      "ess": 152.76477612318521,
      "ess_by_coordinate": [
        586.9897581009678,
        254.86730653441055,
        515.2653592094152,
        391.43762000453177,
        452.96082027564313,
        415.384749872706,
        290.98779461872664,
        281.0857234658348,
        152.76477612318521,
        357.6446352003183,
        267.21711409075766,
        368.51319503931074,
        298.9698515516122,
        421.4481073491901,
        335.730866185638,
        314.5304126240855,
        434.5410662514933,
        425.6649443974673,
        369.1415486468619,
        302.61260925790714,
        272.4470773960154,
        325.5059568657818,
        531.9588245553152,
        245.30114665422497,
        524.8221418348484,
        439.4947503832087,
        418.0850371140123,
        344.710524321485,
        432.3597635361515,
        454.26035572665563,
        370.38013092351196,
        460.08389580702465
      ],
      "ess_valid_fraction": [
        0.15,
        0.06,
        0.12,
        0.1,
        0.1,
        0.1,
        0.07,
        0.08,
        0.04,
        0.09,
        0.07,
        0.1,
        0.08,
        0.11,
        0.09,
        0.08,
        0.11,
        0.11,
        0.1,
        0.07,
        0.07,
        0.09,
        0.11,
        0.06,
        0.12,
        0.1,
        0.11,
        0.1,
        0.11,
        0.12,
        0.09,
        0.13
      ],
      "n_evaluations": 1001000000.0,
      "evaluation_type": "gradient",
      "ess_per_eval": 1.5261216395922598e-07,
      "time": 729.0758376121521,
      "sigma": 0.7,
      "epsilon": 4.305993570596911e-07,
      "n_leapfrog": 1000,
      "n_warmup": 1000,
      "target_accept": 0.651,
      "cond": 100.0
    },
    "Stretch Move": {
      "distribution": "Paired Rosenbrock",
      "tau": 4580.380915332554,
      "tau_std": 709.4745583995659,
      "ess": 218.3224536309981,
      "ess_by_coordinate": [
        364.955020766365,
        755.4964066494762,
        779.1920431019339,
        912.3069281646401,
        586.2082972500915,
        1006.6486711576736,
        751.7583146491777,
        906.6899167862641,
        218.3224536309981,
        731.3775259175748,
        694.5383612723631,
        1419.3558915688013,
        509.8695734774341,
        754.4428502062411,
        599.4441657375124,
        1090.4241948759593,
        622.3410004441355,
        1211.91297824751,
        549.2838523131098,
        1206.2155732142526,
        800.2860764766551,
        843.9007576093043,
        536.9091404893807,
        888.8157255206233,
        606.0681594676033,
        1059.6311262714805,
        391.629891642953,
        550.624384873065,
        532.6178925654006,
        616.89922708955,
        616.9705464194182,
        681.5344456088369
      ],
      "ess_valid_fraction": [
        0.08,
        0.15,
        0.19,
        0.21,
        0.15,
        0.21,
        0.19,
        0.21,
        0.05,
        0.18,
        0.16,
        0.32,
        0.14,
        0.18,
        0.14,
        0.23,
        0.16,
        0.25,
        0.12,
        0.25,
        0.21,
        0.21,
        0.13,
        0.22,
        0.13,
        0.24,
        0.09,
        0.13,
        0.12,
        0.14,
        0.17,
        0.15
      ],
      "n_evaluations": 1000000.0,
      "evaluation_type": "function",
      "ess_per_eval": 0.0002183224536309981,
      "time": 4.346393585205078,
      "sigma": 0.7,
      "epsilon": 0.0,
      "n_leapfrog": null,
      "n_warmup": null,
      "target_accept": null,
      "cond": 100.0
    },
    "HMC": {
      "distribution": "Paired Rosenbrock",
      "tau": 3061.790358892001,
      "tau_std": 679.7436935215984,
      "ess": 326.6062933067303,
      "ess_by_coordinate": [
        6676.509678772013,
        5766.592442716137,
        5358.71735167694,
        4262.61126881339,
        4123.623383999568,
        4032.262679312429,
        3031.277681432431,
        2635.085849499822,
        2666.8756998948047,
        2452.0260434660972,
        1584.2622960371527,
        1980.340970349228,
        1191.6245129121287,
        1775.7151684251864,
        1130.7659065451246,
        1357.445515918408,
        722.7316828677617,
        1467.4049948948307,
        737.848047769434,
        1293.7247690615293,
        430.7306453945957,
        1221.1168837693906,
        801.8316736381738,
        1065.0161773252592,
        672.561128782595,
        1405.798882728506,
        603.9757811733767,
        1235.748786209824,
        633.1326904048871,
        1033.9141274911044,
        326.6062933067303,
        458.08059734126545
      ],
      "ess_valid_fraction": [
        0.82,
        0.8,
        0.85,
        0.75,
        0.68,
        0.69,
        0.52,
        0.49,
        0.48,
        0.45,
        0.35,
        0.41,
        0.25,
        0.37,
        0.26,
        0.28,
        0.17,
        0.32,
        0.19,
        0.27,
        0.1,
        0.27,
        0.2,
        0.23,
        0.16,
        0.27,
        0.16,
        0.29,
        0.16,
        0.24,
        0.08,
        0.13
      ],
      "n_evaluations": 34000000.0,
      "evaluation_type": "gradient",
      "ess_per_eval": 9.606067450197951e-06,
      "time": 23.476038217544556,
      "sigma": 0.7,
      "epsilon": 0.025505317375063896,
      "n_leapfrog": 33,
      "n_warmup": 1000,
      "target_accept": 0.651,
      "cond": 100.0
    }
  }
}