{
  "dim": 32,
  "seed": 2,
  "n_samples": 10000,
  "burn_in": 2000,
  "n_thin": 1,
  "n_chains": 100,
  "hwm_walkers_requested": 300,
  "jax_enable_x64": true,
  "af": true,
  "initialization_mode": "agnostic",
  "initialization_description": "independent N(0, 2^2) coordinates in the intrinsic Rosenbrock frame",
  "transform_affine": true,
  "overlay_rosenbrock": {
    "a": 1.0,
    "b": 100.0,
    "sigma": 1.5
  },
  "summary": {
    "Dense-mass NUTS": {
      "distribution": "Paired Rosenbrock",
      "tau": 22.40576127921729,
      "tau_std": 4.885918349536169,
      "ess": 44631.3779540069,
      "ess_by_coordinate": [
        250200.239538276,
        204196.8229458363,
        249719.85036661962,
        201429.58345674595,
        245890.776219208,
        202366.5001338419,
        248371.71803141004,
        198293.35738471802,
        256208.01252160527,
        207929.60067593,
        243633.0578210658,
        199209.68130193194,
        232801.61253398957,
        199912.57987493626,
        225487.3672492553,
        193259.0028847513,
        200178.35327525227,
        168047.06461284068,
        175454.48834396887,
        147453.84009259488,
        155761.27894017825,
        136672.33845294546,
        140447.04521649997,
        123591.0703291644,
        126666.23872663453,
        110581.706241192,
        87258.04438633365,
        76099.75358946166,
        61164.84222774041,
        57188.32342232024,
        49976.03537421889,
        44631.3779540069
      ],
      "ess_valid_fraction": [
        1.0,
        1.0,
        1.0,
        1.0,
        1.0,
        1.0,
        1.0,
        1.0,
        1.0,
        1.0,
        1.0,
        1.0,
        1.0,
        1.0,
        1.0,
        1.0,
        1.0,
        1.0,
        1.0,
        1.0,
        1.0,
        1.0,
        1.0,
        1.0,
        1.0,
        1.0,
        1.0,
        1.0,
        1.0,
        0.99,
        0.98,
        0.98
      ],
      "n_evaluations": 252662845.0,
      "evaluation_type": "gradient",
      "ess_per_eval": 0.00017664400934774125,
      "time": 334.59207344055176,
      "sigma": 1.5,
      "epsilon": 0.011216579937597546,
      "n_leapfrog": 252.662845,
      "n_warmup": 2000,
      "target_accept": 0.8,
      "cond": 100.0,
      "mean_mse": 0.0006486916696874893,
      "cov_mse": 0.0012509596071543718,
      "acceptance_rate_mean": 0.8969365389027791,
      "acceptance_rate_min": 0.821135479728263,
      "acceptance_rate_max": 0.9681503894799078,
      "n_divergent": 1510,
      "actual_n_chains": 100,
      "diagnostic_draws_per_chain": 200,
      "sample_finite_fraction": 1.0,
      "finite_draw_fraction": 1.0,
      "sample_covariance_rank": 32,
      "sample_covariance_full_rank": true
    },
    "Hamiltonian Walk Move": {
      "distribution": "Paired Rosenbrock",
      "tau": 6.384151509310198,
      "tau_std": 0.7759984583559179,
      "ess": 469913.65972831484,
      "ess_by_coordinate": [
        620909.5240017043,
        469913.65972831484,
        634301.3503399699,
        473325.7906739177,
        652848.5022539177,
        480301.959917804,
        654132.440468645,
        492263.77152501256,
        654386.4419749922,
        485429.9908489372,
        720043.7079015479,
        550942.3428162682,
        653930.5012764344,
        491393.1254914204,
        652739.9554877274,
        487251.1924346534,
        654126.8135741933,
        509036.5592237217,
        654456.7908810574,
        493779.5309303911,
        641780.2585897616,
        481014.45177156676,
        658630.7669205193,
        496656.8634774232,
        652370.154338758,
        486156.82625528565,
        655415.6201823772,
        495349.7011063775,
        657283.1949468186,
        498811.3327683879,
        655553.0374306648,
        486338.6778801088
      ],
      "ess_valid_fraction": [
        0.9966666666666667,
        0.9966666666666667,
        0.9933333333333333,
        0.9966666666666667,
        0.9966666666666667,
        0.9966666666666667,
        1.0,
        1.0,
        0.9966666666666667,
        1.0,
        0.9966666666666667,
        0.9966666666666667,
        0.9966666666666667,
        0.9966666666666667,
        1.0,
        0.9966666666666667,
        0.9966666666666667,
        0.9966666666666667,
        0.9966666666666667,
        0.9966666666666667,
        1.0,
        1.0,
        0.9966666666666667,
        0.9933333333333333,
        0.99,
        0.99,
        1.0,
        0.9966666666666667,
        0.9966666666666667,
        0.9966666666666667,
        0.9933333333333333,
        0.9933333333333333
      ],
      "n_evaluations": 399174000.0,
      "evaluation_type": "gradient",
      "ess_per_eval": 0.0011772150984991879,
      "time": 165.28701090812683,
      "sigma": 1.5,
      "epsilon": 0.02112824274539444,
      "n_leapfrog": 132.058,
      "n_warmup": 2000,
      "target_accept": 0.651,
      "cond": 100.0,
      "mean_mse": 0.0004899036773798884,
      "cov_mse": 0.005781185927938573,
      "acceptance_rate_mean": 0.6540238888888888,
      "acceptance_rate_min": 0.6540238888888888,
      "acceptance_rate_max": 0.6540238888888888,
      "n_divergent": null,
      "actual_n_chains": 300,
      "diagnostic_draws_per_chain": 200,
      "sample_finite_fraction": 1.0,
      "finite_draw_fraction": 1.0,
      "sample_covariance_rank": 32,
      "sample_covariance_full_rank": true
    },
    "Stretch Move": {
      "distribution": "Paired Rosenbrock",
      "tau": 4924.706479825537,
      "tau_std": 847.7637027916895,
      "ess": 203.0577871181931,
      "ess_by_coordinate": [
        364.4787191918535,
        719.9460832086468,
        476.31086077827945,
        520.9825204086538,
        588.155868578202,
        839.6882328776499,
        321.7707587991134,
        721.3778002205554,
        570.8427850637738,
        465.0661974961201,
        412.0233862045866,
        724.4461477048808,
        254.12547750952456,
        571.8453027620714,
        538.2341971954544,
        736.0716332260466,
        594.9617672270639,
        915.2738455477564,
        391.6219495664191,
        689.8887378475044,
        203.0577871181931,
        642.6343287218266,
        522.995646835534,
        817.9705450521855,
        657.8206268569971,
        951.0554018368127,
        651.1194614335166,
        1216.5102399018435,
        654.2865156609668,
        926.1628804733405,
        410.5524823023414,
        761.8230700854041
      ],
      "ess_valid_fraction": [
        0.09,
        0.17,
        0.11,
        0.13,
        0.14,
        0.2,
        0.09,
        0.19,
        0.13,
        0.12,
        0.1,
        0.18,
        0.06,
        0.13,
        0.14,
        0.16,
        0.14,
        0.19,
        0.11,
        0.18,
        0.05,
        0.15,
        0.13,
        0.18,
        0.17,
        0.22,
        0.17,
        0.27,
        0.15,
        0.22,
        0.1,
        0.19
      ],
      "n_evaluations": 1000000.0,
      "evaluation_type": "function",
      "ess_per_eval": 0.00020305778711819308,
      "time": 4.6392152309417725,
      "sigma": 1.5,
      "epsilon": 0.0,
      "n_leapfrog": null,
      "n_warmup": null,
      "target_accept": null,
      "cond": 100.0,
      "mean_mse": 4.441165821474915,
      "cov_mse": 0.9681691470351435,
      "acceptance_rate_mean": 0.16511333333333333,
      "acceptance_rate_min": 0.12066666666666667,
      "acceptance_rate_max": 0.20216666666666666,
      "n_divergent": null,
      "actual_n_chains": 100,
      "diagnostic_draws_per_chain": 200,
      "sample_finite_fraction": 1.0,
      "finite_draw_fraction": 1.0,
      "sample_covariance_rank": 32,
      "sample_covariance_full_rank": true
    },
    "HMC": {
      "distribution": "Paired Rosenbrock",
      "tau": 2513.5773042183623,
      "tau_std": 666.5657624220964,
      "ess": 397.8393655614925,