{
  "dim": 32,
  "seed": 0,
  "n_samples": 10000,
  "burn_in": 1000,
  "n_thin": 1,
  "n_chains": 100,
  "af": true,
  "initialization_mode": "agnostic",
  "initialization_description": "independent N(0, 2^2) coordinates in the intrinsic Rosenbrock frame",
  "transform_affine": true,
  "overlay_rosenbrock": {
    "a": 1.0,
    "b": 100.0,
    "sigma": 0.7
  },
  "summary": {
    "Dense-mass NUTS": {
      "distribution": "Paired Rosenbrock",
      "tau": 3077.6707069255226,
      "tau_std": 615.353897763425,
      "ess": 324.9210507640573,
      "ess_by_coordinate": [
        2199.128900696709,
        1716.7398589078045,
        757.9977490241065,
        1205.6469302321925,
        1062.5604007671336,
        1263.8063567719207,
        784.6247307698832,
        749.9146301818447,
        963.4006759511442,
        801.0688819425125,
        575.0550921944484,
        878.3084305305183,
        705.9476401284807,
        521.9845594722776,
        604.6052647868134,
        508.59005068940763,
        682.1237877087809,
        594.9074734736101,
        616.3921370188758,
        720.8759439337364,
        509.7310359895265,
        679.8989968895644,
        331.02474869567334,
        461.40496982203035,
        429.7153533764484,
        362.33336989003635,
        515.5262915550019,
        591.8421674455325,
        324.9210507640573,
        610.0335560839806,
        562.2019541246044,
        797.795569614838
      ],
      "ess_valid_fraction": [
        0.18,
        0.13,
        0.11,
        0.16,
        0.1,
        0.13,
        0.15,
        0.1,
        0.15,
        0.13,
        0.1,
        0.14,
        0.13,
        0.11,
        0.13,
        0.11,
        0.13,
        0.12,
        0.09,
        0.16,
        0.12,
        0.12,
        0.07,
        0.1,
        0.11,
        0.08,
        0.11,
        0.13,
        0.06,
        0.1,
        0.12,
        0.14
      ],
      "n_evaluations": 254968767.27272725,
      "evaluation_type": "gradient",
      "ess_per_eval": 1.2743562838679203e-06,
      "time": 286.2865447998047,
      "sigma": 0.7,
      "epsilon": 0.0013872731942683458,
      "n_leapfrog": 254.96876727272726,
      "n_warmup": 1000,
      "target_accept": 0.8,
      "cond": 100.0
    },
    "Hamiltonian Walk Move": {
      "distribution": "Paired Rosenbrock",
      "tau": 4278.917724215447,
      "tau_std": 743.6900206507402,
      "ess": 233.70395610571202,
      "ess_by_coordinate": [
        576.5210602506635,
        390.1581134429936,
        588.483401816405,
        291.51888047291146,
        396.1941852911746,
        333.1882533310383,
        415.09072670676,
        388.06936866124107,
        393.51363707808804,
        591.5884289789158,
        449.9196946705661,
        254.95002545924206,
        250.69835387904863,
        561.9054273883924,
        601.0126461320679,
        262.3577595814105,
        490.7541059688749,
        367.03029879977487,
        337.0801927930471,
        462.02417735550796,
        403.3200270267244,
        233.70395610571202,
        359.7831762037153,
        345.95582852714887,
        426.5736555292595,
        599.7196859462777,
        241.12538289230056,
        360.6980541960028,
        336.0900360960055,
        303.86123770883256,
        368.2340188727277,
        306.07924994543885
      ],
      "ess_valid_fraction": [
        0.13,
        0.08,
        0.14,
        0.07,
        0.09,
        0.08,
        0.1,
        0.11,
        0.1,
        0.15,
        0.11,
        0.06,
        0.07,
        0.14,
        0.15,
        0.07,
        0.12,
        0.09,
        0.09,
        0.12,
        0.09,
        0.06,
        0.09,
        0.09,
        0.12,
        0.16,
        0.06,
        0.09,
        0.08,
        0.09,
        0.09,
        0.09
      ],
      "n_evaluations": 1001000000.0,
      "evaluation_type": "gradient",
      "ess_per_eval": 2.3347048562009193e-07,
      "time": 729.6983647346497,
      "sigma": 0.7,
      "epsilon": 2.6863241942010063e-07,
      "n_leapfrog": 1000,
      "n_warmup": 1000,
      "target_accept": 0.651,
      "cond": 100.0
    },
    "Stretch Move": {
      "distribution": "Paired Rosenbrock",
      "tau": 3984.3524738633528,
      "tau_std": 736.1817727780358,
      "ess": 250.9818111123007,
      "ess_by_coordinate": [
        349.4623435930528,
        861.1599563355054,
        493.93375853719243,
        1131.8197015926485,
        472.75013513563283,
        1201.4060973868898,
        250.9818111123007,
        663.9663237214932,
        476.7863540387001,
        827.6758598387634,
        501.065812636703,
        797.1252220617376,
        301.092091562723,
        736.7353232075035,
        537.7604965175241,
        838.6764947082067,
        569.2456293336738,
        1156.8624650504335,
        733.123765278008,
        1034.950774858734,
        701.3193454837117,
        1159.0945009323411,
        543.472708484758,
        1089.1175652185636,
        442.65945541738915,
        460.56174250550396,
        375.0609494474084,
        600.513530601077,
        837.9047177784912,
        693.904319719772,
        513.6702053946461,
        954.7209453480433
      ],
      "ess_valid_fraction": [
        0.09,
        0.2,
        0.12,
        0.23,
        0.12,
        0.27,
        0.07,
        0.16,
        0.13,
        0.18,
        0.11,
        0.19,
        0.07,
        0.17,
        0.12,
        0.19,
        0.13,
        0.26,
        0.17,
        0.24,
        0.17,
        0.28,
        0.14,
        0.23,
        0.11,
        0.11,
        0.09,
        0.13,
        0.21,
        0.14,
        0.14,
        0.22
      ],
      "n_evaluations": 1000000.0,
      "evaluation_type": "function",
      "ess_per_eval": 0.0002509818111123007,
      "time": 4.541363477706909,
      "sigma": 0.7,
      "epsilon": 0.0,
      "n_leapfrog": null,
      "n_warmup": null,
      "target_accept": null,
      "cond": 100.0
    },
    "HMC": {
      "distribution": "Paired Rosenbrock",
      "tau": 2937.516398042005,
      "tau_std": 677.6315206160164,
      "ess": 340.4236315639115,
      "ess_by_coordinate": [
        7418.699722514561,
        6676.2738230881,
        5821.855635113347,
        5452.963875843687,
        3617.1861986854947,
        3745.745873076906,
        2761.976425478869,
        3037.428467936019,
        2307.902027362898,
        2496.6824270752186,
        1652.5081820619441,
        1882.64609861652,
        1437.1635463174132,
        1439.710959938347,
        1151.9293169068685,
        1322.881565970335,
        788.7645020363852,
        1012.6128893340315,
        1049.7145793275681,
        1497.6932033802198,
        625.7780643945948,
        1321.1471378224758,
        593.9270536838844,
        900.5713599099128,
        803.8380432377492,
        1272.0697779730406,
        340.4236315639115,
        665.7922260412281,
        391.7672842303234,
        671.3294583117158,
        507.884674322713,
        836.9332722641343
      ],
      "ess_valid_fraction": [
        0.9,
        0.82,
        0.8,
        0.77,
        0.63,
        0.63,
        0.5,
        0.55,
        0.46,
        0.47,
        0.34,
        0.39,
        0.34,
        0.33,
        0.28,
        0.3,
        0.19,
        0.23,
        0.25,
        0.33,
        0.15,
        0.27,
        0.15,
        0.22,
        0.18,
        0.26,
        0.09,
        0.15,
        0.09,
        0.15,
        0.12,
        0.17
      ],
      "n_evaluations": 69000000.0,
      "evaluation_type": "gradient",
      "ess_per_eval": 4.933675819766834e-06,
      "time": 34.474963665008545,
      "sigma": 0.7,
      "epsilon": 0.01285414770245552,
      "n_leapfrog": 68,
      "n_warmup": 1000,
      "target_accept": 0.651,
      "cond": 100.0
    }
  }
}