{
  "dim": 32,
  "seed": 0,
  "n_samples": 10000,
  "burn_in": 2000,
  "n_thin": 1,
  "n_chains": 100,
  "hwm_walkers_requested": 300,
  "jax_enable_x64": true,
  "af": true,
  "initialization_mode": "agnostic",
  "initialization_description": "independent N(0, 2^2) coordinates in the intrinsic Rosenbrock frame",
  "transform_affine": true,
  "overlay_rosenbrock": {
    "a": 1.0,
    "b": 100.0,
    "sigma": 1.5
  },
  "summary": {
    "Dense-mass NUTS": {
      "distribution": "Paired Rosenbrock",
      "tau": 25.624294469048113,
      "tau_std": 5.223312866008201,
      "ess": 39025.46472871328,
      "ess_by_coordinate": [
        282928.38601023314,
        222382.3847680525,
        261449.06674917403,
        206330.533305716,
        279510.60010433063,
        216044.11870558598,
        265842.01854121394,
        210487.64181273087,
        267436.5587196899,
        206582.5207369816,
        248078.67564461933,
        199579.02165001535,
        247602.71269160116,
        200962.45326018715,
        218297.4596237492,
        179727.52931607878,
        206927.71382146026,
        175832.83140763623,
        178041.32306620313,
        143816.9821648387,
        159815.066859837,
        136781.023022941,
        141403.4213139297,
        124425.8984782109,
        131690.5398553224,
        109158.76291879531,
        96069.58489189496,
        76191.3791280872,
        74339.86855497955,
        65200.198606390564,
        44245.50639481665,
        39025.46472871328
      ],
      "ess_valid_fraction": [
        1.0,
        1.0,
        1.0,
        1.0,
        1.0,
        1.0,
        1.0,
        1.0,
        1.0,
        1.0,
        1.0,
        1.0,
        1.0,
        1.0,
        1.0,
        1.0,
        1.0,
        1.0,
        1.0,
        1.0,
        1.0,
        1.0,
        1.0,
        1.0,
        1.0,
        1.0,
        1.0,
        1.0,
        0.99,
        1.0,
        0.96,
        0.98
      ],
      "n_evaluations": 252270610.0,
      "evaluation_type": "gradient",
      "ess_per_eval": 0.0001546968342000413,
      "time": 334.51021003723145,
      "sigma": 1.5,
      "epsilon": 0.01432084456236042,
      "n_leapfrog": 252.27061,
      "n_warmup": 2000,
      "target_accept": 0.8,
      "cond": 100.0,
      "mean_mse": 0.0008419926125325094,
      "cov_mse": 0.001353002018201707,
      "acceptance_rate_mean": 0.8901434264355049,
      "acceptance_rate_min": 0.7782612133403157,
      "acceptance_rate_max": 0.9645046409500132,
      "n_divergent": 2177,
      "actual_n_chains": 100,
      "diagnostic_draws_per_chain": 200,
      "sample_finite_fraction": 1.0,
      "finite_draw_fraction": 1.0,
      "sample_covariance_rank": 32,
      "sample_covariance_full_rank": true
    },
    "Hamiltonian Walk Move": {
      "distribution": "Paired Rosenbrock",
      "tau": 5.816903889849922,
      "tau_std": 1.1524672003908105,
      "ess": 515738.27878345794,
      "ess_by_coordinate": [
        966230.5042720337,
        538691.3605397647,
        976583.1420703098,
        565434.6060766404,
        976025.9087088094,
        564705.3644675235,
        977450.4763152367,
        556337.4171924021,
        953489.297708096,
        534186.9410854465,
        948818.1753815378,
        564773.5451792224,
        986765.9455119255,
        566930.3624489239,
        990355.5604868376,
        576345.6797426622,
        983194.2356674748,
        559142.7488646669,
        945198.9982153849,
        546445.1151600662,
        984065.4003569738,
        571222.0309350174,
        966341.2188785439,
        563499.3335593656,
        1011240.5944868701,
        577368.4231612415,
        981022.0702026329,
        561137.7142808624,
        987168.7099215905,
        570894.8551519883,
        925079.2659957925,
        515738.27878345794
      ],
      "ess_valid_fraction": [
        0.9933333333333333,
        0.9933333333333333,
        0.9966666666666667,
        1.0,
        0.9966666666666667,
        0.9933333333333333,
        0.9966666666666667,
        0.9966666666666667,
        0.9833333333333333,
        0.9833333333333333,
        1.0,
        0.9966666666666667,
        0.9933333333333333,
        0.9966666666666667,
        0.9933333333333333,
        0.9966666666666667,
        0.9933333333333333,
        0.9966666666666667,
        0.9966666666666667,
        0.9933333333333333,
        0.9933333333333333,
        0.9933333333333333,
        0.9933333333333333,
        0.99,
        0.9933333333333333,
        0.9966666666666667,
        0.9933333333333333,
        1.0,
        0.9966666666666667,
        0.9966666666666667,
        0.99,
        0.9833333333333333
      ],
      "n_evaluations": 658563250.0,
      "evaluation_type": "gradient",
      "ess_per_eval": 0.000783126417672802,
      "time": 256.759396314621,
      "sigma": 1.5,
      "epsilon": 0.021152828764131004,
      "n_leapfrog": 218.52108333333334,
      "n_warmup": 2000,
      "target_accept": 0.651,
      "cond": 100.0,
      "mean_mse": 0.0007260996378276789,
      "cov_mse": 0.0018157943353085512,
      "acceptance_rate_mean": 0.6337041666666667,
      "acceptance_rate_min": 0.6337041666666666,
      "acceptance_rate_max": 0.6337041666666666,
      "n_divergent": null,
      "actual_n_chains": 300,
      "diagnostic_draws_per_chain": 200,
      "sample_finite_fraction": 1.0,
      "finite_draw_fraction": 1.0,
      "sample_covariance_rank": 32,
      "sample_covariance_full_rank": true
    },
    "Stretch Move": {
      "distribution": "Paired Rosenbrock",
      "tau": 3923.486477227133,
      "tau_std": 711.0756758721129,
      "ess": 254.87535277724098,
      "ess_by_coordinate": [
        604.8168061440798,
        954.3236593500363,
        773.476132657138,
        934.203657601546,
        695.3178417326906,
        849.0866301895286,
        529.7667906307258,
        884.0527231675496,
        417.0422640007577,
        735.8159012692315,
        664.7779619338967,
        882.6321691821515,
        500.27817908805935,
        931.666988208112,
        479.52576941280154,
        1048.3594863946728,
        622.3344787921337,
        1124.1063192375043,
        391.84478585518104,
        1028.6807207307577,
        254.87535277724098,
        701.9457241629395,
        536.7637260179788,
        1033.2977519591166,
        308.8529646760786,
        361.97698327413434,
        597.480505087349,
        842.670808902745,
        470.22623491428135,
        988.4381660539437,
        632.7436082358734,
        1082.4194016726858
      ],
      "ess_valid_fraction": [
        0.14,
        0.23,
        0.19,
        0.23,
        0.17,
        0.21,
        0.13,
        0.21,
        0.11,
        0.16,
        0.17,
        0.21,
        0.12,
        0.22,
        0.12,
        0.24,
        0.15,
        0.25,
        0.1,
        0.22,
        0.07,
        0.17,
        0.15,
        0.23,
        0.07,
        0.09,
        0.15,
        0.2,
        0.11,
        0.22,
        0.16,
        0.26
      ],
      "n_evaluations": 1000000.0,
      "evaluation_type": "function",
      "ess_per_eval": 0.00025487535277724096,
      "time": 4.644960641860962,
      "sigma": 1.5,
      "epsilon": 0.0,
      "n_leapfrog": null,
      "n_warmup": null,
      "target_accept": null,
      "cond": 100.0,
      "mean_mse": 4.319453059762136,
      "cov_mse": 0.9592026126878814,
      "acceptance_rate_mean": 0.17193416666666667,
      "acceptance_rate_min": 0.13283333333333333,
      "acceptance_rate_max": 0.19858333333333333,
      "n_divergent": null,
      "actual_n_chains": 100,
      "diagnostic_draws_per_chain": 200,
      "sample_finite_fraction": 1.0,
      "finite_draw_fraction": 1.0,
      "sample_covariance_rank": 32,
      "sample_covariance_full_rank": true
    },
    "HMC": {
      "distribution": "Paired Rosenbrock",
      "tau": 4408.808992212942,
      "tau_std": 903.3837261150466,