{
  "dim": 32,
  "seed": 0,
  "n_samples": 10000,
  "burn_in": 1000,
  "n_thin": 1,
  "n_chains": 100,
  "af": true,
  "initialization_mode": "agnostic",
  "initialization_description": "independent N(0, 2^2) coordinates in the intrinsic Rosenbrock frame",
  "transform_affine": true,
  "overlay_rosenbrock": {
    "a": 1.0,
    "b": 100.0,
    "sigma": 0.7
  },
  "summary": {
    "Dense-mass NUTS": {
      "distribution": "Paired Rosenbrock",
      "tau": 4595.256954756074,
      "tau_std": 998.023329422084,
      "ess": 217.61568718480555,
      "ess_by_coordinate": [
        2264.6978366751064,
        2265.6582880011274,
        1747.5109277879174,
        1935.9027758606435,
        1616.8579459233551,
        2066.3907621353146,
        1456.3233771782134,
        1879.2099288547724,
        1290.2982584608155,
        1314.8119467281676,
        1860.5217464277093,
        1660.7389680894833,
        1307.0685659757182,
        973.8776323026672,
        816.5110080623558,
        830.0314060248606,
        632.0522207157768,
        662.4406192016182,
        1029.4525300437633,
        1122.4306211507196,
        405.50498134052606,
        497.12905424230166,
        556.4655664390186,
        543.0643919286281,
        505.05272365096874,
        217.61568718480555,
        298.5590166567953,
        400.26228518126703,
        382.1475764817775,
        406.47971893815657,
        433.04511218389916,
        361.74822769432865
      ],
      "ess_valid_fraction": [
        0.13,
        0.16,
        0.13,
        0.11,
        0.15,
        0.13,
        0.09,
        0.14,
        0.13,
        0.14,
        0.13,
        0.1,
        0.19,
        0.1,
        0.08,
        0.09,
        0.11,
        0.11,
        0.09,
        0.14,
        0.07,
        0.11,
        0.08,
        0.11,
        0.1,
        0.05,
        0.06,
        0.1,
        0.08,
        0.1,
        0.1,
        0.09
      ],
      "n_evaluations": 254998603.63636363,
      "evaluation_type": "gradient",
      "ess_per_eval": 8.533995248661544e-07,
      "time": 287.7713129520416,
      "sigma": 0.7,
      "epsilon": 0.0006021888693794608,
      "n_leapfrog": 254.99860363636364,
      "n_warmup": 1000,
      "target_accept": 0.8,
      "cond": 50
    },
    "Hamiltonian Walk Move": {
      "distribution": "Paired Rosenbrock",
      "tau": 8457.610610528325,
      "tau_std": 1171.7966004389707,
      "ess": 118.23670372754754,
      "ess_by_coordinate": [
        451.56086176313124,
        256.6457633839164,
        619.5976281671567,
        452.0100206686091,
        375.85878248949007,
        496.6933995222103,
        362.9628980333915,
        434.801644632672,
        278.1657056115745,
        285.0280782353819,
        343.8834645784664,
        288.45516697194535,
        238.01616127134392,
        336.8364164926397,
        266.96137456204804,
        222.5990209293132,
        228.6094374812475,
        403.77510257707024,
        427.94760028905694,
        318.8223610252612,
        355.64685133444175,
        354.67322043326374,
        365.9005594822695,
        321.6670673451106,
        360.90233950824984,
        290.7227206316335,
        118.23670372754754,
        268.66933485558536,
        244.79888982320736,
        393.2877222643024,
        349.70728210953524,
        363.58396443663304
      ],
      "ess_valid_fraction": [
        0.11,
        0.07,
        0.15,
        0.12,
        0.08,
        0.13,
        0.08,
        0.11,
        0.07,
        0.07,
        0.1,
        0.08,
        0.06,
        0.09,
        0.07,
        0.06,
        0.06,
        0.1,
        0.11,
        0.09,
        0.08,
        0.09,
        0.09,
        0.08,
        0.09,
        0.06,
        0.03,
        0.07,
        0.06,
        0.09,
        0.09,
        0.1
      ],
      "n_evaluations": 1001000000.0,
      "evaluation_type": "gradient",
      "ess_per_eval": 1.1811858514240513e-07,
      "time": 685.0495779514313,
      "sigma": 0.7,
      "epsilon": 4.69959815063703e-07,
      "n_leapfrog": 1000,
      "n_warmup": 1000,
      "target_accept": 0.651,
      "cond": 50
    },
    "Stretch Move": {
      "distribution": "Paired Rosenbrock",
      "tau": 3984.3524738706856,
      "tau_std": 736.1817727810553,
      "ess": 250.9818111118388,
      "ess_by_coordinate": [
        349.46234359057365,
        861.1599563746014,
        493.933758537345,
        1131.8197015892029,
        472.750135135837,
        1201.406097384479,
        250.9818111118388,
        663.9663237269729,
        476.7863540381781,
        827.6758598436753,
        501.06581263717135,
        797.1252220646057,
        301.09209156267815,
        736.7353232042007,
        537.7604965179576,
        838.6764947083988,
        569.2456293334844,
        1156.8624650507415,
        733.1237652778107,
        1034.950774858615,
        701.3193454839208,
        1159.0945009324005,
        543.4727084846816,
        1089.117565218278,
        442.6594554171146,
        460.5617425057178,
        375.06094944743654,
        600.513530601145,
        837.904717778587,
        693.9043197197292,
        513.6702053946797,
        954.720945348032
      ],
      "ess_valid_fraction": [
        0.09,
        0.2,
        0.12,
        0.23,
        0.12,
        0.27,
        0.07,
        0.16,
        0.13,
        0.18,
        0.11,
        0.19,
        0.07,
        0.17,
        0.12,
        0.19,
        0.13,
        0.26,
        0.17,
        0.24,
        0.17,
        0.28,
        0.14,
        0.23,
        0.11,
        0.11,
        0.09,
        0.13,
        0.21,
        0.14,
        0.14,
        0.22
      ],
      "n_evaluations": 1000000.0,
      "evaluation_type": "function",
      "ess_per_eval": 0.0002509818111118388,
      "time": 4.290435552597046,
      "sigma": 0.7,
      "epsilon": 0.0,
      "n_leapfrog": null,
      "n_warmup": null,
      "target_accept": null,
      "cond": 50
    },
    "HMC": {
      "distribution": "Paired Rosenbrock",
      "tau": 2095.62991823494,
      "tau_std": 575.5507203557387,
      "ess": 477.1834908914918,
      "ess_by_coordinate": [
        35528.819077569184,
        26528.405887318986,
        21825.27473277118,
        16934.21449232621,
        14278.1761759173,
        11691.046222145354,
        10099.150972509573,
        8524.545196970603,
        7877.658085151348,
        6778.035534680061,
        6218.694177285224,
        5498.463853082398,
        4016.1385849401895,
        3685.042010417644,
        2782.9772934358425,
        2359.2450740001686,
        2503.7411997541767,
        1926.319301387838,
        1909.2308270851781,
        1965.9968284266142,
        1415.7824287131807,
        1266.35276083921,
        888.8636416418617,
        861.1394292610481,
        1124.9033963840154,
        1173.0010254190993,
        477.1834908914918,
        790.9194700330236,
        591.521344800736,
        623.6772769939834,
        579.816570212608,
        928.831858733336
      ],
      "ess_valid_fraction": [
        1.0,
        1.0,
        1.0,
        1.0,
        1.0,
        0.99,
        0.98,
        0.97,
        0.96,
        0.92,
        0.85,
        0.82,
        0.74,
        0.68,
        0.58,
        0.52,
        0.5,
        0.38,
        0.4,
        0.42,
        0.33,
        0.29,
        0.22,
        0.2,
        0.24,
        0.24,
        0.11,
        0.17,
        0.15,
        0.16,
        0.14,
        0.2
      ],
      "n_evaluations": 1001000000.0,
      "evaluation_type": "gradient",
      "ess_per_eval": 4.7670678410738437e-07,
      "time": 343.8644206523895,
      "sigma": 0.7,
      "epsilon": 0.0008044805726967752,
      "n_leapfrog": 1000,
      "n_warmup": 1000,
      "target_accept": 0.651,
      "cond": 50
    }
  }
}