{
  "dim": 64,
  "seed": 4,
  "condition_number": 50.0,
  "n_samples": 10000,
  "burn_in": 1000,
  "n_thin": 1,
  "n_chains": 16,
  "af": false,
  "transform_affine": false,
  "summary": {
    "Dense-mass NUTS": {
      "distribution": "Gaussian",
      "tau": 1.0059727038850914,
      "tau_std": 0.0012212468500939274,
      "ess": 159050.04120099486,
      "ess_by_coordinate": [
        160000.0,
        160000.0,
        160000.0,
        159793.90930870548,
        160000.0,
        159685.38901152287,
        160000.0,
        160000.0,
        160000.0,
        160000.0,
        160000.0,
        160000.0,
        160000.0,
        160000.0,
        160000.0,
        160000.0,
        160000.0,
        160000.0,
        160000.0,
        160000.0,
        160000.0,
        160000.0,
        160000.0,
        160000.0,
        160000.0,
        160000.0,
        160000.0,
        159944.62640967674,
        160000.0,
        160000.0,
        160000.0,
        160000.0,
        160000.0,
        160000.0,
        159716.12866626354,
        160000.0,
        159494.12848478212,
        160000.0,
        160000.0,
        160000.0,
        160000.0,
        160000.0,
        160000.0,
        160000.0,
        160000.0,
        160000.0,
        160000.0,
        159598.8546662761,
        160000.0,
        160000.0,
        159824.34946100507,
        160000.0,
        159767.8574906019,
        159344.656593919,
        159050.04120099486,
        160000.0,
        160000.0,
        159852.7717058718,
        160000.0,
        160000.0,
        160000.0,
        159166.35762422497,
        160000.0,
        160000.0
      ],
      "ess_valid_fraction": [
        1.0,
        1.0,
        1.0,
        1.0,
        1.0,
        1.0,
        1.0,
        1.0,
        1.0,
        1.0,
        1.0,
        1.0,
        1.0,
        1.0,
        1.0,
        1.0,
        1.0,
        1.0,
        1.0,
        1.0,
        1.0,
        1.0,
        1.0,
        1.0,
        1.0,
        1.0,
        1.0,
        1.0,
        1.0,
        1.0,
        1.0,
        1.0,
        1.0,
        1.0,
        1.0,
        1.0,
        1.0,
        1.0,
        1.0,
        1.0,
        1.0,
        1.0,
        1.0,
        1.0,
        1.0,
        1.0,
        1.0,
        1.0,
        1.0,
        1.0,
        1.0,
        1.0,
        1.0,
        1.0,
        1.0,
        1.0,
        1.0,
        1.0,
        1.0,
        1.0,
        1.0,
        1.0,
        1.0,
        1.0
      ],
      "n_evaluations": 1832814.5454545454,
      "evaluation_type": "gradient",
      "ess_per_eval": 0.08677912426843482,
      "time": 119.39133071899414,
      "sigma": 0.0,
      "epsilon": 0.4509899616241455,
      "n_leapfrog": 11.45509090909091,
      "n_warmup": 1000,
      "target_accept": 0.8,
      "gamma": 0.05,
      "t0": 10,
      "kappa": 0.75
    },
    "Hamiltonian Walk Move": {
      "distribution": "Gaussian",
      "tau": 17.123455457916396,
      "tau_std": 0.8364678225953458,
      "ess": 9343.908441448944,
      "ess_by_coordinate": [
        11134.701391544419,
        11588.430188466375,
        11363.80354333608,
        11140.986433149461,
        11077.958016632005,
        10859.09515362152,
        10131.870005160843,
        10649.022186695902,
        11588.417596226092,
        10856.713653751833,
        11301.067873770928,
        10904.952358168344,
        11513.981320995195,
        10742.965386873237,
        10671.372394857673,
        10844.737170890246,
        10430.866401561103,
        10955.609342464324,
        10350.252967544408,
        10584.536695261291,
        10714.590038071416,
        11193.42034508017,
        11033.24578959504,
        10765.170825233354,
        10670.837130994445,
        11087.481877445618,
        10017.286086730846,
        10666.158453364485,
        10342.887154339409,
        9624.280741551345,
        9792.41605229734,
        9349.535634203761,
        9999.24139970024,
        9343.908441448944,
        9448.040986661885,
        10746.028102588409,
        11001.288484417193,
        10271.621195313814,
        10511.113762127321,
        10241.90298694385,
        10790.737835378044,
        9899.526685237337,
        10806.372939734854,
        10215.243859077455,
        9448.121192599156,
        11249.222662272095,
        10426.031039413783,
        10817.898998962164,
        10989.199843978175,
        10502.231028092163,
        9917.551694607972,
        10299.54088321426,
        11110.593747277639,
        10553.550436517682,
        11680.653049264045,
        10828.735170781183,
        9483.164855689123,
        11280.272111654667,
        10745.862456956227,
        10711.732569360644,
        11102.22010146836,
        9956.060906845669,
        10637.509486668408,
        10660.518091064008
      ],
      "ess_valid_fraction": [
        1.0,
        1.0,
        1.0,
        1.0,
        1.0,
        1.0,
        1.0,
        1.0,
        1.0,
        1.0,
        1.0,
        1.0,
        1.0,
        1.0,
        1.0,
        1.0,
        1.0,
        1.0,
        1.0,
        1.0,
        1.0,
        1.0,
        1.0,
        1.0,
        1.0,
        1.0,
        1.0,
        1.0,
        1.0,
        1.0,
        1.0,
        1.0,
        1.0,
        1.0,
        1.0,
        1.0,
        1.0,
        1.0,
        1.0,
        1.0,
        1.0,
        1.0,
        1.0,
        1.0,
        1.0,
        1.0,
        1.0,
        1.0,
        1.0,
        1.0,
        1.0,
        1.0,
        1.0,
        1.0,
        1.0,
        1.0,
        1.0,
        1.0,
        1.0,
        1.0,
        1.0,
        1.0,
        1.0,
        1.0
      ],
      "n_evaluations": 800000.0,
      "evaluation_type": "gradient",
      "ess_per_eval": 0.011679885551811181,
      "time": 18.38843297958374,
      "sigma": 0.0,
      "epsilon": 0.35628047585487366,
      "n_leapfrog": 4,
      "n_warmup": 1000,
      "target_accept": 0.651,
      "gamma": 0.05,
      "t0": 10,
      "kappa": 0.75
    },
    "Stretch Move": {
      "distribution": "Gaussian",
      "tau": 1956.2036379453007,
      "tau_std": 300.60099014823084,
      "ess": 81.79107578393835,