{
  "dim": 64,
  "seed": 4,
  "condition_number": 50.0,
  "n_samples": 10000,
  "burn_in": 2000,
  "n_thin": 1,
  "n_chains": 150,
  "hwm_walkers_requested": 300,
  "jax_enable_x64": true,
  "af": false,
  "transform_affine": false,
  "summary": {
    "Dense-mass NUTS": {
      "distribution": "Gaussian",
      "tau": 1.0011552567123922,
      "tau_std": 0.0002833795477896021,
      "ess": 1498269.114548448,
      "ess_by_coordinate": [
        1499580.78603632,
        1499697.2720708381,
        1499559.05589524,
        1499050.6549091781,
        1500000.0,
        1499052.1845776075,
        1499696.2498887887,
        1499850.6558030108,
        1500000.0,
        1499516.489136681,
        1499260.7206366654,
        1499140.644558485,
        1500000.0,
        1500000.0,
        1499393.5125159542,
        1499501.9979418498,
        1500000.0,
        1500000.0,
        1499638.2463929518,
        1499844.512455264,
        1499802.7831632062,
        1500000.0,
        1500000.0,
        1499080.8652611827,
        1499771.5954165878,
        1500000.0,
        1500000.0,
        1499756.9284108444,
        1499808.7107681409,
        1500000.0,
        1499644.1046865422,
        1499604.4161594752,
        1499991.0552613128,
        1500000.0,
        1498353.414431774,
        1498823.3839974399,
        1499904.333966528,
        1499185.3523956584,
        1500000.0,
        1499729.3761403072,
        1500000.0,
        1500000.0,
        1499513.9401528626,
        1498923.6127160287,
        1500000.0,
        1500000.0,
        1499794.0512754624,
        1500000.0,
        1500000.0,
        1499904.6087367784,
        1500000.0,
        1499717.531696518,
        1500000.0,
        1499553.0848030942,
        1498945.3704550844,
        1499871.632427821,
        1499271.6291887027,
        1499504.2882788316,
        1498731.025012534,
        1500000.0,
        1499686.5559500419,
        1498269.114548448,
        1500000.0,
        1500000.0
      ],
      "ess_valid_fraction": [
        1.0,
        1.0,
        1.0,
        1.0,
        1.0,
        1.0,
        1.0,
        1.0,
        1.0,
        1.0,
        1.0,
        1.0,
        1.0,
        1.0,
        1.0,
        1.0,
        1.0,
        1.0,
        1.0,
        1.0,
        1.0,
        1.0,
        1.0,
        1.0,
        1.0,
        1.0,
        1.0,
        1.0,
        1.0,
        1.0,
        1.0,
        1.0,
        1.0,
        1.0,
        1.0,
        1.0,
        1.0,
        1.0,
        1.0,
        1.0,
        1.0,
        1.0,
        1.0,
        1.0,
        1.0,
        1.0,
        1.0,
        1.0,
        1.0,
        1.0,
        1.0,
        1.0,
        1.0,
        1.0,
        1.0,
        1.0,
        1.0,
        1.0,
        1.0,
        1.0,
        1.0,
        1.0,
        1.0,
        1.0
      ],
      "n_evaluations": 13045993.333333332,
      "evaluation_type": "gradient",
      "ess_per_eval": 0.11484515408422571,
      "time": 191.40551376342773,
      "sigma": 0.0,
      "epsilon": 0.4526898280778203,
      "n_leapfrog": 8.697328888888888,
      "n_warmup": 2000,
      "target_accept": 0.8,
      "gamma": 0.05,
      "t0": 10,
      "kappa": 0.75,
      "mean_mse": 5.26580238109514e-06,
      "cov_mse": 8.521160031931299e-05,
      "acceptance_rate_mean": 0.8605738457942139,
      "acceptance_rate_min": 0.7944589436356795,
      "acceptance_rate_max": 0.895508807161942,
      "n_divergent": 0,
      "actual_n_chains": 150,
      "diagnostic_draws_per_chain": 200,
      "sample_finite_fraction": 1.0,
      "finite_draw_fraction": 1.0,
      "sample_covariance_rank": 64,
      "sample_covariance_full_rank": true
    },
    "Hamiltonian Walk Move": {
      "distribution": "Gaussian",
      "tau": 1.22005843877809,
      "tau_std": 0.005233102958592938,
      "ess": 2458898.6106309406,
      "ess_by_coordinate": [
        2490403.439769819,
        2509305.593651681,
        2493437.9115352333,
        2476571.2919912906,
        2476507.1839865195,
        2493139.8519648137,
        2499070.9466401227,
        2478443.486085705,
        2487965.1185493357,
        2492827.7864609347,
        2491963.192311709,
        2495210.0642335797,
        2458898.6106309406,
        2497433.9590085093,
        2490481.975903607,
        2487433.672762827,
        2485703.574061452,
        2492020.4025778696,
        2485855.807043368,
        2489216.835354812,
        2484836.0312147075,
        2501019.9592691353,
        2490754.034610058,
        2483461.8101142184,
        2485302.5366270323,
        2481017.2432964076,
        2498198.7416833546,
        2486267.9374995218,
        2499623.8774334593,
        2468265.9412538214,
        2470755.3251606384,
        2505016.25933889,
        2492346.0953028123,
        2470047.3981734687,
        2481722.3092387067,
        2494269.8465324137,
        2481620.905034107,
        2493951.3251466947,
        2483930.5086767045,
        2497790.9138349937,
        2502328.7828072244,
        2490927.3820987083,
        2466111.0843765065,
        2494745.983090682,
        2483338.8447297383,
        2480774.6347872103,
        2512628.1361641716,
        2494075.766078637,
        2492581.375535015,
        2481678.790092826,
        2465868.3068015575,
        2488348.4121461827,
        2492645.0131080896,
        2474614.5852405014,
        2478908.058143153,
        2480261.570486313,
        2499805.122772176,
        2499587.7582339286,
        2483607.3561280486,
        2483680.8675015233,
        2491027.7905649864,
        2475095.849738517,
        2489398.477542935,
        2466180.5867817705
      ],
      "ess_valid_fraction": [
        1.0,
        1.0,
        1.0,
        1.0,
        1.0,
        1.0,
        1.0,
        1.0,
        1.0,
        1.0,
        1.0,
        1.0,
        1.0,
        1.0,
        1.0,
        1.0,
        1.0,
        1.0,
        1.0,
        1.0,
        1.0,
        1.0,
        1.0,
        1.0,
        1.0,
        1.0,
        1.0,
        1.0,
        1.0,
        1.0,
        1.0,
        1.0,
        1.0,
        1.0,
        1.0,
        1.0,
        1.0,
        1.0,
        1.0,
        1.0,
        1.0,
        1.0,
        1.0,
        1.0,
        1.0,
        1.0,
        1.0,
        1.0,
        1.0,
        1.0,
        1.0,
        1.0,
        1.0,
        1.0,
        1.0,
        1.0,
        1.0,
        1.0,
        1.0,
        1.0,
        1.0,
        1.0,
        1.0,
        1.0
      ],
      "n_evaluations": 15113250.0,
      "evaluation_type": "gradient",
      "ess_per_eval": 0.16269820261233955,
      "time": 33.34798312187195,
      "sigma": 0.0,
      "epsilon": 0.7150140862329242,
      "n_leapfrog": 4.03775,
      "n_warmup": 2000,
      "target_accept": 0.651,
      "gamma": 0.05,
      "t0": 10,
      "kappa": 0.75,
      "mean_mse": 3.4033926938241016e-06,
      "cov_mse": 5.504947087389896e-05,
      "acceptance_rate_mean": 0.6539097222222222,
      "acceptance_rate_min": 0.6539097222222222,
      "acceptance_rate_max": 0.6539097222222222,
      "n_divergent": null,
      "actual_n_chains": 300,
      "diagnostic_draws_per_chain": 200,
      "sample_finite_fraction": 1.0,
      "finite_draw_fraction": 1.0,
      "sample_covariance_rank": 64,
      "sample_covariance_full_rank": true
    },
    "Stretch Move": {
      "distribution": "Gaussian",
      "tau": 477.63593628649295,
      "tau_std": 27.875194863544902,
      "ess": 3140.467217902713,