{
  "dim": 32,
  "seed": 2,
  "condition_number": 50.0,
  "n_samples": 10000,
  "burn_in": 2000,
  "n_thin": 1,
  "n_chains": 150,
  "hwm_walkers_requested": 300,
  "jax_enable_x64": true,
  "af": false,
  "transform_affine": false,
  "summary": {
    "Dense-mass NUTS": {
      "distribution": "Gaussian",
      "tau": 1.0,
      "tau_std": 0.0,
      "ess": 1500000.0,
      "ess_by_coordinate": [
        1500000.0,
        1500000.0,
        1500000.0,
        1500000.0,
        1500000.0,
        1500000.0,
        1500000.0,
        1500000.0,
        1500000.0,
        1500000.0,
        1500000.0,
        1500000.0,
        1500000.0,
        1500000.0,
        1500000.0,
        1500000.0,
        1500000.0,
        1500000.0,
        1500000.0,
        1500000.0,
        1500000.0,
        1500000.0,
        1500000.0,
        1500000.0,
        1500000.0,
        1500000.0,
        1500000.0,
        1500000.0,
        1500000.0,
        1500000.0,
        1500000.0,
        1500000.0
      ],
      "ess_valid_fraction": [
        1.0,
        1.0,
        1.0,
        1.0,
        1.0,
        1.0,
        1.0,
        1.0,
        1.0,
        1.0,
        1.0,
        1.0,
        1.0,
        1.0,
        1.0,
        1.0,
        1.0,
        1.0,
        1.0,
        1.0,
        1.0,
        1.0,
        1.0,
        1.0,
        1.0,
        1.0,
        1.0,
        1.0,
        1.0,
        1.0,
        1.0,
        1.0
      ],
      "n_evaluations": 10522700.0,
      "evaluation_type": "gradient",
      "ess_per_eval": 0.14254896556967317,
      "time": 72.02685642242432,
      "sigma": 0.0,
      "epsilon": 0.6227008691021302,
      "n_leapfrog": 7.015133333333333,
      "n_warmup": 2000,
      "target_accept": 0.8,
      "gamma": 0.05,
      "t0": 10,
      "kappa": 0.75,
      "mean_mse": 4.384095136494226e-06,
      "cov_mse": 4.831407022908441e-05,
      "acceptance_rate_mean": 0.8701748494148827,
      "acceptance_rate_min": 0.7967777537111639,
      "acceptance_rate_max": 0.912545677139941,
      "n_divergent": 0,
      "actual_n_chains": 150,
      "diagnostic_draws_per_chain": 200,
      "sample_finite_fraction": 1.0,
      "finite_draw_fraction": 1.0,
      "sample_covariance_rank": 32,
      "sample_covariance_full_rank": true
    },
    "Hamiltonian Walk Move": {
      "distribution": "Gaussian",
      "tau": 1.430891147712602,
      "tau_std": 0.004122690043922893,
      "ess": 2096595.5410345143,
      "ess_by_coordinate": [
        2112619.6391604915,
        2110145.2851356626,
        2113630.665470573,
        2112869.835814477,
        2105176.357034575,
        2106693.5516822496,
        2100429.041255151,
        2103677.32824437,
        2112499.053659126,
        2102713.3727010842,
        2124231.1872273763,
        2112291.8373263297,
        2108162.449898189,
        2115128.10370703,
        2117776.038026304,
        2113257.8946311064,
        2117274.8603216605,
        2105891.459204426,
        2103513.2632612353,
        2114092.1411698516,
        2115847.7278131302,
        2096595.5410345143,
        2108373.4561668434,
        2119625.032778051,
        2106376.037979652,
        2102253.275867735,
        2116662.380410677,
        2108772.0376632554,
        2110176.1409842996,
        2117413.611727928,
        2114653.569524767,
        2114409.4895126307
      ],
      "ess_valid_fraction": [
        1.0,
        1.0,
        1.0,
        1.0,
        1.0,
        1.0,
        1.0,
        1.0,
        1.0,
        1.0,
        1.0,
        1.0,
        1.0,
        1.0,
        1.0,
        1.0,
        1.0,
        1.0,
        1.0,
        1.0,
        1.0,
        1.0,
        1.0,
        1.0,
        1.0,
        1.0,
        1.0,
        1.0,
        1.0,
        1.0,
        1.0,
        1.0
      ],
      "n_evaluations": 9668250.0,
      "evaluation_type": "gradient",
      "ess_per_eval": 0.21685367476373846,
      "time": 24.322699546813965,
      "sigma": 0.0,
      "epsilon": 0.8482580497824395,
      "n_leapfrog": 2.22275,
      "n_warmup": 2000,
      "target_accept": 0.651,
      "gamma": 0.05,
      "t0": 10,
      "kappa": 0.75,
      "mean_mse": 5.146351667025112e-06,
      "cov_mse": 2.969513420949325e-05,
      "acceptance_rate_mean": 0.642571388888889,
      "acceptance_rate_min": 0.6425713888888889,
      "acceptance_rate_max": 0.6425713888888889,
      "n_divergent": null,
      "actual_n_chains": 300,
      "diagnostic_draws_per_chain": 200,
      "sample_finite_fraction": 1.0,
      "finite_draw_fraction": 1.0,
      "sample_covariance_rank": 32,
      "sample_covariance_full_rank": true
    },
    "Stretch Move": {
      "distribution": "Gaussian",
      "tau": 250.37645996596206,
      "tau_std": 12.176943330650044,
      "ess": 5990.978545682452,
      "ess_by_coordinate": [
        6335.628003588021,
        6547.032093011525,
        6359.7976220312285,
        7130.169365787469,
        6877.995807685445,
        6881.053006685282,
        6575.160298013912,
        6664.023215320329,
        6689.352204690241,
        6331.8377377909455,
        6738.038241456615,
        7001.925355641205,
        6517.082492261839,
        6707.715014151409,
        7597.867539037905,
        6868.274338283988,
        7243.1320854464275,
        7032.34134986916,
        6639.842717055611,
        7097.276505593993,
        6665.604143753313,
        6947.394726622386,
        6657.091000167567,
        7523.740088299342,
        6990.923907439012,
        7086.499608759585,
        7148.261894905581,
        5990.978545682452,
        6508.102967872899,
        6403.2298360377845,
        6047.461979659842,
        6469.519352028163
      ],
      "ess_valid_fraction": [
        0.76,
        0.7333333333333333,
        0.7666666666666667,
        0.7933333333333333,
        0.78,
        0.7866666666666666,
        0.76,
        0.76,
        0.7666666666666667,
        0.7666666666666667,
        0.7333333333333333,
        0.7866666666666666,
        0.7133333333333334,
        0.74,
        0.8066666666666666,
        0.8133333333333334,
        0.8066666666666666,
        0.78,
        0.72,
        0.7866666666666666,
        0.7933333333333333,
        0.8,
        0.7733333333333333,
        0.8333333333333334,
        0.7733333333333333,
        0.8,
        0.74,
        0.6466666666666666,
        0.7466666666666667,
        0.7333333333333333,
        0.7,
        0.74
      ],
      "n_evaluations": 1500000.0,
      "evaluation_type": "function",
      "ess_per_eval": 0.003993985697121635,
      "time": 8.104358911514282,
      "sigma": 0.0,
      "epsilon": 0.0,
      "n_leapfrog": null,
      "n_warmup": null,
      "target_accept": null,
      "gamma": null,
      "t0": null,
      "kappa": null,
      "mean_mse": 0.0026905550025824003,
      "cov_mse": 0.0048116338983220566,
      "acceptance_rate_mean": 0.47807888888888894,
      "acceptance_rate_min": 0.4688333333333333,
      "acceptance_rate_max": 0.49016666666666664,
      "n_divergent": null,
      "actual_n_chains": 150,
      "diagnostic_draws_per_chain": 200,
      "sample_finite_fraction": 1.0,
      "finite_draw_fraction": 1.0,
      "sample_covariance_rank": 32,
      "sample_covariance_full_rank": true
    },
    "HMC": {
      "distribution": "Gaussian",
      "tau": 2.7346132217751027,
      "tau_std": 0.020376958549954475,
      "ess": 548523.6405850163,