{
  "dim": 32,
  "seed": 2,
  "condition_number": 1,
  "n_samples": 10000,
  "burn_in": 1000,
  "n_thin": 1,
  "n_chains": 300,
  "af": false,
  "transform_affine": false,
  "summary": {
    "Dense-mass NUTS": {
      "distribution": "Gaussian",
      "tau": 1.0008174481120842,
      "tau_std": 0.00015736966463059137,
      "ess": 2997549.658690625,
      "ess_by_coordinate": [
        3000000.0,
        3000000.0,
        3000000.0,
        2999579.4441356137,
        2999791.4083553636,
        3000000.0,
        3000000.0,
        3000000.0,
        2999199.870639444,
        2999051.3733466174,
        3000000.0,
        3000000.0,
        3000000.0,
        3000000.0,
        3000000.0,
        2997549.658690625,
        3000000.0,
        3000000.0,
        3000000.0,
        3000000.0,
        3000000.0,
        3000000.0,
        3000000.0,
        2999951.344178544,
        3000000.0,
        3000000.0,
        3000000.0,
        3000000.0,
        2999486.9058164684,
        3000000.0,
        3000000.0,
        3000000.0
      ],
      "ess_valid_fraction": [
        1.0,
        1.0,
        1.0,
        1.0,
        1.0,
        1.0,
        1.0,
        1.0,
        1.0,
        1.0,
        1.0,
        1.0,
        1.0,
        1.0,
        1.0,
        1.0,
        1.0,
        1.0,
        1.0,
        1.0,
        1.0,
        1.0,
        1.0,
        1.0,
        1.0,
        1.0,
        1.0,
        1.0,
        1.0,
        1.0,
        1.0,
        1.0
      ],
      "n_evaluations": 21169494.545454547,
      "evaluation_type": "gradient",
      "ess_per_eval": 0.141597601787533,
      "time": 78.72284436225891,
      "sigma": 0.0,
      "epsilon": 0.5032558441162109,
      "n_leapfrog": 7.056498181818182,
      "n_warmup": 1000,
      "target_accept": 0.8,
      "gamma": 0.05,
      "t0": 10,
      "kappa": 0.75
    },
    "Hamiltonian Walk Move": {
      "distribution": "Gaussian",
      "tau": 7.901772894460581,
      "tau_std": 0.07894918866065291,
      "ess": 379661.6329106478,
      "ess_by_coordinate": [
        383873.789023774,
        380465.6469888683,
        384247.27244200115,
        384036.509265104,
        391299.17021956487,
        384756.76605490956,
        390054.56411437696,
        384794.02230780834,
        384423.194153497,
        394006.4002850994,
        382585.2715251773,
        388291.91280660516,
        385809.9787224971,
        386668.5427684008,
        395365.4687758233,
        386681.5226085575,
        380984.6485527985,
        388270.3269583273,
        380035.41095826856,
        387098.8243775805,
        384923.9788686579,
        390399.89554102044,
        385982.27734172123,
        380785.9234338247,
        389545.7557629334,
        387679.3260930426,
        381767.7087733499,
        384831.4668596521,
        380613.0617831553,
        379661.6329106478,
        382511.44799890736,
        388492.6717065112
      ],
      "ess_valid_fraction": [
        1.0,
        1.0,
        1.0,
        1.0,
        1.0,
        1.0,
        1.0,
        1.0,
        1.0,
        1.0,
        1.0,
        1.0,
        1.0,
        1.0,
        1.0,
        1.0,
        1.0,
        1.0,
        1.0,
        1.0,
        1.0,
        1.0,
        1.0,
        1.0,
        1.0,
        1.0,
        1.0,
        1.0,
        1.0,
        1.0,
        1.0,
        1.0
      ],
      "n_evaluations": 6000000.0,
      "evaluation_type": "gradient",
      "ess_per_eval": 0.06327693881844129,
      "time": 18.071065664291382,
      "sigma": 0.0,
      "epsilon": 0.7968549728393555,
      "n_leapfrog": 1,
      "n_warmup": 1000,
      "target_accept": 0.651,
      "gamma": 0.05,
      "t0": 10,
      "kappa": 0.75
    },
    "Stretch Move": {
      "distribution": "Gaussian",
      "tau": 224.76351129668097,
      "tau_std": 7.841802248082533,
      "ess": 13347.362223933633,
      "ess_by_coordinate": [
        15118.443442388369,
        13717.649393576125,
        14227.463886585567,
        14465.771281245501,
        13706.78560893937,
        13706.502505892484,
        14977.183114924672,
        13347.362223933633,
        14199.144265969298,
        13780.76494558719,
        14102.352239678035,
        14253.794474773942,
        15001.781862491356,
        14236.393606411606,
        13511.461495873042,
        14368.171514331825,
        13929.53011155942,
        14509.525784207613,
        14510.387481578913,
        13712.231919105798,
        14565.60361757083,
        14087.638827745142,
        15407.225634989863,
        14084.945211853697,
        14953.787362106421,
        14926.034748599268,
        13644.7034777441,
        14031.593334616966,
        13671.700681866987,
        13793.417542822139,
        13629.795790074266,
        14962.595272271736
      ],
      "ess_valid_fraction": [
        0.8366666666666667,
        0.7533333333333333,
        0.8033333333333333,
        0.7933333333333333,
        0.7766666666666666,
        0.7466666666666667,
        0.8133333333333334,
        0.7766666666666666,
        0.7833333333333333,
        0.76,
        0.7933333333333333,
        0.79,
        0.8033333333333333,
        0.8066666666666666,
        0.7633333333333333,
        0.8066666666666666,
        0.79,
        0.8166666666666667,
        0.7833333333333333,
        0.77,
        0.84,
        0.7533333333333333,
        0.85,
        0.7966666666666666,
        0.8233333333333334,
        0.8,
        0.78,
        0.7933333333333333,
        0.78,
        0.7633333333333333,
        0.77,
        0.8366666666666667
      ],
      "n_evaluations": 3000000.0,
      "evaluation_type": "function",
      "ess_per_eval": 0.004449120741311211,
      "time": 13.30820369720459,
      "sigma": 0.0,
      "epsilon": 0.0,
      "n_leapfrog": null,
      "n_warmup": null,
      "target_accept": null,
      "gamma": null,
      "t0": null,
      "kappa": null
    },
    "HMC": {
      "distribution": "Gaussian",
      "tau": 459.23365242453957,
      "tau_std": 23.874484192191076,
      "ess": 6532.622302745887,
      "ess_by_coordinate": [
        8065.295846675435,
        8818.957115790168,
        8103.094350526011,
        7958.045947250768,
        8087.156846339787,
        8082.145305150549,
        7904.736566888683,
        8113.170205183733,
        8195.603619732887,
        8097.477025523011,
        7234.727749370124,
        8215.937348872132,
        7601.23430068848,
        7717.6783441755015,
        8224.383385495767,
        8498.230290801792,
        7197.634686574776,
        8315.096501315158,
        8069.169333219947,
        8347.250296965813,
        8221.432077076484,
        8423.108600789754,
        8251.439738027142,
        8252.758840179893,
        6532.622302745887,
        7139.49431109614,
        8363.877030766142,
        7689.122098642387,
        7480.65640175356,
        8470.193495555013,
        7577.451528859522,
        7761.502486559677
      ],
      "ess_valid_fraction": [
        0.5633333333333334,
        0.5933333333333334,
        0.5733333333333334,
        0.5633333333333334,
        0.5366666666666666,
        0.5566666666666666,
        0.5433333333333333,
        0.5433333333333333,
        0.5433333333333333,
        0.5533333333333333,
        0.5233333333333333,
        0.5633333333333334,
        0.52,
        0.54,
        0.57,
        0.5833333333333334,
        0.5066666666666667,
        0.57,
        0.52,
        0.5533333333333333,
        0.55,
        0.6,
        0.5666666666666667,
        0.5666666666666667,
        0.48333333333333334,
        0.49666666666666665,
        0.5766666666666667,
        0.53,
        0.5066666666666667,
        0.5933333333333334,
        0.5233333333333333,
        0.55
      ],
      "n_evaluations": 9000000.0,
      "evaluation_type": "gradient",
      "ess_per_eval": 0.0007258469225273209,
      "time": 13.021661281585693,
      "sigma": 0.0,