{
  "dim": 32,
  "seed": 3,
  "n_samples": 10000,
  "burn_in": 1000,
  "n_thin": 1,
  "n_chains": 100,
  "cond": 1.0,
  "af": true,
  "transform_affine": true,
  "summary": {
    "Dense-mass NUTS": {
      "distribution": "Gaussian",
      "tau": 1.0007512794636255,
      "tau_std": 0.00020550918102109407,
      "ess": 999249.2845334874,
      "ess_by_coordinate": [
        1000000.0,
        1000000.0,
        999249.2845334874,
        1000000.0,
        1000000.0,
        1000000.0,
        1000000.0,
        1000000.0,
        1000000.0,
        999464.494672689,
        1000000.0,
        1000000.0,
        999696.8276531354,
        1000000.0,
        999288.9707727637,
        1000000.0,
        1000000.0,
        1000000.0,
        1000000.0,
        1000000.0,
        999649.5688889746,
        1000000.0,
        1000000.0,
        1000000.0,
        1000000.0,
        1000000.0,
        1000000.0,
        999816.3427511473,
        1000000.0,
        1000000.0,
        1000000.0,
        999977.2874991847
      ],
      "ess_valid_fraction": [
        1.0,
        1.0,
        1.0,
        1.0,
        1.0,
        1.0,
        1.0,
        1.0,
        1.0,
        1.0,
        1.0,
        1.0,
        1.0,
        1.0,
        1.0,
        1.0,
        1.0,
        1.0,
        1.0,
        1.0,
        1.0,
        1.0,
        1.0,
        1.0,
        1.0,
        1.0,
        1.0,
        1.0,
        1.0,
        1.0,
        1.0,
        1.0
      ],
      "n_evaluations": 7121501.818181818,
      "evaluation_type": "gradient",
      "ess_per_eval": 0.140314404186813,
      "time": 36.70767140388489,
      "sigma": 0.0,
      "epsilon": 0.5119709968566895,
      "n_leapfrog": 7.121501818181819,
      "n_warmup": 1000,
      "target_accept": 0.8,
      "gamma": 0.05,
      "t0": 10,
      "kappa": 0.75
    },
    "Hamiltonian Walk Move": {
      "distribution": "Gaussian",
      "tau": 1.2230777155833228,
      "tau_std": 0.009492282537741481,
      "ess": 817609.5331138215,
      "ess_by_coordinate": [
        830490.8037223542,
        835779.7689185858,
        828476.154702793,
        842370.6559629116,
        830140.2451844404,
        825771.8025747827,
        836675.3843529997,
        819519.4490268162,
        828182.2929874203,
        836285.0359940763,
        817672.852867887,
        830371.1286373197,
        832163.8852441685,
        817609.5331138215,
        832251.4592251593,
        829983.3814279491,
        829201.7593432679,
        824294.2757925532,
        828348.1193857333,
        830388.303308567,
        835681.9518015079,
        834233.3069180971,
        819955.5488025204,
        817824.330778733,
        837301.6715155278,
        833996.782151477,
        826922.4082672019,
        833291.7682165152,
        818607.4464222945,
        838103.7206927092,
        832967.1209511788,
        825596.8369550668
      ],
      "ess_valid_fraction": [
        1.0,
        1.0,
        1.0,
        1.0,
        1.0,
        1.0,
        1.0,
        1.0,
        1.0,
        1.0,
        1.0,
        1.0,
        1.0,
        1.0,
        1.0,
        1.0,
        1.0,
        1.0,
        1.0,
        1.0,
        1.0,
        1.0,
        1.0,
        1.0,
        1.0,
        1.0,
        1.0,
        1.0,
        1.0,
        1.0,
        1.0,
        1.0
      ],
      "n_evaluations": 9000000.0,
      "evaluation_type": "gradient",
      "ess_per_eval": 0.0908455036793135,
      "time": 22.58727264404297,
      "sigma": 0.0,
      "epsilon": 0.6406792402267456,
      "n_leapfrog": 8,
      "n_warmup": 1000,
      "target_accept": 0.651,
      "gamma": 0.05,
      "t0": 10,
      "kappa": 0.75
    },
    "Stretch Move": {
      "distribution": "Gaussian",
      "tau": 268.6866268245694,
      "tau_std": 16.02036655274395,
      "ess": 3721.8078615163795,
      "ess_by_coordinate": [
        4238.706014818759,
        4407.343978422392,
        3922.25342968958,
        4467.403032807638,
        4216.559010143195,
        4380.660181931462,
        3749.272536110627,
        4501.563589170539,
        4213.684656855974,
        4349.777332271911,
        4944.088858164224,
        3981.974090466955,
        3721.8078615163795,
        4098.107090119691,
        4577.707657250649,
        3984.0383402179814,
        4680.599940502027,
        4539.243974475928,
        4334.240881981436,
        4332.218709291566,
        3991.2572856233364,
        4077.8541601759052,
        4633.521942588529,
        4343.852448989232,
        4240.03511352487,
        4106.43304608033,
        4022.3461014814898,
        4189.125534174247,
        4282.303714898141,
        4643.700694668207,
        4571.288786454416,
        4913.143237016078
      ],
      "ess_valid_fraction": [
        0.71,
        0.8,
        0.7,
        0.76,
        0.75,
        0.79,
        0.66,
        0.78,
        0.74,
        0.75,
        0.85,
        0.67,
        0.71,
        0.81,
        0.79,
        0.73,
        0.76,
        0.79,
        0.76,
        0.78,
        0.7,
        0.73,
        0.76,
        0.76,
        0.71,
        0.74,
        0.73,
        0.72,
        0.73,
        0.74,
        0.73,
        0.8
      ],
      "n_evaluations": 1000000.0,
      "evaluation_type": "function",
      "ess_per_eval": 0.0037218078615163797,
      "time": 5.731861352920532,
      "sigma": 0.0,
      "epsilon": 0.0,
      "n_leapfrog": null,
      "n_warmup": null,
      "target_accept": null,
      "gamma": null,
      "t0": null,
      "kappa": null
    },
    "HMC": {
      "distribution": "Gaussian",
      "tau": 1.9533061800150173,
      "tau_std": 0.019660407638872526,
      "ess": 511952.5091515923,
      "ess_by_coordinate": [
        520681.52308591804,
        519692.0851829806,
        519826.8487601807,
        518894.1011264185,
        519393.948602506,
        524503.2943972329,
        523193.71610802686,
        525051.0081516736,
        525228.739724719,
        512484.35165973345,
        518785.0126486191,
        540094.9934822915,
        523507.7213287271,
        517497.7314523829,
        524336.172263688,
        525791.4701732037,
        532007.4590692511,
        525209.6631331353,
        516876.3288933337,
        523586.4348162858,
        532240.6596014333,
        523925.7517531035,
        526001.2602926891,
        518486.4742100942,
        519766.91361302603,
        526050.6873046001,
        522230.7885883031,
        526366.3112402951,
        523089.018829115,
        518899.8013548649,
        511952.5091515923,
        521766.20291063987
      ],
      "ess_valid_fraction": [
        1.0,
        1.0,
        1.0,
        1.0,
        1.0,
        1.0,
        1.0,
        1.0,
        1.0,
        1.0,
        1.0,
        1.0,
        1.0,
        1.0,
        1.0,
        1.0,
        1.0,
        1.0,
        1.0,
        1.0,
        1.0,
        1.0,
        1.0,
        1.0,
        1.0,
        1.0,
        1.0,
        1.0,
        1.0,
        1.0,
        1.0,
        1.0
      ],
      "n_evaluations": 3000000.0,
      "evaluation_type": "gradient",
      "ess_per_eval": 0.1706508363838641,
      "time": 12.808496475219727,
      "sigma": 0.0,
      "epsilon": 2.054959774017334,
      "n_leapfrog": 2,
      "n_warmup": 1000,
      "target_accept": 0.651,
      "gamma": 0.05,
      "t0": 10,
      "kappa": 0.75
    }
  }
}