{
  "dim": 32,
  "seed": 0,
  "n_samples": 10000,
  "burn_in": 1000,
  "n_thin": 1,
  "n_chains": 100,
  "af": true,
  "initialization_mode": "agnostic",
  "initialization_description": "independent N(0, 2^2) coordinates in the intrinsic Rosenbrock frame",
  "transform_affine": true,
  "overlay_rosenbrock": {
    "a": 1.0,
    "b": 100.0,
    "sigma": 0.7
  },
  "summary": {
    "Dense-mass NUTS": {
      "distribution": "Paired Rosenbrock",
      "tau": 24.171839090646714,
      "tau_std": 1.4184253420534196,
      "ess": 41370.45577086229,
      "ess_by_coordinate": [
        44903.19156154823,
        47244.5273253061,
        47713.57063763,
        47634.02434872335,
        50242.18750704861,
        48919.62304888228,
        46515.08316300913,
        48459.333260778054,
        46869.14740004581,
        47457.38227520796,
        42212.37409505724,
        41370.45577086229,
        51330.04249517969,
        49691.11496476224,
        49139.57278950859,
        51929.64438360778,
        43894.14024780831,
        44665.46736047874,
        49996.229619164056,
        47024.450547954024,
        54113.229496639666,
        55790.373518673325,
        50136.69281628215,
        47476.519029949544,
        51756.029928152086,
        51660.71475364564,
        48923.98590459492,
        49002.333405480764,
        53715.80420515231,
        53623.54566037957,
        51334.543304228726,
        48655.24583395956
      ],
      "ess_valid_fraction": [
        0.99,
        0.99,
        1.0,
        1.0,
        0.99,
        0.99,
        0.99,
        0.99,
        0.99,
        0.99,
        0.99,
        0.99,
        1.0,
        0.97,
        0.99,
        0.99,
        0.99,
        0.99,
        0.99,
        0.99,
        0.98,
        0.98,
        0.99,
        0.99,
        0.99,
        0.99,
        0.97,
        0.98,
        0.99,
        0.99,
        0.97,
        0.99
      ],
      "n_evaluations": 254501346.36363637,
      "evaluation_type": "gradient",
      "ess_per_eval": 0.00016255495839991114,
      "time": 279.7517502307892,
      "sigma": 0.7,
      "epsilon": 0.016702275723218918,
      "n_leapfrog": 254.50134636363637,
      "n_warmup": 1000,
      "target_accept": 0.8,
      "cond": 1.0
    },
    "Hamiltonian Walk Move": {
      "distribution": "Paired Rosenbrock",
      "tau": 12.76802988184955,
      "tau_std": 0.4225620895435044,
      "ess": 78320.61870575306,
      "ess_by_coordinate": [
        83597.79880834768,
        81099.34902580934,
        82685.00917249237,
        81148.8563468143,
        83825.87195330358,
        79006.03577198862,
        90339.79897172631,
        84968.79075591119,
        85245.73241080406,
        79101.4187836704,
        84235.24659034665,
        83611.6169686808,
        86544.59138289971,
        85984.12437096334,
        86448.66024040169,
        83156.76856444433,
        84918.32454302991,
        78682.75769605747,
        79392.67530083128,
        80061.49468307209,
        83055.10944376359,
        79269.37356716506,
        82260.34417898802,
        78320.61870575306,
        85318.51760605648,
        79654.21769439548,
        86306.38255722006,
        83105.61000657182,
        84014.25484542055,
        79002.4719540551,
        83765.89807218796,
        79814.01337600897
      ],
      "ess_valid_fraction": [
        1.0,
        1.0,
        1.0,
        1.0,
        1.0,
        1.0,
        1.0,
        1.0,
        1.0,
        1.0,
        1.0,
        1.0,
        1.0,
        1.0,
        1.0,
        1.0,
        1.0,
        1.0,
        1.0,
        1.0,
        1.0,
        1.0,
        1.0,
        1.0,
        1.0,
        1.0,
        1.0,
        1.0,
        1.0,
        1.0,
        1.0,
        1.0
      ],
      "n_evaluations": 238000000.0,
      "evaluation_type": "gradient",
      "ess_per_eval": 0.0003290782298561053,
      "time": 176.91023659706116,
      "sigma": 0.7,
      "epsilon": 0.006691731046885252,
      "n_leapfrog": 237,
      "n_warmup": 1000,
      "target_accept": 0.651,
      "cond": 1.0
    },
    "Stretch Move": {
      "distribution": "Paired Rosenbrock",
      "tau": 3984.3524738744454,
      "tau_std": 736.1817727812935,
      "ess": 250.98181111160196,
      "ess_by_coordinate": [
        349.46234358936596,
        861.1599563650293,
        493.9337585383013,
        1131.8197015861635,
        472.7501351366348,
        1201.4060973820192,
        250.98181111160196,
        663.9663237223758,
        476.7863540383722,
        827.6758598448423,
        501.06581263711644,
        797.1252220632047,
        301.0920915625905,
        736.735323204192,
        537.760496517608,
        838.6764947079471,
        569.2456293333232,
        1156.8624650496902,
        733.1237652778349,
        1034.9507748593219,
        701.3193454841339,
        1159.0945009322081,
        543.4727084849643,
        1089.1175652177474,
        442.6594554166102,
        460.56174250610917,
        375.0609494475609,
        600.5135306009599,
        837.9047177787305,
        693.9043197194684,
        513.6702053944405,
        954.720945348008
      ],
      "ess_valid_fraction": [
        0.09,
        0.2,
        0.12,
        0.23,
        0.12,
        0.27,
        0.07,
        0.16,
        0.13,
        0.18,
        0.11,
        0.19,
        0.07,
        0.17,
        0.12,
        0.19,
        0.13,
        0.26,
        0.17,
        0.24,
        0.17,
        0.28,
        0.14,
        0.23,
        0.11,
        0.11,
        0.09,
        0.13,
        0.21,
        0.14,
        0.14,
        0.22
      ],
      "n_evaluations": 1000000.0,
      "evaluation_type": "function",
      "ess_per_eval": 0.00025098181111160193,
      "time": 4.724169731140137,
      "sigma": 0.7,
      "epsilon": 0.0,
      "n_leapfrog": null,
      "n_warmup": null,
      "target_accept": null,
      "cond": 1.0
    },
    "HMC": {
      "distribution": "Paired Rosenbrock",
      "tau": 21.26022156902698,
      "tau_std": 3.237275298238038,
      "ess": 47036.19841181961,
      "ess_by_coordinate": [
        76545.06874500292,
        53568.15997822182,
        74434.65948347465,
        48989.21315633691,
        77870.75894329906,
        52321.563418769576,
        75836.45182029773,
        52351.568521453046,
        75972.9677933895,
        50273.89434267633,
        81037.25405594436,
        55505.569019293864,
        81786.03920384722,
        56527.696864842816,
        80141.82409315825,
        52465.72908606871,
        73502.74452558908,
        47036.19841181961,
        76568.6243085647,
        52143.968624459536,
        76671.49044786037,
        51305.098970315834,
        78591.82404003864,
        53318.664011465466,
        79268.70711500543,
        52751.044614082566,
        76083.40295623723,
        51300.587451701496,
        72436.34204766236,
        48147.60198158672,
        80376.15524625026,
        54838.899522317384
      ],
      "ess_valid_fraction": [
        1.0,
        1.0,
        1.0,
        1.0,
        1.0,
        1.0,
        1.0,
        1.0,
        1.0,
        1.0,
        1.0,
        1.0,
        1.0,
        1.0,
        1.0,
        1.0,
        1.0,
        1.0,
        1.0,
        1.0,
        1.0,
        1.0,
        1.0,
        1.0,
        1.0,
        1.0,
        1.0,
        1.0,
        1.0,
        1.0,
        1.0,
        1.0
      ],
      "n_evaluations": 1001000000.0,
      "evaluation_type": "gradient",
      "ess_per_eval": 4.6989209202616995e-05,
      "time": 356.64873790740967,
      "sigma": 0.7,
      "epsilon": 0.0033798348158597946,
      "n_leapfrog": 1000,
      "n_warmup": 1000,
      "target_accept": 0.651,
      "cond": 1.0
    }
  }
}