{
  "dim": 32,
  "seed": 0,
  "n_samples": 10000,
  "burn_in": 2000,
  "n_thin": 1,
  "n_chains": 100,
  "hwm_walkers_requested": 300,
  "jax_enable_x64": true,
  "af": true,
  "initialization_mode": "agnostic",
  "initialization_description": "independent N(0, 2^2) coordinates in the intrinsic Rosenbrock frame",
  "transform_affine": true,
  "overlay_rosenbrock": {
    "a": 1.0,
    "b": 100.0,
    "sigma": 1.5
  },
  "summary": {
    "Dense-mass NUTS": {
      "distribution": "Paired Rosenbrock",
      "tau": 5.352887189165473,
      "tau_std": 0.42040997965763055,
      "ess": 186815.07094415385,
      "ess_by_coordinate": [
        237676.78205720434,
        197469.40832619107,
        237005.75632666046,
        191754.89713208904,
        221793.04773171115,
        195593.01187908414,
        225119.54025933662,
        198451.01424467273,
        248127.02416834587,
        203122.32938812498,
        224170.61532011477,
        186815.07094415385,
        248700.48879334834,
        204754.88695000162,
        232832.7201656424,
        188842.05730932043,
        238797.33867661914,
        208256.34747126288,
        226367.4330975406,
        197743.3638123673,
        249749.62522163359,
        202375.6821620441,
        247661.248989346,
        198536.29406029242,
        238545.71479456575,
        200551.0809077811,
        219080.4453402461,
        199683.5957067559,
        225696.43389479062,
        204267.19699247586,
        227149.04728684315,
        193529.30632026435
      ],
      "ess_valid_fraction": [
        1.0,
        1.0,
        1.0,
        1.0,
        1.0,
        1.0,
        1.0,
        1.0,
        1.0,
        1.0,
        1.0,
        1.0,
        1.0,
        1.0,
        1.0,
        1.0,
        1.0,
        1.0,
        1.0,
        1.0,
        1.0,
        1.0,
        1.0,
        1.0,
        1.0,
        1.0,
        1.0,
        1.0,
        1.0,
        1.0,
        1.0,
        1.0
      ],
      "n_evaluations": 251991174.16666666,
      "evaluation_type": "gradient",
      "ess_per_eval": 0.0007413556112111871,
      "time": 329.76145911216736,
      "sigma": 1.5,
      "epsilon": 0.014009412074881888,
      "n_leapfrog": 251.99117416666667,
      "n_warmup": 2000,
      "target_accept": 0.8,
      "cond": 1.0,
      "mean_mse": 0.0005163424193317009,
      "cov_mse": 0.0012043506338312317,
      "acceptance_rate_mean": 0.8994310107566648,
      "acceptance_rate_min": 0.8256229751780302,
      "acceptance_rate_max": 0.9458989036538716,
      "n_divergent": 400,
      "actual_n_chains": 100,
      "diagnostic_draws_per_chain": 200,
      "sample_finite_fraction": 1.0,
      "finite_draw_fraction": 1.0,
      "sample_covariance_rank": 32,
      "sample_covariance_full_rank": true
    },
    "Hamiltonian Walk Move": {
      "distribution": "Paired Rosenbrock",
      "tau": 5.498653278091581,
      "tau_std": 1.0503546532324057,
      "ess": 545588.1373631929,
      "ess_by_coordinate": [
        913257.620243712,
        545588.1373631929,
        938602.5263929726,
        566809.3825865536,
        946574.970669752,
        579926.6228428977,
        952377.7088310712,
        580219.5782837954,
        928263.5636691831,
        556458.5036506108,
        948857.6501337276,
        571957.678060008,
        936070.8750089752,
        555987.7753346753,
        968897.4253609523,
        571278.6703007654,
        970612.3494296428,
        583237.9144581876,
        934452.0878898973,
        566019.6746082432,
        929581.080332519,
        573307.0766396879,
        990580.5166613667,
        589209.3528101849,
        980458.4519078739,
        576593.0630802624,
        962317.0099464646,
        581535.2472578222,
        979860.9169321744,
        576178.1637319988,
        970065.8351882596,
        586858.7735882069
      ],
      "ess_valid_fraction": [
        0.9933333333333333,
        0.9966666666666667,
        0.9966666666666667,
        1.0,
        0.9966666666666667,
        0.9966666666666667,
        0.9966666666666667,
        0.9933333333333333,
        0.9966666666666667,
        0.9966666666666667,
        0.9933333333333333,
        0.9966666666666667,
        1.0,
        0.9966666666666667,
        0.9966666666666667,
        0.9966666666666667,
        0.9966666666666667,
        0.9966666666666667,
        0.9966666666666667,
        1.0,
        0.9966666666666667,
        1.0,
        0.9966666666666667,
        1.0,
        0.9966666666666667,
        0.9966666666666667,
        0.9966666666666667,
        0.9966666666666667,
        1.0,
        1.0,
        0.9966666666666667,
        0.9966666666666667
      ],
      "n_evaluations": 1000303749.9999999,
      "evaluation_type": "gradient",
      "ess_per_eval": 0.0005454224652893612,
      "time": 368.1642174720764,
      "sigma": 1.5,
      "epsilon": 0.02108842740881459,
      "n_leapfrog": 332.4345833333333,
      "n_warmup": 2000,
      "target_accept": 0.651,
      "cond": 1.0,
      "mean_mse": 0.0002690458445141643,
      "cov_mse": 0.001078088168566813,
      "acceptance_rate_mean": 0.6298755555555556,
      "acceptance_rate_min": 0.6298755555555555,
      "acceptance_rate_max": 0.6298755555555555,
      "n_divergent": null,
      "actual_n_chains": 300,
      "diagnostic_draws_per_chain": 200,
      "sample_finite_fraction": 1.0,
      "finite_draw_fraction": 1.0,
      "sample_covariance_rank": 32,
      "sample_covariance_full_rank": true
    },
    "Stretch Move": {
      "distribution": "Paired Rosenbrock",
      "tau": 3923.486477226632,
      "tau_std": 711.0756758720196,
      "ess": 254.87535277727355,
      "ess_by_coordinate": [
        604.8168061431968,
        954.3236593522104,
        773.476132657172,
        934.2036576002291,
        695.3178417313627,
        849.0866301893263,
        529.7667906307876,
        884.0527231670103,
        417.04226400074253,
        735.815901269574,
        664.7779619336608,
        882.6321691818532,
        500.2781790879061,
        931.6669882082591,
        479.5257694127502,
        1048.359486394434,
        622.3344787920187,
        1124.1063192378224,
        391.84478585522095,
        1028.6807207306297,
        254.87535277727355,
        701.9457241628529,
        536.7637260180151,
        1033.2977519590652,
        308.852964676111,
        361.9769832741908,
        597.480505087244,
        842.6708089030196,
        470.22623491419097,
        988.4381660540232,
        632.743608235869,
        1082.4194016726776
      ],
      "ess_valid_fraction": [
        0.14,
        0.23,
        0.19,
        0.23,
        0.17,
        0.21,
        0.13,
        0.21,
        0.11,
        0.16,
        0.17,
        0.21,
        0.12,
        0.22,
        0.12,
        0.24,
        0.15,
        0.25,
        0.1,
        0.22,
        0.07,
        0.17,
        0.15,
        0.23,
        0.07,
        0.09,
        0.15,
        0.2,
        0.11,
        0.22,
        0.16,
        0.26
      ],
      "n_evaluations": 1000000.0,
      "evaluation_type": "function",
      "ess_per_eval": 0.00025487535277727354,
      "time": 4.433236837387085,
      "sigma": 1.5,
      "epsilon": 0.0,
      "n_leapfrog": null,
      "n_warmup": null,
      "target_accept": null,
      "cond": 1.0,
      "mean_mse": 4.319453059762137,
      "cov_mse": 0.9592026126878818,
      "acceptance_rate_mean": 0.17193416666666667,
      "acceptance_rate_min": 0.13283333333333333,
      "acceptance_rate_max": 0.19858333333333333,
      "n_divergent": null,
      "actual_n_chains": 100,
      "diagnostic_draws_per_chain": 200,
      "sample_finite_fraction": 1.0,
      "finite_draw_fraction": 1.0,
      "sample_covariance_rank": 32,
      "sample_covariance_full_rank": true
    },
    "HMC": {
      "distribution": "Paired Rosenbrock",
      "tau": 3486.925864309032,
      "tau_std": 692.0379468689849,
      "ess": 286.7855638216041,