{
  "dim": 32,
  "seed": 1,
  "n_samples": 10000,
  "burn_in": 1000,
  "n_thin": 1,
  "n_chains": 100,
  "af": true,
  "initialization_mode": "agnostic",
  "initialization_description": "independent N(0, 2^2) coordinates in the intrinsic Rosenbrock frame",
  "transform_affine": true,
  "overlay_rosenbrock": {
    "a": 1.0,
    "b": 100.0,
    "sigma": 0.7
  },
  "summary": {
    "Dense-mass NUTS": {
      "distribution": "Paired Rosenbrock",
      "tau": 7531.5393916717285,
      "tau_std": 1149.6102115212173,
      "ess": 132.77498104913136,
      "ess_by_coordinate": [
        292.2426141801124,
        304.1965616034452,
        297.8036390756504,
        299.45589426779884,
        329.28950694264046,
        386.21840200125064,
        355.1062937467905,
        221.1152830946656,
        255.70410585184908,
        132.77498104913136,
        320.40722616871017,
        273.6459334466176,
        350.04001242796585,
        284.53251299980235,
        393.0216245388669,
        357.7559180718347,
        303.95544323808025,
        413.98368570325187,
        411.1932717800876,
        391.0045731112034,
        306.8997896390209,
        271.0502731873281,
        244.7121925117786,
        173.85556030440182,
        274.56920097460164,
        243.68468167385637,
        371.75978741600295,
        164.8106445790315,
        176.15814796932327,
        299.3551518010003,
        285.9989460313824,
        223.8880842031235
      ],
      "ess_valid_fraction": [
        0.07,
        0.07,
        0.07,
        0.07,
        0.08,
        0.1,
        0.08,
        0.05,
        0.06,
        0.03,
        0.08,
        0.07,
        0.08,
        0.06,
        0.07,
        0.09,
        0.07,
        0.09,
        0.1,
        0.09,
        0.07,
        0.06,
        0.05,
        0.04,
        0.07,
        0.06,
        0.09,
        0.04,
        0.04,
        0.07,
        0.07,
        0.05
      ],
      "n_evaluations": 255000000.0,
      "evaluation_type": "gradient",
      "ess_per_eval": 5.20686200192672e-07,
      "time": 278.63586831092834,
      "sigma": 0.7,
      "epsilon": 0.0008470236207358539,
      "n_leapfrog": 255.0,
      "n_warmup": 1000,
      "target_accept": 0.8,
      "cond": 500
    },
    "Hamiltonian Walk Move": {
      "distribution": "Paired Rosenbrock",
      "tau": 5481.691158095346,
      "tau_std": 824.9751674967013,
      "ess": 182.42545432775847,
      "ess_by_coordinate": [
        489.53536563521845,
        452.10244482362407,
        386.28078032549615,
        297.69509213849767,
        234.44614066800267,
        683.0072468221987,
        182.42545432775847,
        444.18286439825164,
        421.94089144461617,
        271.6781771924777,
        477.23804965037255,
        340.3809367577222,
        354.08250748430714,
        294.0066386317016,
        327.48673830035347,
        515.9274448668995,
        313.76518259968987,
        329.8398571884796,
        355.94962863239925,
        284.24058213402515,
        230.98448930566724,
        380.0896070658333,
        316.7739920196465,
        501.41131193150494,
        510.7180528097442,
        263.4992318985801,
        316.5452005221151,
        519.5243161254085,
        378.41362129861295,
        295.6095424201343,
        336.6360528778241,
        357.0757461716421
      ],
      "ess_valid_fraction": [
        0.13,
        0.11,
        0.1,
        0.08,
        0.06,
        0.17,
        0.04,
        0.12,
        0.1,
        0.07,
        0.13,
        0.09,
        0.08,
        0.08,
        0.09,
        0.14,
        0.08,
        0.09,
        0.1,
        0.08,
        0.06,
        0.09,
        0.08,
        0.14,
        0.12,
        0.08,
        0.07,
        0.12,
        0.09,
        0.08,
        0.09,
        0.08
      ],
      "n_evaluations": 1001000000.0,
      "evaluation_type": "gradient",
      "ess_per_eval": 1.8224321111664183e-07,
      "time": 710.5652592182159,
      "sigma": 0.7,
      "epsilon": 3.7249029105623777e-07,
      "n_leapfrog": 1000,
      "n_warmup": 1000,
      "target_accept": 0.651,
      "cond": 500
    },
    "Stretch Move": {
      "distribution": "Paired Rosenbrock",
      "tau": 2844.8508060073814,
      "tau_std": 482.4339241798198,
      "ess": 351.5122824326435,
      "ess_by_coordinate": [
        720.1243513978281,
        1061.6160375939548,
        592.1143404608683,
        1039.3573294692192,
        661.970645842051,
        887.3513943122881,
        362.5463990258735,
        736.3224177771943,
        647.7672962177601,
        1101.098925182572,
        403.6005808050713,
        661.6543507704725,
        487.9559553463848,
        822.9036481712659,
        657.7232165105875,
        779.7090890858882,
        575.4223722075388,
        1067.1600359715815,
        650.7279558995833,
        858.4415542173546,
        537.0198865414708,
        864.8454713034911,
        619.5571872629787,
        1126.0165899432145,
        351.5122824326435,
        759.187668873971,
        631.606111000915,
        819.0327046988834,
        649.1598257695339,
        930.1315321778206,
        610.9235145886116,
        810.8284902666832
      ],
      "ess_valid_fraction": [
        0.18,
        0.24,
        0.15,
        0.24,
        0.15,
        0.21,
        0.09,
        0.17,
        0.17,
        0.23,
        0.11,
        0.16,
        0.12,
        0.18,
        0.15,
        0.19,
        0.15,
        0.21,
        0.14,
        0.19,
        0.13,
        0.21,
        0.15,
        0.27,
        0.09,
        0.18,
        0.16,
        0.21,
        0.17,
        0.21,
        0.16,
        0.19
      ],
      "n_evaluations": 1000000.0,
      "evaluation_type": "function",
      "ess_per_eval": 0.00035151228243264347,
      "time": 4.188031196594238,
      "sigma": 0.7,
      "epsilon": 0.0,
      "n_leapfrog": null,
      "n_warmup": null,
      "target_accept": null,
      "cond": 500
    },
    "HMC": {
      "distribution": "Paired Rosenbrock",
      "tau": 4055.9177310401583,
      "tau_std": 1099.0117276953697,
      "ess": 246.55332438006465,
      "ess_by_coordinate": [
        5246.834114699973,
        4301.789204471427,
        3354.4117988844732,
        2772.472448366223,
        1975.6712424700047,
        1840.9950644831006,
        1318.2112893191634,
        1154.776863598428,
        895.4055392312315,
        916.9946171373324,
        439.7973843720526,
        740.7242080134134,
        246.55332438006465,
        754.9285554424903,
        429.6100937277969,
        776.0209939486585,
        542.6118087656705,
        1250.844443153109,
        573.7345884691963,
        1124.397466643393,
        545.8698779597185,
        408.64731769962526,
        258.35228613853235,
        437.8030619891989,
        353.09016323589503,
        570.8701094038901,
        319.219313743285,
        392.60266837614313,
        296.347323670416,
        287.5732255219489,
        376.3545814463505,
        385.11134514748437
      ],
      "ess_valid_fraction": [
        0.81,
        0.75,
        0.62,
        0.54,
        0.39,
        0.38,
        0.33,
        0.28,
        0.22,
        0.22,
        0.11,
        0.18,
        0.07,
        0.14,
        0.12,
        0.2,
        0.13,
        0.26,
        0.15,
        0.26,
        0.13,
        0.09,
        0.07,
        0.11,
        0.08,
        0.13,
        0.07,
        0.1,
        0.07,
        0.07,
        0.08,
        0.09
      ],
      "n_evaluations": 1001000000.0,
      "evaluation_type": "gradient",
      "ess_per_eval": 2.4630701736270196e-07,
      "time": 356.8099150657654,
      "sigma": 0.7,
      "epsilon": 0.00020870607113465667,
      "n_leapfrog": 1000,
      "n_warmup": 1000,
      "target_accept": 0.651,
      "cond": 500
    }
  }
}