{
  "dim": 32,
  "seed": 1,
  "n_samples": 10000,
  "burn_in": 2000,
  "n_thin": 1,
  "n_chains": 100,
  "hwm_walkers_requested": 300,
  "jax_enable_x64": true,
  "af": true,
  "initialization_mode": "agnostic",
  "initialization_description": "independent N(0, 2^2) coordinates in the intrinsic Rosenbrock frame",
  "transform_affine": true,
  "overlay_rosenbrock": {
    "a": 1.0,
    "b": 100.0,
    "sigma": 1.5
  },
  "summary": {
    "Dense-mass NUTS": {
      "distribution": "Paired Rosenbrock",
      "tau": 6.458473800964711,
      "tau_std": 0.6578619504796638,
      "ess": 154835.3420355485,
      "ess_by_coordinate": [
        246253.082218427,
        203330.8123471328,
        261910.06211257543,
        204229.1754188649,
        246511.06715754853,
        197700.42981442486,
        230198.39883085675,
        179527.7845217721,
        239858.52695698972,
        205982.53013333664,
        228685.29523827962,
        187178.9677839704,
        220569.31451882684,
        173592.48850822152,
        224608.08290469236,
        191782.8289651518,
        220351.37088812946,
        187045.55217811247,
        229821.1343324182,
        187020.97585967602,
        204797.86484315945,
        173475.44177025557,
        197285.6017435168,
        172982.94371531415,
        192183.04701775007,
        165966.24851059756,
        185057.2866879079,
        179430.02722875975,
        178895.47213444972,
        170116.42349535623,
        169268.8938150194,
        154835.3420355485
      ],
      "ess_valid_fraction": [
        1.0,
        1.0,
        1.0,
        1.0,
        1.0,
        1.0,
        1.0,
        1.0,
        1.0,
        1.0,
        1.0,
        1.0,
        1.0,
        1.0,
        1.0,
        1.0,
        1.0,
        1.0,
        1.0,
        1.0,
        1.0,
        1.0,
        1.0,
        1.0,
        1.0,
        1.0,
        1.0,
        1.0,
        1.0,
        1.0,
        1.0,
        1.0
      ],
      "n_evaluations": 252224217.5,
      "evaluation_type": "gradient",
      "ess_per_eval": 0.0006138797597242957,
      "time": 348.2953565120697,
      "sigma": 1.5,
      "epsilon": 0.014845751458489145,
      "n_leapfrog": 252.2242175,
      "n_warmup": 2000,
      "target_accept": 0.8,
      "cond": 10.0,
      "mean_mse": 0.00024971028979018273,
      "cov_mse": 0.0011850046675191798,
      "acceptance_rate_mean": 0.9001785885250773,
      "acceptance_rate_min": 0.8054342450361018,
      "acceptance_rate_max": 0.9517094985819871,
      "n_divergent": 440,
      "actual_n_chains": 100,
      "diagnostic_draws_per_chain": 200,
      "sample_finite_fraction": 1.0,
      "finite_draw_fraction": 1.0,
      "sample_covariance_rank": 32,
      "sample_covariance_full_rank": true
    },
    "Hamiltonian Walk Move": {
      "distribution": "Paired Rosenbrock",
      "tau": 6.170535945490333,
      "tau_std": 0.8488348503735962,
      "ess": 486181.4316457416,
      "ess_by_coordinate": [
        692316.3758574208,
        496394.23218690784,
        693315.1611984281,
        488872.9821505536,
        669603.4099399252,
        492262.71929551836,
        687278.7171062785,
        493799.9651063917,
        693694.6135663653,
        508645.0896280712,
        672644.1548870835,
        486748.54048686,
        704192.4670378183,
        502909.92113020224,
        672924.798707762,
        490210.463473526,
        687388.2639057855,
        506084.2378802137,
        684278.9328928681,
        505806.06228152046,
        727172.5664892104,
        486181.4316457416,
        708614.8155975173,
        511860.660935713,
        685421.0815609323,
        494368.1018967661,
        676494.9567271092,
        492852.6562047218,
        691056.5562989269,
        491615.461606856,
        678788.6291308143,
        496045.04682274454
      ],
      "ess_valid_fraction": [
        0.9966666666666667,
        1.0,
        0.99,
        0.99,
        0.9966666666666667,
        0.9966666666666667,
        0.9866666666666667,
        0.9933333333333333,
        0.9966666666666667,
        1.0,
        0.99,
        0.9933333333333333,
        0.9933333333333333,
        0.9966666666666667,
        0.9933333333333333,
        0.9933333333333333,
        0.9933333333333333,
        0.9933333333333333,
        0.9933333333333333,
        0.9933333333333333,
        0.99,
        0.99,
        1.0,
        1.0,
        0.9933333333333333,
        1.0,
        0.9933333333333333,
        0.9966666666666667,
        0.9866666666666667,
        0.9866666666666667,
        1.0,
        1.0
      ],
      "n_evaluations": 426559500.0,
      "evaluation_type": "gradient",
      "ess_per_eval": 0.0011397740095947732,
      "time": 172.2070062160492,
      "sigma": 1.5,
      "epsilon": 0.021405394741916835,
      "n_leapfrog": 141.1865,
      "n_warmup": 2000,
      "target_accept": 0.651,
      "cond": 10.0,
      "mean_mse": 0.00036363616193761775,
      "cov_mse": 0.001790739091733588,
      "acceptance_rate_mean": 0.641981111111111,
      "acceptance_rate_min": 0.6419811111111111,
      "acceptance_rate_max": 0.6419811111111111,
      "n_divergent": null,
      "actual_n_chains": 300,
      "diagnostic_draws_per_chain": 200,
      "sample_finite_fraction": 1.0,
      "finite_draw_fraction": 1.0,
      "sample_covariance_rank": 32,
      "sample_covariance_full_rank": true
    },
    "Stretch Move": {
      "distribution": "Paired Rosenbrock",
      "tau": 4266.55571609117,
      "tau_std": 743.7068182838331,
      "ess": 234.38109485563118,
      "ess_by_coordinate": [
        545.3662067017985,
        760.1946247678416,
        464.095628080716,
        787.8197124591329,
        755.8315202265625,
        971.4349454526875,
        430.6425082911138,
        1035.524403431446,
        342.19377095235967,
        630.5665594458853,
        775.4692336940407,
        842.9677295615941,
        288.3022245880783,
        580.101957396075,
        543.6465483716387,
        1045.6644145154753,
        607.8059363341969,
        1050.8040750456703,
        563.2597871197414,
        720.9154009518248,
        577.3057078033553,
        880.5268616947045,
        234.38109485563118,
        784.7988490278186,
        684.2857637014461,
        521.4624478251169,
        603.285662455874,
        1129.4639056458566,
        387.4517923831885,
        1053.7314688229492,
        504.911520058178,
        666.7334659739295
      ],
      "ess_valid_fraction": [
        0.15,
        0.17,
        0.12,
        0.2,
        0.17,
        0.23,
        0.11,
        0.24,
        0.09,
        0.14,
        0.19,
        0.2,
        0.08,
        0.16,
        0.12,
        0.25,
        0.16,
        0.24,
        0.14,
        0.19,
        0.15,
        0.2,
        0.06,
        0.17,
        0.17,
        0.14,
        0.15,
        0.26,
        0.1,
        0.21,
        0.11,
        0.15
      ],
      "n_evaluations": 1000000.0,
      "evaluation_type": "function",
      "ess_per_eval": 0.00023438109485563117,
      "time": 4.663403272628784,
      "sigma": 1.5,
      "epsilon": 0.0,
      "n_leapfrog": null,
      "n_warmup": null,
      "target_accept": null,
      "cond": 10.0,
      "mean_mse": 4.354852305914504,
      "cov_mse": 0.9616721476044151,
      "acceptance_rate_mean": 0.16854,
      "acceptance_rate_min": 0.12983333333333333,
      "acceptance_rate_max": 0.20575,
      "n_divergent": null,
      "actual_n_chains": 100,
      "diagnostic_draws_per_chain": 200,
      "sample_finite_fraction": 1.0,
      "finite_draw_fraction": 1.0,
      "sample_covariance_rank": 32,
      "sample_covariance_full_rank": true
    },
    "HMC": {
      "distribution": "Paired Rosenbrock",
      "tau": 4000.5222094632136,
      "tau_std": 692.0427357841494,
      "ess": 249.967366168973,