{
  "dim": 32,
  "seed": 1,
  "n_samples": 10000,
  "burn_in": 1000,
  "n_thin": 1,
  "n_chains": 100,
  "af": true,
  "initialization_mode": "agnostic",
  "initialization_description": "independent N(0, 2^2) coordinates in the intrinsic Rosenbrock frame",
  "transform_affine": true,
  "overlay_rosenbrock": {
    "a": 1.0,
    "b": 100.0,
    "sigma": 0.7
  },
  "summary": {
    "Dense-mass NUTS": {
      "distribution": "Paired Rosenbrock",
      "tau": 174.3055990783201,
      "tau_std": 41.75923751810334,
      "ess": 5737.0503603310735,
      "ess_by_coordinate": [
        31705.298024523207,
        30182.69368115625,
        27644.9875947917,
        28656.22229570346,
        32141.470945091638,
        29902.36467478267,
        28974.45221499434,
        28634.312510517157,
        21775.962201765575,
        21704.89794440865,
        17990.050791418114,
        20857.63306937611,
        16738.65935680267,
        17616.957350385474,
        16368.346919407673,
        16939.890685928924,
        15080.442530499442,
        14680.548777558753,
        12429.925146840002,
        13543.99547766397,
        10739.226902027916,
        11273.201955923312,
        9679.414572641188,
        9663.306500214157,
        7526.142053180423,
        8500.568826887089,
        7814.024636649368,
        8584.25517405099,
        6788.021758208282,
        7434.178235039022,
        5737.0503603310735,
        6078.797734179287
      ],
      "ess_valid_fraction": [
        0.95,
        0.96,
        0.93,
        0.94,
        0.92,
        0.95,
        0.95,
        0.96,
        0.94,
        0.94,
        0.89,
        0.92,
        0.94,
        0.93,
        0.93,
        0.89,
        0.9,
        0.9,
        0.82,
        0.87,
        0.86,
        0.9,
        0.84,
        0.85,
        0.74,
        0.71,
        0.76,
        0.78,
        0.74,
        0.75,
        0.65,
        0.69
      ],
      "n_evaluations": 254788032.72727275,
      "evaluation_type": "gradient",
      "ess_per_eval": 2.251695379457661e-05,
      "time": 280.53601360321045,
      "sigma": 0.7,
      "epsilon": 0.00925446953624487,
      "n_leapfrog": 254.78803272727274,
      "n_warmup": 1000,
      "target_accept": 0.8,
      "cond": 10.0
    },
    "Hamiltonian Walk Move": {
      "distribution": "Paired Rosenbrock",
      "tau": 16.442458194226248,
      "tau_std": 0.5245076282657233,
      "ess": 60818.156761447564,
      "ess_by_coordinate": [
        66400.01996125767,
        61536.38848415558,
        63917.22255778979,
        62162.573530428774,
        67426.12664031942,
        64589.67474131593,
        64839.15775098171,
        66437.46284944014,
        65768.15051226276,
        66763.83862370896,
        67574.82923645386,
        62623.488465453935,
        64781.31527702941,
        66791.70886814136,
        68248.65549985207,
        67707.0417547799,
        68596.72807067768,
        67745.43207973106,
        66329.59711905669,
        64921.142890649106,
        66491.54200347529,
        60873.001172867196,
        66083.94256373949,
        62797.03870389099,
        65888.86083743171,
        60818.156761447564,
        64508.94270503017,
        63158.31803890675,
        65850.05777946685,
        62246.937260513616,
        64989.81901822472,
        62386.56100668216
      ],
      "ess_valid_fraction": [
        1.0,
        1.0,
        1.0,
        1.0,
        1.0,
        1.0,
        1.0,
        1.0,
        1.0,
        1.0,
        1.0,
        1.0,
        1.0,
        1.0,
        1.0,
        1.0,
        1.0,
        1.0,
        1.0,
        1.0,
        1.0,
        1.0,
        1.0,
        1.0,
        1.0,
        1.0,
        1.0,
        1.0,
        1.0,
        1.0,
        1.0,
        1.0
      ],
      "n_evaluations": 1001000000.0,
      "evaluation_type": "gradient",
      "ess_per_eval": 6.0757399362085476e-05,
      "time": 710.7018477916718,
      "sigma": 0.7,
      "epsilon": 0.00134797184728086,
      "n_leapfrog": 1000,
      "n_warmup": 1000,
      "target_accept": 0.651,
      "cond": 10.0
    },
    "Stretch Move": {
      "distribution": "Paired Rosenbrock",
      "tau": 2844.8508060070226,
      "tau_std": 482.4339241781875,
      "ess": 351.51228243268775,
      "ess_by_coordinate": [
        720.1243513910133,
        1061.6160375755217,
        592.1143404492817,
        1039.3573294612968,
        661.9706458356485,
        887.3513943043455,
        362.5463990272033,
        736.3224177776357,
        647.7672962160337,
        1101.098925184368,
        403.6005808055282,
        661.6543507692661,
        487.95595534626625,
        822.9036481702974,
        657.7232165104747,
        779.7090890860894,
        575.4223722073771,
        1067.1600359714978,
        650.7279558994851,
        858.4415542178823,
        537.019886541374,
        864.8454713033882,
        619.557187263119,
        1126.0165899431713,
        351.51228243268775,
        759.1876688739178,
        631.6061110008623,
        819.0327046990808,
        649.1598257696235,
        930.1315321778512,
        610.9235145886046,
        810.828490266621
      ],
      "ess_valid_fraction": [
        0.18,
        0.24,
        0.15,
        0.24,
        0.15,
        0.21,
        0.09,
        0.17,
        0.17,
        0.23,
        0.11,
        0.16,
        0.12,
        0.18,
        0.15,
        0.19,
        0.15,
        0.21,
        0.14,
        0.19,
        0.13,
        0.21,
        0.15,
        0.27,
        0.09,
        0.18,
        0.16,
        0.21,
        0.17,
        0.21,
        0.16,
        0.19
      ],
      "n_evaluations": 1000000.0,
      "evaluation_type": "function",
      "ess_per_eval": 0.00035151228243268776,
      "time": 4.822230100631714,
      "sigma": 0.7,
      "epsilon": 0.0,
      "n_leapfrog": null,
      "n_warmup": null,
      "target_accept": null,
      "cond": 10.0
    },
    "HMC": {
      "distribution": "Paired Rosenbrock",
      "tau": 974.726780681543,
      "tau_std": 236.78208028403822,
      "ess": 1025.9285164000373,
      "ess_by_coordinate": [
        8699.670353704425,
        7143.077472356724,
        7241.726830160948,
        6415.855791657205,
        5509.889072481023,
        4588.891562070616,
        4989.396201097649,
        4769.3889387452,
        5145.072427447646,
        4423.645904859441,
        3506.6336928659116,
        3358.4898921870135,
        2761.247376851561,
        2864.0572078854134,
        3072.249958426458,
        2751.9078358356032,
        2494.0364134891147,
        2584.168785620503,
        2308.3291162363766,
        2308.567460644396,
        1667.1686913560713,
        2060.040104150131,
        1984.6528930719319,
        2215.950119500118,
        1095.8626130890586,
        1431.0694511417157,
        1025.9285164000373,
        1791.1775763736493,
        1368.0715356683747,
        1419.5024664438088,
        1277.3359369735144,
        1261.026285788774
      ],
      "ess_valid_fraction": [
        0.9,
        0.87,
        0.84,
        0.84,
        0.78,
        0.74,
        0.78,
        0.74,
        0.83,
        0.77,
        0.6,
        0.61,
        0.53,
        0.52,
        0.55,
        0.49,
        0.49,
        0.49,
        0.46,
        0.45,
        0.35,
        0.4,
        0.4,
        0.43,
        0.26,
        0.31,
        0.22,
        0.36,
        0.27,
        0.29,
        0.31,
        0.28
      ],
      "n_evaluations": 37000000.0,
      "evaluation_type": "gradient",
      "ess_per_eval": 2.772779774054155e-05,
      "time": 24.148487091064453,
      "sigma": 0.7,
      "epsilon": 0.023172564804553986,
      "n_leapfrog": 36,
      "n_warmup": 1000,
      "target_accept": 0.651,
      "cond": 10.0
    }
  }
}