{
  "dim": 32,
  "seed": 3,
  "n_samples": 10000,
  "burn_in": 1000,
  "n_thin": 1,
  "n_chains": 100,
  "cond": 10.0,
  "af": true,
  "transform_affine": true,
  "summary": {
    "Dense-mass NUTS": {
      "distribution": "Gaussian",
      "tau": 1.0,
      "tau_std": 0.0,
      "ess": 1000000.0,
      "ess_by_coordinate": [
        1000000.0,
        1000000.0,
        1000000.0,
        1000000.0,
        1000000.0,
        1000000.0,
        1000000.0,
        1000000.0,
        1000000.0,
        1000000.0,
        1000000.0,
        1000000.0,
        1000000.0,
        1000000.0,
        1000000.0,
        1000000.0,
        1000000.0,
        1000000.0,
        1000000.0,
        1000000.0,
        1000000.0,
        1000000.0,
        1000000.0,
        1000000.0,
        1000000.0,
        1000000.0,
        1000000.0,
        1000000.0,
        1000000.0,
        1000000.0,
        1000000.0,
        1000000.0
      ],
      "ess_valid_fraction": [
        1.0,
        1.0,
        1.0,
        1.0,
        1.0,
        1.0,
        1.0,
        1.0,
        1.0,
        1.0,
        1.0,
        1.0,
        1.0,
        1.0,
        1.0,
        1.0,
        1.0,
        1.0,
        1.0,
        1.0,
        1.0,
        1.0,
        1.0,
        1.0,
        1.0,
        1.0,
        1.0,
        1.0,
        1.0,
        1.0,
        1.0,
        1.0
      ],
      "n_evaluations": 7024356.363636363,
      "evaluation_type": "gradient",
      "ess_per_eval": 0.14236179775513563,
      "time": 226.47785091400146,
      "sigma": 0.0,
      "epsilon": 0.6088308095932007,
      "n_leapfrog": 7.024356363636364,
      "n_warmup": 1000,
      "target_accept": 0.8,
      "gamma": 0.05,
      "t0": 10,
      "kappa": 0.75
    },
    "Hamiltonian Walk Move": {
      "distribution": "Gaussian",
      "tau": 1.245474919118234,
      "tau_std": 0.006407961327052273,
      "ess": 802906.573749374,
      "ess_by_coordinate": [
        808821.1052518423,
        813369.4054752197,
        815243.5318735384,
        814335.5420696647,
        813102.1399315895,
        808983.7156991496,
        813597.928812226,
        808009.7716713283,
        818790.0072641766,
        812878.2192085151,
        812333.5497082915,
        815538.1453729944,
        811682.3846008582,
        811861.3212806355,
        809583.6608854429,
        815566.9578366064,
        816211.7951706783,
        811223.4575138666,
        815583.816439174,
        806853.0998825271,
        805607.6310841014,
        816420.6468562247,
        807620.0186914324,
        809313.3205566208,
        809412.2208228142,
        802906.573749374,
        811784.6248022838,
        806054.1981334252,
        815560.451358109,
        817370.6566869101,
        822542.5436951338,
        816293.5473530598
      ],
      "ess_valid_fraction": [
        1.0,
        1.0,
        1.0,
        1.0,
        1.0,
        1.0,
        1.0,
        1.0,
        1.0,
        1.0,
        1.0,
        1.0,
        1.0,
        1.0,
        1.0,
        1.0,
        1.0,
        1.0,
        1.0,
        1.0,
        1.0,
        1.0,
        1.0,
        1.0,
        1.0,
        1.0,
        1.0,
        1.0,
        1.0,
        1.0,
        1.0,
        1.0
      ],
      "n_evaluations": 10000000.0,
      "evaluation_type": "gradient",
      "ess_per_eval": 0.0802906573749374,
      "time": 145.53551578521729,
      "sigma": 0.0,
      "epsilon": 0.6357083320617676,
      "n_leapfrog": 9,
      "n_warmup": 1000,
      "target_accept": 0.651,
      "gamma": 0.05,
      "t0": 10,
      "kappa": 0.75
    },
    "Stretch Move": {
      "distribution": "Gaussian",
      "tau": 258.20098148809717,
      "tau_std": 17.757098338170007,
      "ess": 3872.9519703475607,
      "ess_by_coordinate": [
        3974.8916841120335,
        4163.349001497881,
        3991.2296947392488,
        4000.7410429729603,
        4237.586536297152,
        4506.808001202702,
        3983.863723006846,
        4430.755515883036,
        4166.151402886853,
        4537.373085833407,
        4782.2615828736125,
        4030.3573065854357,
        3872.9519703475607,
        4131.966460730017,
        5134.867714133741,
        4357.735810070025,
        4388.538164997342,
        4457.449193841519,
        4548.9345173378215,
        4763.408279643241,
        4100.324261306426,
        4115.311613273222,
        4742.668258354349,
        4221.6471906953675,
        5087.978907827134,
        4203.5365060469585,
        3920.6694474737324,
        4689.7006272852805,
        4095.8745924682835,
        4520.727428744046,
        4057.761945673004,
        5074.277131151191
      ],
      "ess_valid_fraction": [
        0.72,
        0.77,
        0.74,
        0.74,
        0.78,
        0.8,
        0.66,
        0.72,
        0.74,
        0.79,
        0.8,
        0.7,
        0.69,
        0.79,
        0.84,
        0.79,
        0.73,
        0.78,
        0.76,
        0.84,
        0.73,
        0.73,
        0.76,
        0.73,
        0.84,
        0.74,
        0.71,
        0.78,
        0.72,
        0.7,
        0.73,
        0.8
      ],
      "n_evaluations": 1000000.0,
      "evaluation_type": "function",
      "ess_per_eval": 0.003872951970347561,
      "time": 5.844479084014893,
      "sigma": 0.0,
      "epsilon": 0.0,
      "n_leapfrog": null,
      "n_warmup": null,
      "target_accept": null,
      "gamma": null,
      "t0": null,
      "kappa": null
    },
    "HMC": {
      "distribution": "Gaussian",
      "tau": 47.234066273950425,
      "tau_std": 12.91453096527641,
      "ess": 21171.160539093788,
      "ess_by_coordinate": [
        1000000.0,
        1000000.0,
        1000000.0,
        1000000.0,
        1000000.0,
        1000000.0,
        1000000.0,
        984342.9558141963,
        827366.571641817,
        678762.7616951867,
        563315.3828195675,
        480891.0370084315,
        386097.8036463675,
        313314.13743918453,
        266733.060354003,
        223142.89876728365,
        190369.763555449,
        163565.0086985023,
        140286.79860684497,
        116106.29003825424,
        101315.23004587564,
        85344.43524776395,
        75243.53824089476,
        63533.86630571553,
        55128.0685743594,
        48755.10559789996,
        41866.16229616114,
        36566.13337678511,
        32462.403602318635,
        27474.33673411251,
        24123.668998074194,
        21171.160539093788
      ],
      "ess_valid_fraction": [
        1.0,
        1.0,
        1.0,
        1.0,
        1.0,
        1.0,
        1.0,
        1.0,
        1.0,
        1.0,
        1.0,
        1.0,
        1.0,
        1.0,
        1.0,
        1.0,
        1.0,
        1.0,
        1.0,
        1.0,
        1.0,
        1.0,
        1.0,
        1.0,
        1.0,
        1.0,
        1.0,
        1.0,
        1.0,
        1.0,
        1.0,
        1.0
      ],
      "n_evaluations": 3000000.0,
      "evaluation_type": "gradient",
      "ess_per_eval": 0.007057053513031262,
      "time": 69.9576096534729,
      "sigma": 0.0,
      "epsilon": 3.8886170387268066,
      "n_leapfrog": 2,
      "n_warmup": 1000,
      "target_accept": 0.651,
      "gamma": 0.05,
      "t0": 10,
      "kappa": 0.75
    }
  }
}