{
  "dim": 32,
  "seed": 2,
  "n_samples": 10000,
  "burn_in": 1000,
  "n_thin": 1,
  "n_chains": 100,
  "af": true,
  "initialization_mode": "agnostic",
  "initialization_description": "independent N(0, 2^2) coordinates in the intrinsic Rosenbrock frame",
  "transform_affine": true,
  "overlay_rosenbrock": {
    "a": 1.0,
    "b": 100.0,
    "sigma": 0.7
  },
  "summary": {
    "Dense-mass NUTS": {
      "distribution": "Paired Rosenbrock",
      "tau": 24.028256074175324,
      "tau_std": 1.3235497931987146,
      "ess": 41617.668669461316,
      "ess_by_coordinate": [
        46378.9522381948,
        48288.62242906483,
        50341.98954446316,
        51754.72882005209,
        49056.33400620411,
        48796.00803568357,
        42505.23866248447,
        42122.037065105986,
        48907.363495427955,
        49084.68152435567,
        43186.9529285271,
        42641.04140724145,
        45197.162792915784,
        44120.62602441535,
        46236.98397959331,
        47088.283212830975,
        42804.58915695223,
        44297.13194966709,
        44716.98395686676,
        48764.656308428675,
        47548.64453033118,
        48733.019248544246,
        43968.93919449441,
        41617.668669461316,
        46484.556802374536,
        48296.59294784158,
        49946.291801342166,
        50136.99950570715,
        44022.23119399644,
        43660.16914579823,
        43411.07261830399,
        47772.93843288281
      ],
      "ess_valid_fraction": [
        0.99,
        0.99,
        0.99,
        0.98,
        0.98,
        0.97,
        0.99,
        0.99,
        0.99,
        0.99,
        0.99,
        0.99,
        0.99,
        0.99,
        0.99,
        0.99,
        0.99,
        1.0,
        0.95,
        0.97,
        0.98,
        0.98,
        0.99,
        0.99,
        0.99,
        0.99,
        1.0,
        0.99,
        0.99,
        0.99,
        0.98,
        0.99
      ],
      "n_evaluations": 254496167.27272725,
      "evaluation_type": "gradient",
      "ess_per_eval": 0.0001635296480707402,
      "time": 279.4163315296173,
      "sigma": 0.7,
      "epsilon": 0.015736522153019905,
      "n_leapfrog": 254.49616727272726,
      "n_warmup": 1000,
      "target_accept": 0.8,
      "cond": 1.0
    },
    "Hamiltonian Walk Move": {
      "distribution": "Paired Rosenbrock",
      "tau": 4.530746552157222,
      "tau_std": 0.4515097432147575,
      "ess": 220714.17778243864,
      "ess_by_coordinate": [
        291956.75407645246,
        229744.5981819511,
        288012.647829552,
        227743.4708745886,
        286976.4731478424,
        223821.11442824273,
        296612.6154031956,
        235826.88316436467,
        293068.8864749035,
        227449.39465348804,
        285176.2587717162,
        221995.78053767534,
        287572.8147730628,
        236048.3148262375,
        293966.2058902061,
        236622.2998399631,
        284482.4970168193,
        231730.37629561033,
        291322.97653295175,
        236138.28559394414,
        288949.68684640847,
        232889.24529153583,
        291080.255367192,
        228093.8673319459,
        294878.0521787984,
        236041.6168041835,
        295050.3601126241,
        235187.43839088193,
        286802.87154436635,
        220714.17778243864,
        280780.4907220039,
        227873.17804134596
      ],
      "ess_valid_fraction": [
        1.0,
        1.0,
        1.0,
        1.0,
        1.0,
        1.0,
        1.0,
        1.0,
        1.0,
        1.0,
        1.0,
        1.0,
        1.0,
        1.0,
        1.0,
        1.0,
        1.0,
        1.0,
        1.0,
        1.0,
        1.0,
        1.0,
        1.0,
        1.0,
        1.0,
        1.0,
        1.0,
        1.0,
        1.0,
        1.0,
        1.0,
        1.0
      ],
      "n_evaluations": 1001000000.0,
      "evaluation_type": "gradient",
      "ess_per_eval": 0.0002204936840983403,
      "time": 710.6173374652863,
      "sigma": 0.7,
      "epsilon": 0.0029945059213787317,
      "n_leapfrog": 1000,
      "n_warmup": 1000,
      "target_accept": 0.651,
      "cond": 1.0
    },
    "Stretch Move": {
      "distribution": "Paired Rosenbrock",
      "tau": 4580.38091532764,
      "tau_std": 709.4745583987344,
      "ess": 218.32245363123232,
      "ess_by_coordinate": [
        364.9550207665857,
        755.4964066494265,
        779.1920431009959,
        912.3069281628952,
        586.2082972497794,
        1006.6486711544852,
        751.7583146489238,
        906.6899167860497,
        218.32245363123232,
        731.3775259171767,
        694.5383612721453,
        1419.35589156892,
        509.8695734773436,
        754.4428502061612,
        599.4441657377016,
        1090.4241948758047,
        622.3410004441307,
        1211.9129782478578,
        549.2838523131156,
        1206.2155732137774,
        800.2860764764489,
        843.900757609337,
        536.9091404895306,
        888.8157255209251,
        606.0681594674879,
        1059.6311262711824,
        391.6298916427326,
        550.6243848729413,
        532.6178925652935,
        616.8992270897716,
        616.9705464193855,
        681.5344456088391
      ],
      "ess_valid_fraction": [
        0.08,
        0.15,
        0.19,
        0.21,
        0.15,
        0.21,
        0.19,
        0.21,
        0.05,
        0.18,
        0.16,
        0.32,
        0.14,
        0.18,
        0.14,
        0.23,
        0.16,
        0.25,
        0.12,
        0.25,
        0.21,
        0.21,
        0.13,
        0.22,
        0.13,
        0.24,
        0.09,
        0.13,
        0.12,
        0.14,
        0.17,
        0.15
      ],
      "n_evaluations": 1000000.0,
      "evaluation_type": "function",
      "ess_per_eval": 0.0002183224536312323,
      "time": 4.6735358238220215,
      "sigma": 0.7,
      "epsilon": 0.0,
      "n_leapfrog": null,
      "n_warmup": null,
      "target_accept": null,
      "cond": 1.0
    },
    "HMC": {
      "distribution": "Paired Rosenbrock",
      "tau": 17.93990369801478,
      "tau_std": 2.8966819604224474,
      "ess": 55741.659310616,
      "ess_by_coordinate": [
        89407.04182166688,
        57477.16799302827,
        86258.23846921825,
        55741.659310616,
        90354.13164188745,
        60521.50920266475,
        88411.26319640737,
        58430.80099709397,
        88430.14645530221,
        60344.11403465578,
        90456.47930856002,
        59357.42566821505,
        89634.2933142976,
        57025.35176616495,
        87972.32759029517,
        58649.297497956875,
        90708.33042426233,
        59486.51847456902,
        90046.82239458068,
        59205.319321959876,
        86833.16938859475,
        57942.71528633799,
        86055.5546029738,
        57162.26506106613,
        88581.25227759375,
        58922.33734674358,
        87175.93547480785,
        58371.461784702,
        91125.4701559706,
        61126.7895442393,
        92010.16741045867,
        62762.63759281353
      ],
      "ess_valid_fraction": [
        1.0,
        1.0,
        1.0,
        1.0,
        1.0,
        1.0,
        1.0,
        1.0,
        1.0,
        1.0,
        1.0,
        1.0,
        1.0,
        1.0,
        1.0,
        1.0,
        1.0,
        1.0,
        1.0,
        1.0,
        1.0,
        1.0,
        1.0,
        1.0,
        1.0,
        1.0,
        1.0,
        1.0,
        1.0,
        1.0,
        1.0,
        1.0
      ],
      "n_evaluations": 1001000000.0,
      "evaluation_type": "gradient",
      "ess_per_eval": 5.568597333727872e-05,
      "time": 355.02466917037964,
      "sigma": 0.7,
      "epsilon": 0.0036807297728955746,
      "n_leapfrog": 1000,
      "n_warmup": 1000,
      "target_accept": 0.651,
      "cond": 1.0
    }
  }
}