{
  "dim": 32,
  "seed": 2,
  "n_samples": 10000,
  "burn_in": 2000,
  "n_thin": 1,
  "n_chains": 100,
  "hwm_walkers_requested": 300,
  "jax_enable_x64": true,
  "af": true,
  "initialization_mode": "agnostic",
  "initialization_description": "independent N(0, 2^2) coordinates in the intrinsic Rosenbrock frame",
  "transform_affine": true,
  "overlay_rosenbrock": {
    "a": 1.0,
    "b": 100.0,
    "sigma": 1.5
  },
  "summary": {
    "Dense-mass NUTS": {
      "distribution": "Paired Rosenbrock",
      "tau": 5.738475156819439,
      "tau_std": 0.4623848733773398,
      "ess": 174262.32102993922,
      "ess_by_coordinate": [
        234382.40810629306,
        188132.20305473998,
        234682.148932536,
        198834.8345858903,
        240378.20335675913,
        199251.6977888858,
        230580.25204277562,
        198661.97007249598,
        230386.42584773208,
        195081.35528910818,
        247575.9641374213,
        198001.74236866157,
        228241.85017197524,
        193490.06889069764,
        235140.02620582178,
        192107.82540467154,
        226409.75593709794,
        190571.8045798168,
        237239.56635280518,
        197951.09677202452,
        243061.1081660509,
        198042.80352841632,
        229106.5921411659,
        194290.93624411518,
        250543.1901129223,
        217291.49155858718,
        217219.80292692018,
        174262.32102993922,
        238215.3580493464,
        203867.2762314617,
        231662.0944743942,
        197134.63056154083
      ],
      "ess_valid_fraction": [
        0.99,
        0.99,
        1.0,
        1.0,
        1.0,
        1.0,
        0.99,
        1.0,
        1.0,
        1.0,
        0.99,
        1.0,
        1.0,
        1.0,
        0.99,
        1.0,
        0.99,
        1.0,
        0.99,
        1.0,
        1.0,
        1.0,
        0.99,
        0.99,
        1.0,
        1.0,
        1.0,
        1.0,
        1.0,
        1.0,
        1.0,
        1.0
      ],
      "n_evaluations": 250995348.33333334,
      "evaluation_type": "gradient",
      "ess_per_eval": 0.0006942850622016741,
      "time": 327.6274118423462,
      "sigma": 1.5,
      "epsilon": 0.01614909494071473,
      "n_leapfrog": 250.99534833333334,
      "n_warmup": 2000,
      "target_accept": 0.8,
      "cond": 1.0,
      "mean_mse": 0.0004656628714406986,
      "cov_mse": 0.0014141400983446687,
      "acceptance_rate_mean": 0.8932302072382856,
      "acceptance_rate_min": 0.6451113911053379,
      "acceptance_rate_max": 0.96216109634722,
      "n_divergent": 3175,
      "actual_n_chains": 100,
      "diagnostic_draws_per_chain": 200,
      "sample_finite_fraction": 1.0,
      "finite_draw_fraction": 1.0,
      "sample_covariance_rank": 32,
      "sample_covariance_full_rank": true
    },
    "Hamiltonian Walk Move": {
      "distribution": "Paired Rosenbrock",
      "tau": 6.808784650835554,
      "tau_std": 0.7751874635017498,
      "ess": 440607.26749991265,
      "ess_by_coordinate": [
        600268.6420747066,
        469236.1611856762,
        585768.1448776701,
        458813.7062931376,
        594107.5857031823,
        460808.0056685807,
        570704.8008670795,
        448296.81938337407,
        587649.3836141259,
        458036.3479877617,
        602824.436531842,
        455848.7105345184,
        570809.0452031103,
        456967.91018001945,
        590676.5542644295,
        454889.84101421287,
        581974.5050268995,
        445325.63215924293,
        651584.9255812152,
        450683.6770407183,
        576846.4047201251,
        440607.26749991265,
        590448.6143690472,
        455731.03347135585,
        587748.5023933128,
        452705.91233742243,
        589448.4281884069,
        457522.8354599781,
        592577.788071993,
        456985.09467681113,
        603326.9079759981,
        451290.231033224
      ],
      "ess_valid_fraction": [
        0.9933333333333333,
        0.9966666666666667,
        0.9966666666666667,
        0.9966666666666667,
        0.9966666666666667,
        0.9966666666666667,
        0.9966666666666667,
        0.9933333333333333,
        0.9933333333333333,
        0.9933333333333333,
        0.9966666666666667,
        0.9933333333333333,
        0.9933333333333333,
        0.99,
        0.99,
        0.9833333333333333,
        0.9966666666666667,
        0.9933333333333333,
        0.99,
        0.99,
        0.9966666666666667,
        0.9933333333333333,
        0.9933333333333333,
        0.9966666666666667,
        0.9966666666666667,
        0.9966666666666667,
        0.9966666666666667,
        0.9966666666666667,
        0.9966666666666667,
        0.9966666666666667,
        0.99,
        0.9933333333333333
      ],
      "n_evaluations": 395196000.0,
      "evaluation_type": "gradient",
      "ess_per_eval": 0.001114908216429095,
      "time": 161.2334098815918,
      "sigma": 1.5,
      "epsilon": 0.021343270043262398,
      "n_leapfrog": 130.732,
      "n_warmup": 2000,
      "target_accept": 0.651,
      "cond": 1.0,
      "mean_mse": 0.0006493580922967053,
      "cov_mse": 0.002174019868546365,
      "acceptance_rate_mean": 0.6428280555555556,
      "acceptance_rate_min": 0.6428280555555556,
      "acceptance_rate_max": 0.6428280555555556,
      "n_divergent": null,
      "actual_n_chains": 300,
      "diagnostic_draws_per_chain": 200,
      "sample_finite_fraction": 1.0,
      "finite_draw_fraction": 1.0,
      "sample_covariance_rank": 32,
      "sample_covariance_full_rank": true
    },
    "Stretch Move": {
      "distribution": "Paired Rosenbrock",
      "tau": 4924.7064798273705,
      "tau_std": 847.7637027919467,
      "ess": 203.05778711811752,
      "ess_by_coordinate": [
        364.4787191922958,
        719.9460832079674,
        476.31086077828866,
        520.9825204096946,
        588.1558685777088,
        839.688232878515,
        321.77075879904714,
        721.3778002190489,
        570.8427850641912,
        465.06619749556,
        412.0233862046812,
        724.4461477047859,
        254.1254775093935,
        571.8453027622779,
        538.2341971955066,
        736.0716332262643,
        594.9617672270988,
        915.2738455474864,
        391.6219495663464,
        689.8887378477276,
        203.05778711811752,
        642.6343287217032,
        522.9956468355128,
        817.9705450521858,
        657.8206268570543,
        951.0554018368036,
        651.1194614335258,
        1216.5102399018278,
        654.2865156608924,
        926.1628804733195,
        410.55248230229876,
        761.8230700852795
      ],
      "ess_valid_fraction": [
        0.09,
        0.17,
        0.11,
        0.13,
        0.14,
        0.2,
        0.09,
        0.19,
        0.13,
        0.12,
        0.1,
        0.18,
        0.06,
        0.13,
        0.14,
        0.16,
        0.14,
        0.19,
        0.11,
        0.18,
        0.05,
        0.15,
        0.13,
        0.18,
        0.17,
        0.22,
        0.17,
        0.27,
        0.15,
        0.22,
        0.1,
        0.19
      ],
      "n_evaluations": 1000000.0,
      "evaluation_type": "function",
      "ess_per_eval": 0.00020305778711811751,
      "time": 4.547974109649658,
      "sigma": 1.5,
      "epsilon": 0.0,
      "n_leapfrog": null,
      "n_warmup": null,
      "target_accept": null,
      "cond": 1.0,
      "mean_mse": 4.441165821474914,
      "cov_mse": 0.9681691470351436,
      "acceptance_rate_mean": 0.16511333333333333,
      "acceptance_rate_min": 0.12066666666666667,
      "acceptance_rate_max": 0.20216666666666666,
      "n_divergent": null,
      "actual_n_chains": 100,
      "diagnostic_draws_per_chain": 200,
      "sample_finite_fraction": 1.0,
      "finite_draw_fraction": 1.0,
      "sample_covariance_rank": 32,
      "sample_covariance_full_rank": true
    },
    "HMC": {
      "distribution": "Paired Rosenbrock",
      "tau": 170.17497971387863,
      "tau_std": 11.995741635644858,