{
  "dim": 32,
  "seed": 2,
  "n_samples": 10000,
  "burn_in": 1000,
  "n_thin": 1,
  "n_chains": 100,
  "cond": 1.0,
  "af": true,
  "transform_affine": true,
  "summary": {
    "Dense-mass NUTS": {
      "distribution": "Gaussian",
      "tau": 1.0,
      "tau_std": 0.0,
      "ess": 1000000.0,
      "ess_by_coordinate": [
        1000000.0,
        1000000.0,
        1000000.0,
        1000000.0,
        1000000.0,
        1000000.0,
        1000000.0,
        1000000.0,
        1000000.0,
        1000000.0,
        1000000.0,
        1000000.0,
        1000000.0,
        1000000.0,
        1000000.0,
        1000000.0,
        1000000.0,
        1000000.0,
        1000000.0,
        1000000.0,
        1000000.0,
        1000000.0,
        1000000.0,
        1000000.0,
        1000000.0,
        1000000.0,
        1000000.0,
        1000000.0,
        1000000.0,
        1000000.0,
        1000000.0,
        1000000.0
      ],
      "ess_valid_fraction": [
        1.0,
        1.0,
        1.0,
        1.0,
        1.0,
        1.0,
        1.0,
        1.0,
        1.0,
        1.0,
        1.0,
        1.0,
        1.0,
        1.0,
        1.0,
        1.0,
        1.0,
        1.0,
        1.0,
        1.0,
        1.0,
        1.0,
        1.0,
        1.0,
        1.0,
        1.0,
        1.0,
        1.0,
        1.0,
        1.0,
        1.0,
        1.0
      ],
      "n_evaluations": 7057454.545454546,
      "evaluation_type": "gradient",
      "ess_per_eval": 0.14169414674361086,
      "time": 32.82380223274231,
      "sigma": 0.0,
      "epsilon": 0.5725370049476624,
      "n_leapfrog": 7.057454545454545,
      "n_warmup": 1000,
      "target_accept": 0.8,
      "gamma": 0.05,
      "t0": 10,
      "kappa": 0.75
    },
    "Hamiltonian Walk Move": {
      "distribution": "Gaussian",
      "tau": 1.2514287537181163,
      "tau_std": 0.007447603681273413,
      "ess": 799086.6415917829,
      "ess_by_coordinate": [
        811932.1301891747,
        812971.5241764877,
        800662.6534726754,
        809968.7238897498,
        809924.3042957579,
        809990.082263357,
        808340.835259419,
        801222.919779289,
        809341.4190451885,
        807958.9847974433,
        808774.1541980803,
        805453.2628910568,
        805689.0083852278,
        806542.5342400318,
        808842.905569189,
        810013.3750756527,
        811216.6972341056,
        807114.2466432067,
        799086.6415917829,
        811734.2635952176,
        812678.4338548948,
        813287.5314093648,
        818714.8716183132,
        812448.824274048,
        805425.7758817165,
        814025.1111873382,
        811272.7913989845,
        800830.0624845325,
        822656.1111715985,
        810553.665934304,
        811095.7859469512,
        804691.1642894465
      ],
      "ess_valid_fraction": [
        1.0,
        1.0,
        1.0,
        1.0,
        1.0,
        1.0,
        1.0,
        1.0,
        1.0,
        1.0,
        1.0,
        1.0,
        1.0,
        1.0,
        1.0,
        1.0,
        1.0,
        1.0,
        1.0,
        1.0,
        1.0,
        1.0,
        1.0,
        1.0,
        1.0,
        1.0,
        1.0,
        1.0,
        1.0,
        1.0,
        1.0,
        1.0
      ],
      "n_evaluations": 10000000.0,
      "evaluation_type": "gradient",
      "ess_per_eval": 0.07990866415917829,
      "time": 22.72902274131775,
      "sigma": 0.0,
      "epsilon": 0.6404770612716675,
      "n_leapfrog": 9,
      "n_warmup": 1000,
      "target_accept": 0.651,
      "gamma": 0.05,
      "t0": 10,
      "kappa": 0.75
    },
    "Stretch Move": {
      "distribution": "Gaussian",
      "tau": 281.9610759460737,
      "tau_std": 17.4307330650991,
      "ess": 3546.588821328141,
      "ess_by_coordinate": [
        4429.149927304814,
        5154.898855920972,
        4346.4684278675495,
        4539.086220747712,
        3853.478996340795,
        4500.285329293216,
        4498.984028579642,
        4819.7139927844055,
        4410.626536504754,
        4066.9431126461595,
        4578.492334004135,
        4782.831168848077,
        4213.769146529834,
        4590.084932312836,
        4234.719889193107,
        4753.5098923447595,
        3913.2598703068597,
        4628.877328155983,
        4268.575574316181,
        4115.0985909436295,
        4647.359066004963,
        4019.2300810071065,
        4075.196920700605,
        4080.178214672855,
        4408.478041406899,
        4511.853657026554,
        4609.621856174691,
        4188.409660050924,
        4261.782704392488,
        3546.588821328141,
        4097.756270154476,
        4199.063267548201
      ],
      "ess_valid_fraction": [
        0.76,
        0.89,
        0.76,
        0.75,
        0.7,
        0.78,
        0.82,
        0.84,
        0.77,
        0.71,
        0.79,
        0.81,
        0.79,
        0.82,
        0.77,
        0.84,
        0.74,
        0.83,
        0.74,
        0.71,
        0.82,
        0.78,
        0.79,
        0.75,
        0.77,
        0.79,
        0.78,
        0.74,
        0.72,
        0.66,
        0.69,
        0.7
      ],
      "n_evaluations": 1000000.0,
      "evaluation_type": "function",
      "ess_per_eval": 0.003546588821328141,
      "time": 6.0442376136779785,
      "sigma": 0.0,
      "epsilon": 0.0,
      "n_leapfrog": null,
      "n_warmup": null,
      "target_accept": null,
      "gamma": null,
      "t0": null,
      "kappa": null
    },
    "HMC": {
      "distribution": "Gaussian",
      "tau": 1.9025686746418173,
      "tau_std": 0.015700531017819725,
      "ess": 525605.2059136644,
      "ess_by_coordinate": [
        535455.9051372344,
        526678.7526504005,
        531594.5100239901,
        532676.4311379006,
        528097.004600734,
        529305.040599455,
        530168.6077199867,
        531095.428850261,
        541047.3513195395,
        538766.3073051216,
        537469.7463108168,
        531087.3492123932,
        529580.17364267,
        530051.7042647464,
        532469.5426537346,
        536614.2561526266,
        543485.9779065343,
        535469.5616757848,
        528010.2254810818,
        534708.8904094296,
        534887.9707795536,
        535102.7225022772,
        534665.2823906072,
        529660.3672560841,
        527839.304730999,
        538456.2315400033,
        529067.0754672334,
        525605.2059136644,
        530878.0284119451,
        533235.8890258045,
        532658.0446632876,
        542662.4480218786
      ],
      "ess_valid_fraction": [
        1.0,
        1.0,
        1.0,
        1.0,
        1.0,
        1.0,
        1.0,
        1.0,
        1.0,
        1.0,
        1.0,
        1.0,
        1.0,
        1.0,
        1.0,
        1.0,
        1.0,
        1.0,
        1.0,
        1.0,
        1.0,
        1.0,
        1.0,
        1.0,
        1.0,
        1.0,
        1.0,
        1.0,
        1.0,
        1.0,
        1.0,
        1.0
      ],
      "n_evaluations": 3000000.0,
      "evaluation_type": "gradient",
      "ess_per_eval": 0.1752017353045548,
      "time": 12.998605012893677,
      "sigma": 0.0,
      "epsilon": 2.048135757446289,
      "n_leapfrog": 2,
      "n_warmup": 1000,
      "target_accept": 0.651,
      "gamma": 0.05,
      "t0": 10,
      "kappa": 0.75
    }
  }
}