{
  "dim": 32,
  "seed": 1,
  "n_samples": 10000,
  "burn_in": 1000,
  "n_thin": 1,
  "n_chains": 100,
  "cond": 10.0,
  "af": true,
  "transform_affine": true,
  "summary": {
    "Dense-mass NUTS": {
      "distribution": "Gaussian",
      "tau": 1.001443623283623,
      "tau_std": 0.0003245944740003122,
      "ess": 998558.4577603185,
      "ess_by_coordinate": [
        999844.0894426119,
        1000000.0,
        1000000.0,
        1000000.0,
        1000000.0,
        1000000.0,
        1000000.0,
        1000000.0,
        1000000.0,
        999179.0897415183,
        998558.4577603185,
        1000000.0,
        1000000.0,
        1000000.0,
        1000000.0,
        1000000.0,
        1000000.0,
        1000000.0,
        999091.5331054963,
        1000000.0,
        1000000.0,
        1000000.0,
        999521.1290667495,
        1000000.0,
        999878.3598783463,
        1000000.0,
        1000000.0,
        1000000.0,
        1000000.0,
        1000000.0,
        1000000.0,
        1000000.0
      ],
      "ess_valid_fraction": [
        1.0,
        1.0,
        1.0,
        1.0,
        1.0,
        1.0,
        1.0,
        1.0,
        1.0,
        1.0,
        1.0,
        1.0,
        1.0,
        1.0,
        1.0,
        1.0,
        1.0,
        1.0,
        1.0,
        1.0,
        1.0,
        1.0,
        1.0,
        1.0,
        1.0,
        1.0,
        1.0,
        1.0,
        1.0,
        1.0,
        1.0,
        1.0
      ],
      "n_evaluations": 7063269.090909091,
      "evaluation_type": "gradient",
      "ess_per_eval": 0.14137341292087136,
      "time": 273.1655716896057,
      "sigma": 0.0,
      "epsilon": 0.6094118356704712,
      "n_leapfrog": 7.063269090909091,
      "n_warmup": 1000,
      "target_accept": 0.8,
      "gamma": 0.05,
      "t0": 10,
      "kappa": 0.75
    },
    "Hamiltonian Walk Move": {
      "distribution": "Gaussian",
      "tau": 1.2932702478890004,
      "tau_std": 0.0098967457886971,
      "ess": 773233.5926170851,
      "ess_by_coordinate": [
        793479.9146745605,
        786766.1632485914,
        782383.4299583364,
        786889.0355619437,
        787727.607474709,
        782232.305857464,
        793437.1008186094,
        790094.159944835,
        773233.5926170851,
        787963.3263094615,
        792152.0334698842,
        786053.0035334274,
        797878.4358133172,
        792529.9565407152,
        781670.6030644304,
        789149.6042288555,
        783641.3227916423,
        796035.2180162956,
        799963.2563891369,
        785284.0399533262,
        786269.6271689218,
        791306.0160521073,
        801228.6508525843,
        785416.6082477794,
        789888.1716404144,
        792702.4444314693,
        789876.9000333177,
        784720.4208449977,
        801149.2206957273,
        791607.2812995339,
        785728.9480878272,
        780405.9304774245
      ],
      "ess_valid_fraction": [
        1.0,
        1.0,
        1.0,
        1.0,
        1.0,
        1.0,
        1.0,
        1.0,
        1.0,
        1.0,
        1.0,
        1.0,
        1.0,
        1.0,
        1.0,
        1.0,
        1.0,
        1.0,
        1.0,
        1.0,
        1.0,
        1.0,
        1.0,
        1.0,
        1.0,
        1.0,
        1.0,
        1.0,
        1.0,
        1.0,
        1.0,
        1.0
      ],
      "n_evaluations": 10000000.0,
      "evaluation_type": "gradient",
      "ess_per_eval": 0.07732335926170851,
      "time": 148.41381764411926,
      "sigma": 0.0,
      "epsilon": 0.6419374942779541,
      "n_leapfrog": 9,
      "n_warmup": 1000,
      "target_accept": 0.651,
      "gamma": 0.05,
      "t0": 10,
      "kappa": 0.75
    },
    "Stretch Move": {
      "distribution": "Gaussian",
      "tau": 271.9887475103032,
      "tau_std": 15.752945655188874,
      "ess": 3676.6226880842523,
      "ess_by_coordinate": [
        4404.18600858539,
        4340.3874619467315,
        4116.418699689024,
        4149.28035940595,
        4564.69421016075,
        4758.107007430163,
        4141.55257028297,
        4470.936243634206,
        3869.9707703156473,
        4885.592964324251,
        4029.522684270697,
        4619.812304904667,
        4435.668155660505,
        4332.712517858936,
        4258.96620993765,
        4265.1242585485725,
        4652.91616701908,
        4386.887932512861,
        4672.0180741518625,
        4062.191462740801,
        3744.9075835465524,
        4029.7705171034713,
        4361.448101941075,
        4695.866405284322,
        4447.0008210817305,
        4732.914315654379,
        4447.0258690897035,
        4395.621848765584,
        4346.255741521458,
        4166.275672421473,
        4284.052811492307,
        3676.6226880842523
      ],
      "ess_valid_fraction": [
        0.79,
        0.75,
        0.79,
        0.73,
        0.81,
        0.79,
        0.72,
        0.76,
        0.7,
        0.83,
        0.68,
        0.75,
        0.74,
        0.72,
        0.77,
        0.79,
        0.78,
        0.82,
        0.78,
        0.72,
        0.67,
        0.74,
        0.77,
        0.8,
        0.79,
        0.79,
        0.77,
        0.77,
        0.81,
        0.71,
        0.74,
        0.66
      ],
      "n_evaluations": 1000000.0,
      "evaluation_type": "function",
      "ess_per_eval": 0.0036766226880842524,
      "time": 5.729705095291138,
      "sigma": 0.0,
      "epsilon": 0.0,
      "n_leapfrog": null,
      "n_warmup": null,
      "target_accept": null,
      "gamma": null,
      "t0": null,
      "kappa": null
    },
    "HMC": {
      "distribution": "Gaussian",
      "tau": 46.996057821729856,
      "tau_std": 12.820485090296375,
      "ess": 21278.38049296177,
      "ess_by_coordinate": [
        1000000.0,
        1000000.0,
        1000000.0,
        1000000.0,
        1000000.0,
        1000000.0,
        1000000.0,
        987655.1199183986,
        828433.0415723481,
        686706.2843812584,
        564337.687981614,
        467705.4830038713,
        384973.2147615324,
        319954.17027869954,
        267153.2401340768,
        231039.36911927897,
        191558.95552623353,
        164048.87748826158,
        138118.2831981675,
        118933.20479913178,
        98030.04760648012,
        84797.41044847583,
        73830.3420067949,
        66397.23178348345,
        54357.68039842345,
        47528.523052941666,
        42431.784599212595,
        35982.72225482491,
        32616.834740753213,
        28600.584153012744,
        24145.568645099196,
        21278.38049296177
      ],
      "ess_valid_fraction": [
        1.0,
        1.0,
        1.0,
        1.0,
        1.0,
        1.0,
        1.0,
        1.0,
        1.0,
        1.0,
        1.0,
        1.0,
        1.0,
        1.0,
        1.0,
        1.0,
        1.0,
        1.0,
        1.0,
        1.0,
        1.0,
        1.0,
        1.0,
        1.0,
        1.0,
        1.0,
        1.0,
        1.0,
        1.0,
        1.0,
        1.0,
        1.0
      ],
      "n_evaluations": 3000000.0,
      "evaluation_type": "gradient",
      "ess_per_eval": 0.007092793497653923,
      "time": 74.05853176116943,
      "sigma": 0.0,
      "epsilon": 3.870088577270508,
      "n_leapfrog": 2,
      "n_warmup": 1000,
      "target_accept": 0.651,
      "gamma": 0.05,
      "t0": 10,
      "kappa": 0.75
    }
  }
}