{
  "dim": 8,
  "seed": 2,
  "condition_number": 50.0,
  "n_samples": 10000,
  "burn_in": 2000,
  "n_thin": 1,
  "n_chains": 150,
  "hwm_walkers_requested": 300,
  "jax_enable_x64": true,
  "af": false,
  "transform_affine": false,
  "summary": {
    "Dense-mass NUTS": {
      "distribution": "Gaussian",
      "tau": 1.0,
      "tau_std": 0.0,
      "ess": 1500000.0,
      "ess_by_coordinate": [
        1500000.0,
        1500000.0,
        1500000.0,
        1500000.0,
        1500000.0,
        1500000.0,
        1500000.0,
        1500000.0
      ],
      "ess_valid_fraction": [
        1.0,
        1.0,
        1.0,
        1.0,
        1.0,
        1.0,
        1.0,
        1.0
      ],
      "n_evaluations": 9326968.333333334,
      "evaluation_type": "gradient",
      "ess_per_eval": 0.16082396191259718,
      "time": 27.89202070236206,
      "sigma": 0.0,
      "epsilon": 0.7474894683487074,
      "n_leapfrog": 6.217978888888889,
      "n_warmup": 2000,
      "target_accept": 0.8,
      "gamma": 0.05,
      "t0": 10,
      "kappa": 0.75,
      "mean_mse": 4.595479348581042e-06,
      "cov_mse": 1.735070883035895e-05,
      "acceptance_rate_mean": 0.8876157808119526,
      "acceptance_rate_min": 0.8374836602768394,
      "acceptance_rate_max": 0.9215656022126815,
      "n_divergent": 0,
      "actual_n_chains": 150,
      "diagnostic_draws_per_chain": 200,
      "sample_finite_fraction": 1.0,
      "finite_draw_fraction": 1.0,
      "sample_covariance_rank": 8,
      "sample_covariance_full_rank": true
    },
    "Hamiltonian Walk Move": {
      "distribution": "Gaussian",
      "tau": 1.8962598422373134,
      "tau_std": 0.012465067909683313,
      "ess": 1582061.6632689075,
      "ess_by_coordinate": [
        1603680.7631963678,
        1614891.538908442,
        1582061.6632689075,
        1605697.928631831,
        1582105.3007017584,
        1594678.2529935816,
        1594531.5016796675,
        1595298.343874813
      ],
      "ess_valid_fraction": [
        1.0,
        1.0,
        1.0,
        1.0,
        1.0,
        1.0,
        1.0,
        1.0
      ],
      "n_evaluations": 14884750.0,
      "evaluation_type": "gradient",
      "ess_per_eval": 0.10628741922228506,
      "time": 30.155956268310547,
      "sigma": 0.0,
      "epsilon": 1.198614282931389,
      "n_leapfrog": 3.961583333333333,
      "n_warmup": 2000,
      "target_accept": 0.651,
      "gamma": 0.05,
      "t0": 10,
      "kappa": 0.75,
      "mean_mse": 6.043733257431273e-06,
      "cov_mse": 1.2762829207676985e-05,
      "acceptance_rate_mean": 0.6473633333333332,
      "acceptance_rate_min": 0.6473633333333333,
      "acceptance_rate_max": 0.6473633333333333,
      "n_divergent": null,
      "actual_n_chains": 300,
      "diagnostic_draws_per_chain": 200,
      "sample_finite_fraction": 1.0,
      "finite_draw_fraction": 1.0,
      "sample_covariance_rank": 8,
      "sample_covariance_full_rank": true
    },
    "Stretch Move": {
      "distribution": "Gaussian",
      "tau": 77.4275238877547,
      "tau_std": 1.8794309012714585,
      "ess": 19372.955826077083,
      "ess_by_coordinate": [
        19818.157093817135,
        20526.04537654658,
        20266.81964855241,
        20052.00733465976,
        19372.955826077083,
        19958.67569692719,
        21237.296094173802,
        19941.217095610908
      ],
      "ess_valid_fraction": [
        0.9866666666666667,
        1.0,
        1.0,
        0.98,
        0.9933333333333333,
        1.0,
        0.9933333333333333,
        0.9933333333333333
      ],
      "n_evaluations": 1500000.0,
      "evaluation_type": "function",
      "ess_per_eval": 0.012915303884051389,
      "time": 6.539159536361694,
      "sigma": 0.0,
      "epsilon": 0.0,
      "n_leapfrog": null,
      "n_warmup": null,
      "target_accept": null,
      "gamma": null,
      "t0": null,
      "kappa": null,
      "mean_mse": 0.0008367419219659014,
      "cov_mse": 0.00032859287936317765,
      "acceptance_rate_mean": 0.5340572222222222,
      "acceptance_rate_min": 0.5208333333333334,
      "acceptance_rate_max": 0.54575,
      "n_divergent": null,
      "actual_n_chains": 150,
      "diagnostic_draws_per_chain": 200,
      "sample_finite_fraction": 1.0,
      "finite_draw_fraction": 1.0,
      "sample_covariance_rank": 8,
      "sample_covariance_full_rank": true
    },
    "HMC": {
      "distribution": "Gaussian",
      "tau": 2.1534547466284977,
      "tau_std": 0.01995892142695831,
      "ess": 696555.1527602042,
      "ess_by_coordinate": [
        708510.0358214125,
        708878.4156366959,
        716400.491309457,
        696555.1527602042,
        704719.5436237251,
        697544.2919822341,
        714387.3989316338,
        706557.4832573002
      ],
      "ess_valid_fraction": [
        1.0,
        1.0,
        1.0,
        1.0,
        1.0,
        1.0,
        1.0,
        1.0
      ],
      "n_evaluations": 3256375.0000000005,
      "evaluation_type": "gradient",
      "ess_per_eval": 0.21390507934749656,
      "time": 15.883181095123291,
      "sigma": 0.0,
      "epsilon": 3.533248922320005,
      "n_leapfrog": 1.1709166666666666,
      "n_warmup": 2000,
      "target_accept": 0.651,
      "gamma": 0.05,
      "t0": 10,
      "kappa": 0.75,
      "mean_mse": 1.9695253235873017e-05,
      "cov_mse": 1.2242251502854195e-05,
      "acceptance_rate_mean": 0.6499783333333334,
      "acceptance_rate_min": 0.6499783333333333,
      "acceptance_rate_max": 0.6499783333333333,
      "n_divergent": null,
      "actual_n_chains": 150,
      "diagnostic_draws_per_chain": 200,
      "sample_finite_fraction": 1.0,
      "finite_draw_fraction": 1.0,
      "sample_covariance_rank": 8,
      "sample_covariance_full_rank": true
    }
  }
}