{
  "dim": 8,
  "seed": 2,
  "condition_number": 50.0,
  "n_samples": 10000,
  "burn_in": 1000,
  "n_thin": 1,
  "n_chains": 16,
  "af": false,
  "transform_affine": false,
  "summary": {
    "Dense-mass NUTS": {
      "distribution": "Gaussian",
      "tau": 1.0,
      "tau_std": 0.0,
      "ess": 160000.0,
      "ess_by_coordinate": [
        160000.0,
        160000.0,
        160000.0,
        160000.0,
        160000.0,
        160000.0,
        160000.0,
        160000.0
      ],
      "ess_valid_fraction": [
        1.0,
        1.0,
        1.0,
        1.0,
        1.0,
        1.0,
        1.0,
        1.0
      ],
      "n_evaluations": 1033890.9090909091,
      "evaluation_type": "gradient",
      "ess_per_eval": 0.15475520540236354,
      "time": 16.7383930683136,
      "sigma": 0.0,
      "epsilon": 0.6860001683235168,
      "n_leapfrog": 6.461818181818182,
      "n_warmup": 1000,
      "target_accept": 0.8,
      "gamma": 0.05,
      "t0": 10,
      "kappa": 0.75
    },
    "Hamiltonian Walk Move": {
      "distribution": "Gaussian",
      "tau": 1.7401336349269847,
      "tau_std": 0.01710595575319322,
      "ess": 91946.96130720647,
      "ess_by_coordinate": [
        93760.61108775885,
        91946.96130720647,
        94979.35291306755,
        93977.20073020397,
        93994.72319268362,
        93162.80083636875,
        93276.39321819074,
        92195.52465523563
      ],
      "ess_valid_fraction": [
        1.0,
        1.0,
        1.0,
        1.0,
        1.0,
        1.0,
        1.0,
        1.0
      ],
      "n_evaluations": 1600000.0,
      "evaluation_type": "gradient",
      "ess_per_eval": 0.05746685081700404,
      "time": 18.727587461471558,
      "sigma": 0.0,
      "epsilon": 0.838144063949585,
      "n_leapfrog": 9,
      "n_warmup": 1000,
      "target_accept": 0.651,
      "gamma": 0.05,
      "t0": 10,
      "kappa": 0.75
    },
    "Stretch Move": {
      "distribution": "Gaussian",
      "tau": 104.64064660614886,
      "tau_std": 7.049985682317527,
      "ess": 1529.0425392936947,
      "ess_by_coordinate": [
        1529.0425392936947,
        1648.6652188667035,
        1629.8057223701164,
        1884.9567438815366,
        1631.4142482741,
        1947.3463566867433,
        1777.7526277146617,
        1675.8505018239189
      ],
      "ess_valid_fraction": [
        1.0,
        0.9375,
        1.0,
        1.0,
        0.9375,
        1.0,
        1.0,
        1.0
      ],
      "n_evaluations": 160000.0,
      "evaluation_type": "function",
      "ess_per_eval": 0.009556515870585593,
      "time": 0.7945153713226318,
      "sigma": 0.0,
      "epsilon": 0.0,
      "n_leapfrog": null,
      "n_warmup": null,
      "target_accept": null,
      "gamma": null,
      "t0": null,
      "kappa": null
    },
    "HMC": {
      "distribution": "Gaussian",
      "tau": 1.7939355276063476,
      "tau_std": 0.034681412004411806,
      "ess": 89189.38141187737,
      "ess_by_coordinate": [
        89752.75728527759,
        92165.21630383102,
        89189.38141187737,
        91890.49187264926,
        93253.25058414976,
        92103.01044303105,
        94557.1869516836,
        94425.14079600868
      ],
      "ess_valid_fraction": [
        1.0,
        1.0,
        1.0,
        1.0,
        1.0,
        1.0,
        1.0,
        1.0
      ],
      "n_evaluations": 480000.0,
      "evaluation_type": "gradient",
      "ess_per_eval": 0.18581121127474454,
      "time": 9.152632474899292,
      "sigma": 0.0,
      "epsilon": 2.9042954444885254,
      "n_leapfrog": 2,
      "n_warmup": 1000,
      "target_accept": 0.651,
      "gamma": 0.05,
      "t0": 10,
      "kappa": 0.75
    }
  }
}