{
  "dim": 4,
  "seed": 3,
  "condition_number": 50,
  "n_samples": 10000,
  "burn_in": 2000,
  "n_thin": 1,
  "n_chains": 150,
  "hwm_walkers_requested": 300,
  "jax_enable_x64": true,
  "af": false,
  "initialization_mode": "agnostic",
  "initialization_description": "independent N(0, 2^2) coordinates in the intrinsic Rosenbrock frame",
  "transform_affine": false,
  "overlay_rosenbrock": {
    "a": 1.0,
    "b": 100.0,
    "sigma": 1.5
  },
  "summary": {
    "Dense-mass NUTS": {
      "distribution": "Paired Rosenbrock",
      "tau": 12.358171001138581,
      "tau_std": 0.2532351574996323,
      "ess": 121377.18436343066,
      "ess_by_coordinate": [
        125640.8278701313,
        121377.18436343066,
        128595.3584409373,
        123805.32744817114
      ],
      "ess_valid_fraction": [
        0.9266666666666666,
        0.9466666666666667,
        0.92,
        0.9333333333333333
      ],
      "n_evaluations": 95057115.83333333,
      "evaluation_type": "gradient",
      "ess_per_eval": 0.0012768868832107756,
      "time": 329.0365869998932,
      "sigma": 1.5,
      "epsilon": 0.030143317856446354,
      "n_leapfrog": 63.371410555555556,
      "n_warmup": 2000,
      "target_accept": 0.8,
      "gamma": 0.05,
      "t0": 10,
      "kappa": 0.75,
      "mean_mse": 0.001986061505625664,
      "cov_mse": 0.008993503175874152,
      "acceptance_rate_mean": 0.8356898381592431,
      "acceptance_rate_min": 0.3631613744290352,
      "acceptance_rate_max": 0.9758333055208218,
      "n_divergent": 28798,
      "actual_n_chains": 150,
      "diagnostic_draws_per_chain": 200,
      "sample_finite_fraction": 1.0,
      "finite_draw_fraction": 1.0,
      "sample_covariance_rank": 4,
      "sample_covariance_full_rank": true
    },
    "Hamiltonian Walk Move": {
      "distribution": "Paired Rosenbrock",
      "tau": 935.9074645828788,
      "tau_std": 136.4710992103578,
      "ess": 3205.4451038458797,
      "ess_by_coordinate": [
        3369.790710776289,
        4916.832344182831,
        3205.4451038458797,
        4384.863802840312
      ],
      "ess_valid_fraction": [
        0.25,
        0.3466666666666667,
        0.24666666666666667,
        0.32
      ],
      "n_evaluations": 3000000.0,
      "evaluation_type": "gradient",
      "ess_per_eval": 0.0010684817012819598,
      "time": 20.8262140750885,
      "sigma": 1.5,
      "epsilon": 0.0616754999223386,
      "n_leapfrog": 0.0,
      "n_warmup": 2000,
      "target_accept": 0.651,
      "gamma": 0.05,
      "t0": 10,
      "kappa": 0.75,
      "mean_mse": 0.28500225705280563,
      "cov_mse": 0.23751741075152427,
      "acceptance_rate_mean": 0.5486050000000002,
      "acceptance_rate_min": 0.548605,
      "acceptance_rate_max": 0.548605,
      "n_divergent": null,
      "actual_n_chains": 300,
      "diagnostic_draws_per_chain": 200,
      "sample_finite_fraction": 1.0,
      "finite_draw_fraction": 1.0,
      "sample_covariance_rank": 4,
      "sample_covariance_full_rank": true
    },
    "Stretch Move": {
      "distribution": "Paired Rosenbrock",
      "tau": 1055.4867105100257,
      "tau_std": 170.62791901985645,
      "ess": 1421.1453209819947,
      "ess_by_coordinate": [
        1421.1453209819947,
        1723.9608334582467,
        1571.173649125523,
        2515.259643702796
      ],
      "ess_valid_fraction": [
        0.23333333333333334,
        0.26666666666666666,
        0.24666666666666667,
        0.36666666666666664
      ],
      "n_evaluations": 1500000.0,
      "evaluation_type": "function",
      "ess_per_eval": 0.0009474302139879965,
      "time": 1.4229187965393066,
      "sigma": 1.5,
      "epsilon": 0.0,
      "n_leapfrog": null,
      "n_warmup": null,
      "target_accept": null,
      "gamma": null,
      "t0": null,
      "kappa": null,
      "mean_mse": 0.1213830688872083,
      "cov_mse": 0.09214775133936459,
      "acceptance_rate_mean": 0.14409055555555556,
      "acceptance_rate_min": 0.059666666666666666,
      "acceptance_rate_max": 0.17958333333333334,
      "n_divergent": null,
      "actual_n_chains": 150,
      "diagnostic_draws_per_chain": 200,
      "sample_finite_fraction": 1.0,
      "finite_draw_fraction": 1.0,
      "sample_covariance_rank": 4,
      "sample_covariance_full_rank": true
    },
    "HMC": {
      "distribution": "Paired Rosenbrock",
      "tau": 103.31528486827598,
      "tau_std": 3.5400251346991407,
      "ess": 14518.66489951082,
      "ess_by_coordinate": [
        14518.66489951082,
        15874.555679859195,
        15109.711549214844,
        15759.679082181232
      ],
      "ess_valid_fraction": [
        0.8733333333333333,
        0.8066666666666666,
        0.82,
        0.8533333333333334
      ],
      "n_evaluations": 13000000.0,
      "evaluation_type": "gradient",
      "ess_per_eval": 0.0011168203768854477,
      "time": 14.184307336807251,
      "sigma": 1.5,
      "epsilon": 0.07442613737429371,
      "n_leapfrog": 7.666666666666666,
      "n_warmup": 2000,
      "target_accept": 0.651,
      "gamma": 0.05,
      "t0": 10,
      "kappa": 0.75,
      "mean_mse": 1.715152303999682,
      "cov_mse": 0.7686824433875837,
      "acceptance_rate_mean": 0.6201511111111113,
      "acceptance_rate_min": 0.6201511111111111,
      "acceptance_rate_max": 0.6201511111111111,
      "n_divergent": null,
      "actual_n_chains": 150,
      "diagnostic_draws_per_chain": 200,
      "sample_finite_fraction": 1.0,
      "finite_draw_fraction": 1.0,
      "sample_covariance_rank": 4,
      "sample_covariance_full_rank": true
    }
  }
}