{
  "dim": 64,
  "seed": 3,
  "condition_number": 50.0,
  "n_samples": 10000,
  "burn_in": 1000,
  "n_thin": 1,
  "n_chains": 16,
  "af": false,
  "transform_affine": false,
  "summary": {
    "Dense-mass NUTS": {
      "distribution": "Gaussian",
      "tau": 1.0070452231982006,
      "tau_std": 0.001484555578034119,
      "ess": 158880.65035636415,
      "ess_by_coordinate": [
        160000.0,
        160000.0,
        160000.0,
        159419.45466459703,
        160000.0,
        160000.0,
        160000.0,
        160000.0,
        159446.57366973392,
        160000.0,
        160000.0,
        160000.0,
        160000.0,
        160000.0,
        160000.0,
        160000.0,
        160000.0,
        160000.0,
        160000.0,
        159298.53774607953,
        160000.0,
        160000.0,
        160000.0,
        160000.0,
        160000.0,
        159932.91827023047,
        160000.0,
        160000.0,
        160000.0,
        160000.0,
        159224.62862541317,
        160000.0,
        160000.0,
        158880.65035636415,
        160000.0,
        160000.0,
        160000.0,
        160000.0,
        160000.0,
        160000.0,
        160000.0,
        160000.0,
        160000.0,
        160000.0,
        160000.0,
        160000.0,
        160000.0,
        160000.0,
        160000.0,
        159306.40359291557,
        160000.0,
        160000.0,
        160000.0,
        160000.0,
        159600.87051413703,
        160000.0,
        160000.0,
        159352.64447885676,
        160000.0,
        160000.0,
        160000.0,
        160000.0,
        160000.0,
        160000.0
      ],
      "ess_valid_fraction": [
        1.0,
        1.0,
        1.0,
        1.0,
        1.0,
        1.0,
        1.0,
        1.0,
        1.0,
        1.0,
        1.0,
        1.0,
        1.0,
        1.0,
        1.0,
        1.0,
        1.0,
        1.0,
        1.0,
        1.0,
        1.0,
        1.0,
        1.0,
        1.0,
        1.0,
        1.0,
        1.0,
        1.0,
        1.0,
        1.0,
        1.0,
        1.0,
        1.0,
        1.0,
        1.0,
        1.0,
        1.0,
        1.0,
        1.0,
        1.0,
        1.0,
        1.0,
        1.0,
        1.0,
        1.0,
        1.0,
        1.0,
        1.0,
        1.0,
        1.0,
        1.0,
        1.0,
        1.0,
        1.0,
        1.0,
        1.0,
        1.0,
        1.0,
        1.0,
        1.0,
        1.0,
        1.0,
        1.0,
        1.0
      ],
      "n_evaluations": 1764610.909090909,
      "evaluation_type": "gradient",
      "ess_per_eval": 0.09003721417443586,
      "time": 118.80480122566223,
      "sigma": 0.0,
      "epsilon": 0.4654669463634491,
      "n_leapfrog": 11.028818181818181,
      "n_warmup": 1000,
      "target_accept": 0.8,
      "gamma": 0.05,
      "t0": 10,
      "kappa": 0.75
    },
    "Hamiltonian Walk Move": {
      "distribution": "Gaussian",
      "tau": 13.703891230965459,
      "tau_std": 0.657951107944903,
      "ess": 11675.515902991283,
      "ess_by_coordinate": [
        13963.135935653952,
        14120.104392723331,
        13692.208027181397,
        14374.01963013488,
        13912.12892767111,
        12893.368047864667,
        13768.241124221971,
        13907.968211979574,
        13172.128278700195,
        12936.531220766978,
        13718.562848493679,
        13699.427422815144,
        14433.352949477183,
        12835.859753070934,
        13946.734947545208,
        13920.535821993815,
        12910.63816010963,
        13610.371653264969,
        14435.02218718729,
        15223.358877242852,
        13781.184288963466,
        16481.98217663925,
        13777.537800455972,
        13924.98699488591,
        12639.236646619962,
        13925.425917712577,
        12317.1825666554,
        12996.218283015613,
        12654.852978683284,
        13972.991868823407,
        13705.365279728721,
        15053.584316648794,
        15471.101512622397,
        14251.61680216834,
        14645.500627821493,
        13373.640999747473,
        13530.304706796982,
        14387.945872354892,
        14641.48169135989,
        13259.539214553848,
        12719.231736171823,
        13665.940823413042,
        13813.673503441296,
        14427.488933382843,
        13944.975060436025,
        14177.3098670241,
        14823.169426331453,
        13527.580379666186,
        13555.399902510953,
        13636.759528312175,
        11675.515902991283,
        12851.922255409223,
        13369.020807444933,
        13356.48257837374,
        14425.03566412305,
        13864.81849692173,
        13670.720810376908,
        13596.935900049704,
        13103.480935704276,
        12451.934700069414,
        14416.954892315662,
        13960.763462622921,
        14379.10172663428,
        14123.88232772498
      ],
      "ess_valid_fraction": [
        1.0,
        1.0,
        1.0,
        1.0,
        1.0,
        1.0,
        1.0,
        1.0,
        1.0,
        1.0,
        1.0,
        1.0,
        1.0,
        1.0,
        1.0,
        1.0,
        1.0,
        1.0,
        1.0,
        1.0,
        1.0,
        1.0,
        1.0,
        1.0,
        1.0,
        1.0,
        1.0,
        1.0,
        1.0,
        1.0,
        1.0,
        1.0,
        1.0,
        1.0,
        1.0,
        1.0,
        1.0,
        1.0,
        1.0,
        1.0,
        1.0,
        1.0,
        1.0,
        1.0,
        1.0,
        1.0,
        1.0,
        1.0,
        1.0,
        1.0,
        1.0,
        1.0,
        1.0,
        1.0,
        1.0,
        1.0,
        1.0,
        1.0,
        1.0,
        1.0,
        1.0,
        1.0,
        1.0,
        1.0
      ],
      "n_evaluations": 640000.0,
      "evaluation_type": "gradient",
      "ess_per_eval": 0.01824299359842388,
      "time": 17.816221237182617,
      "sigma": 0.0,
      "epsilon": 0.34737712144851685,
      "n_leapfrog": 3,
      "n_warmup": 1000,
      "target_accept": 0.651,
      "gamma": 0.05,
      "t0": 10,
      "kappa": 0.75
    },
    "Stretch Move": {
      "distribution": "Gaussian",
      "tau": 2309.022389162469,
      "tau_std": 285.9266202361603,
      "ess": 69.29339479381807,