{
  "dim": 64,
  "seed": 3,
  "condition_number": 50.0,
  "n_samples": 10000,
  "burn_in": 2000,
  "n_thin": 1,
  "n_chains": 150,
  "hwm_walkers_requested": 300,
  "jax_enable_x64": true,
  "af": false,
  "transform_affine": false,
  "summary": {
    "Dense-mass NUTS": {
      "distribution": "Gaussian",
      "tau": 1.0010226150068198,
      "tau_std": 0.0002452169217598693,
      "ess": 1498467.644499501,
      "ess_by_coordinate": [
        1499858.4268893332,
        1499511.2133212015,
        1500000.0,
        1500000.0,
        1500000.0,
        1500000.0,
        1499691.3802409521,
        1500000.0,
        1499284.4245808106,
        1500000.0,
        1499821.3018979833,
        1500000.0,
        1500000.0,
        1499370.6048134551,
        1499262.043291218,
        1500000.0,
        1498467.644499501,
        1500000.0,
        1499115.4444067797,
        1500000.0,
        1499649.7894717338,
        1499832.1553468273,
        1499069.3989882062,
        1500000.0,
        1499945.4423226286,
        1499298.5170131102,
        1499449.9182924423,
        1499398.6965466856,
        1499657.1184540833,
        1500000.0,
        1499376.2392738874,
        1500000.0,
        1500000.0,
        1499645.8378820675,
        1500000.0,
        1498837.7207397474,
        1499752.681487172,
        1498910.2820273004,
        1500000.0,
        1499159.7428680018,
        1500000.0,
        1500000.0,
        1500000.0,
        1498842.1220557992,
        1500000.0,
        1500000.0,
        1499610.2061488626,
        1499813.7075094483,
        1499654.314851285,
        1499658.012231125,
        1499863.02311817,
        1500000.0,
        1499672.0691535203,
        1499492.380535434,
        1500000.0,
        1499000.2610118224,
        1499683.4269462314,
        1499914.9252979325,
        1499853.7946715788,
        1499728.1125118737,
        1499610.054063647,
        1499603.7555038482,
        1500000.0,
        1499841.483188596
      ],
      "ess_valid_fraction": [
        1.0,
        1.0,
        1.0,
        1.0,
        1.0,
        1.0,
        1.0,
        1.0,
        1.0,
        1.0,
        1.0,
        1.0,
        1.0,
        1.0,
        1.0,
        1.0,
        1.0,
        1.0,
        1.0,
        1.0,
        1.0,
        1.0,
        1.0,
        1.0,
        1.0,
        1.0,
        1.0,
        1.0,
        1.0,
        1.0,
        1.0,
        1.0,
        1.0,
        1.0,
        1.0,
        1.0,
        1.0,
        1.0,
        1.0,
        1.0,
        1.0,
        1.0,
        1.0,
        1.0,
        1.0,
        1.0,
        1.0,
        1.0,
        1.0,
        1.0,
        1.0,
        1.0,
        1.0,
        1.0,
        1.0,
        1.0,
        1.0,
        1.0,
        1.0,
        1.0,
        1.0,
        1.0,
        1.0,
        1.0
      ],
      "n_evaluations": 13269066.666666668,
      "evaluation_type": "gradient",
      "ess_per_eval": 0.11292939301177934,
      "time": 186.94502711296082,
      "sigma": 0.0,
      "epsilon": 0.4802356931104247,
      "n_leapfrog": 8.846044444444445,
      "n_warmup": 2000,
      "target_accept": 0.8,
      "gamma": 0.05,
      "t0": 10,
      "kappa": 0.75,
      "mean_mse": 4.605601679149142e-06,
      "cov_mse": 8.531238642547028e-05,
      "acceptance_rate_mean": 0.8628482125644522,
      "acceptance_rate_min": 0.8058201656380023,
      "acceptance_rate_max": 0.9136889273811846,
      "n_divergent": 0,
      "actual_n_chains": 150,
      "diagnostic_draws_per_chain": 200,
      "sample_finite_fraction": 1.0,
      "finite_draw_fraction": 1.0,
      "sample_covariance_rank": 64,
      "sample_covariance_full_rank": true
    },
    "Hamiltonian Walk Move": {
      "distribution": "Gaussian",
      "tau": 1.2362276598220208,
      "tau_std": 0.00511228882426746,
      "ess": 2426737.483314286,
      "ess_by_coordinate": [
        2478032.2681397507,
        2468172.005927764,
        2467994.7624941114,
        2456694.188929638,
        2473585.2291532746,
        2457604.6626250036,
        2451532.6898264904,
        2456238.7549467552,
        2482880.755432564,
        2450873.8493312113,
        2467411.1881167507,
        2474019.5577190295,
        2462296.8534562793,
        2476606.125876149,
        2463770.901850612,
        2467878.8154154243,
        2469977.9590222607,
        2459000.6977925925,
        2467118.5567506263,
        2457986.3641324737,
        2477262.6069779852,
        2479373.261846642,
        2463684.0785336094,
        2468643.7380035575,
        2454532.1604189556,
        2469982.970630549,
        2463806.6586452266,
        2473121.7922649225,
        2459032.29830816,
        2468142.2094641887,
        2457508.8414604813,
        2480883.891386,
        2464631.5693305368,
        2468723.974228175,
        2470877.810095192,
        2469691.9702024045,
        2460073.7574682767,
        2476198.7633259054,
        2465507.2616762617,
        2469344.599217284,
        2426737.483314286,
        2472088.808992114,
        2464674.099916295,
        2466905.986373282,
        2469709.155360439,
        2480234.7807366443,
        2482622.042357101,
        2474810.3398750694,
        2463986.9282129705,
        2475078.0822517266,
        2466175.2200049004,
        2477804.1262355223,
        2475654.352348049,
        2463755.2947962424,
        2469304.8166630357,
        2476488.392981747,
        2481429.057835948,
        2472128.177686193,
        2455690.935113267,
        2497493.631381266,
        2467358.9074251773,
        2455139.930581598,
        2479262.736893962,
        2484432.2606142936
      ],
      "ess_valid_fraction": [
        1.0,
        1.0,
        1.0,
        1.0,
        1.0,
        1.0,
        1.0,
        1.0,
        1.0,
        1.0,
        1.0,
        1.0,
        1.0,
        1.0,
        1.0,
        1.0,
        1.0,
        1.0,
        1.0,
        1.0,
        1.0,
        1.0,
        1.0,
        1.0,
        1.0,
        1.0,
        1.0,
        1.0,
        1.0,
        1.0,
        1.0,
        1.0,
        1.0,
        1.0,
        1.0,
        1.0,
        1.0,
        1.0,
        1.0,
        1.0,
        1.0,
        1.0,
        1.0,
        1.0,
        1.0,
        1.0,
        1.0,
        1.0,
        1.0,
        1.0,
        1.0,
        1.0,
        1.0,
        1.0,
        1.0,
        1.0,
        1.0,
        1.0,
        1.0,
        1.0,
        1.0,
        1.0,
        1.0,
        1.0
      ],
      "n_evaluations": 15603500.0,
      "evaluation_type": "gradient",
      "ess_per_eval": 0.155525201609529,
      "time": 35.952324867248535,
      "sigma": 0.0,
      "epsilon": 0.7142404086533917,
      "n_leapfrog": 4.2011666666666665,
      "n_warmup": 2000,
      "target_accept": 0.651,
      "gamma": 0.05,
      "t0": 10,
      "kappa": 0.75,
      "mean_mse": 4.809214049474594e-06,
      "cov_mse": 5.119434540631723e-05,
      "acceptance_rate_mean": 0.6529019444444444,
      "acceptance_rate_min": 0.6529019444444444,
      "acceptance_rate_max": 0.6529019444444444,
      "n_divergent": null,
      "actual_n_chains": 300,
      "diagnostic_draws_per_chain": 200,
      "sample_finite_fraction": 1.0,
      "finite_draw_fraction": 1.0,
      "sample_covariance_rank": 64,
      "sample_covariance_full_rank": true
    },
    "Stretch Move": {
      "distribution": "Gaussian",
      "tau": 503.8714365052943,
      "tau_std": 35.25520903031151,
      "ess": 2976.9498553114336,