{
  "dim": 32,
  "seed": 2,
  "n_samples": 10000,
  "burn_in": 1000,
  "n_thin": 1,
  "n_chains": 100,
  "af": true,
  "initialization_mode": "agnostic",
  "initialization_description": "independent N(0, 2^2) coordinates in the intrinsic Rosenbrock frame",
  "transform_affine": true,
  "overlay_rosenbrock": {
    "a": 1.0,
    "b": 100.0,
    "sigma": 0.7
  },
  "summary": {
    "Dense-mass NUTS": {
      "distribution": "Paired Rosenbrock",
      "tau": 28819.119127139034,
      "tau_std": 5019.604823316687,
      "ess": 34.69918686925783,
      "ess_by_coordinate": [
        178.0361808406496,
        276.16135583505417,
        100.4307227208509,
        110.52437564022759,
        34.69918686925783,
        173.80146876737945,
        200.1693972934755,
        248.85607077538103,
        189.8885408136817,
        182.831175627648,
        287.6935621170387,
        341.22201188086564,
        75.48575516825578,
        146.86042559359305,
        132.7650775306999,
        286.2344349810471,
        252.77166114847887,
        264.30033519585663,
        236.1383265229512,
        105.92904698037408,
        287.4384405090351,
        175.80214319113063,
        61.64175631521794,
        115.0124400613706,
        252.64889596864148,
        77.03119736276261,
        168.2214695735472,
        186.23950325737127,
        191.75751025092896,
        194.56912002723226,
        203.7001310086605,
        244.2525934327498
      ],
      "ess_valid_fraction": [
        0.03,
        0.07,
        0.03,
        0.03,
        0.01,
        0.05,
        0.05,
        0.06,
        0.05,
        0.05,
        0.08,
        0.09,
        0.02,
        0.03,
        0.04,
        0.08,
        0.06,
        0.07,
        0.06,
        0.03,
        0.07,
        0.05,
        0.02,
        0.03,
        0.05,
        0.02,
        0.04,
        0.04,
        0.05,
        0.05,
        0.05,
        0.06
      ],
      "n_evaluations": 255000000.0,
      "evaluation_type": "gradient",
      "ess_per_eval": 1.360752426245405e-07,
      "time": 287.40108585357666,
      "sigma": 0.7,
      "epsilon": 0.0011102266144007444,
      "n_leapfrog": 255.0,
      "n_warmup": 1000,
      "target_accept": 0.8,
      "cond": 500
    },
    "Hamiltonian Walk Move": {
      "distribution": "Paired Rosenbrock",
      "tau": 14099.875325492663,
      "tau_std": 2155.7736220677707,
      "ess": 70.92261292495216,
      "ess_by_coordinate": [
        264.6873761495258,
        70.92261292495216,
        423.04860391487745,
        262.5593990411933,
        342.02168346356177,
        408.64011591987827,
        232.4272458650939,
        479.76399568145047,
        434.8874329566238,
        381.67982797775113,
        261.3192696874527,
        471.73960435950926,
        333.4510178343243,
        249.56815570419843,
        485.3073255531815,
        443.8316873318537,
        326.86419159928454,
        434.09584834574315,
        413.2532530478836,
        157.46530099095122,
        383.66198906409386,
        451.0789942760788,
        243.86671308410297,
        321.95351662711266,
        327.39450558986704,
        320.7663965089388,
        335.45424224420515,
        312.6161394559844,
        173.5431793175947,
        236.15191979364343,
        285.564956678932,
        496.08595173975243
      ],
      "ess_valid_fraction": [
        0.08,
        0.02,
        0.1,
        0.07,
        0.09,
        0.11,
        0.07,
        0.12,
        0.12,
        0.09,
        0.07,
        0.12,
        0.08,
        0.06,
        0.13,
        0.11,
        0.09,
        0.12,
        0.1,
        0.04,
        0.09,
        0.1,
        0.07,
        0.09,
        0.07,
        0.08,
        0.09,
        0.08,
        0.05,
        0.06,
        0.07,
        0.12
      ],
      "n_evaluations": 1001000000.0,
      "evaluation_type": "gradient",
      "ess_per_eval": 7.085176116378838e-08,
      "time": 685.4815845489502,
      "sigma": 0.7,
      "epsilon": 4.4019233769176935e-07,
      "n_leapfrog": 1000,
      "n_warmup": 1000,
      "target_accept": 0.651,
      "cond": 500
    },
    "Stretch Move": {
      "distribution": "Paired Rosenbrock",
      "tau": 4580.3809153258335,
      "tau_std": 709.4745583974177,
      "ess": 218.32245363131838,
      "ess_by_coordinate": [
        364.95502076880933,
        755.4964066607481,
        779.192043099411,
        912.3069281594537,
        586.2082972524665,
        1006.6486711471524,
        751.7583146489986,
        906.6899167837288,
        218.32245363131838,
        731.377525916913,
        694.5383612712149,
        1419.3558915692804,
        509.86957347769885,
        754.4428502079635,
        599.4441657374439,
        1090.4241948761278,
        622.3410004441056,
        1211.9129782479813,
        549.2838523130899,
        1206.2155732156302,
        800.286076476671,
        843.9007576091202,
        536.9091404893386,
        888.8157255207443,
        606.0681594675682,
        1059.6311262713723,
        391.6298916429056,
        550.6243848732013,
        532.6178925653769,
        616.8992270895917,
        616.9705464194434,
        681.534445608871
      ],
      "ess_valid_fraction": [
        0.08,
        0.15,
        0.19,
        0.21,
        0.15,
        0.21,
        0.19,
        0.21,
        0.05,
        0.18,
        0.16,
        0.32,
        0.14,
        0.18,
        0.14,
        0.23,
        0.16,
        0.25,
        0.12,
        0.25,
        0.21,
        0.21,
        0.13,
        0.22,
        0.13,
        0.24,
        0.09,
        0.13,
        0.12,
        0.14,
        0.17,
        0.15
      ],
      "n_evaluations": 1000000.0,
      "evaluation_type": "function",
      "ess_per_eval": 0.00021832245363131837,
      "time": 4.330740451812744,
      "sigma": 0.7,
      "epsilon": 0.0,
      "n_leapfrog": null,
      "n_warmup": null,
      "target_accept": null,
      "cond": 500
    },
    "HMC": {
      "distribution": "Paired Rosenbrock",
      "tau": 5025.568126439951,
      "tau_std": 1541.5948281711262,
      "ess": 198.98247816777433,
      "ess_by_coordinate": [
        3424.2433849100676,
        2928.945198221422,
        2702.8593523910004,
        2365.609470185035,
        1867.1547426885788,
        1628.7730837797997,
        917.882612434059,
        970.8921119441464,
        1020.7745545839132,
        1358.774160010866,
        315.38594892789547,
        522.0570788112925,
        217.35645600425516,
        436.4589671706,
        674.4512433391825,
        990.0960516450305,
        486.1999922661939,
        826.3390438849555,
        254.87107513326623,
        1070.247283434345,
        198.98247816777433,
        1036.0261085055747,
        321.4239320921117,
        502.2926629273535,
        259.2533123445348,
        282.84953186551826,
        260.04033615774483,
        363.36679224896784,
        350.06572836219226,
        202.67851652882663,
        239.41219076651885,
        207.21235154494937
      ],
      "ess_valid_fraction": [
        0.62,
        0.57,
        0.54,
        0.47,
        0.38,
        0.36,
        0.18,
        0.2,
        0.25,
        0.31,
        0.08,
        0.13,
        0.06,
        0.11,
        0.17,
        0.23,
        0.13,
        0.21,
        0.07,
        0.22,
        0.05,
        0.26,
        0.09,
        0.14,
        0.07,
        0.07,
        0.07,
        0.09,
        0.09,
        0.06,
        0.07,
        0.06
      ],
      "n_evaluations": 1001000000.0,
      "evaluation_type": "gradient",
      "ess_per_eval": 1.9878369447330104e-07,
      "time": 344.606897354126,
      "sigma": 0.7,
      "epsilon": 0.0001752383541315794,
      "n_leapfrog": 1000,
      "n_warmup": 1000,
      "target_accept": 0.651,
      "cond": 500
    }
  }
}