{
  "dim": 32,
  "seed": 3,
  "n_samples": 10000,
  "burn_in": 1000,
  "n_thin": 1,
  "n_chains": 100,
  "cond": 31.62,
  "af": true,
  "transform_affine": true,
  "summary": {
    "Dense-mass NUTS": {
      "distribution": "Gaussian",
      "tau": 1.0004707091468579,
      "tau_std": 0.00010827456422464632,
      "ess": 999529.5123159984,
      "ess_by_coordinate": [
        1000000.0,
        1000000.0,
        1000000.0,
        1000000.0,
        1000000.0,
        1000000.0,
        1000000.0,
        1000000.0,
        1000000.0,
        999630.6780838156,
        1000000.0,
        1000000.0,
        1000000.0,
        1000000.0,
        1000000.0,
        1000000.0,
        1000000.0,
        1000000.0,
        1000000.0,
        1000000.0,
        1000000.0,
        1000000.0,
        1000000.0,
        1000000.0,
        999769.3108148426,
        1000000.0,
        1000000.0,
        1000000.0,
        1000000.0,
        999936.1059695197,
        1000000.0,
        999529.5123159984
      ],
      "ess_valid_fraction": [
        1.0,
        1.0,
        1.0,
        1.0,
        1.0,
        1.0,
        1.0,
        1.0,
        1.0,
        1.0,
        1.0,
        1.0,
        1.0,
        1.0,
        1.0,
        1.0,
        1.0,
        1.0,
        1.0,
        1.0,
        1.0,
        1.0,
        1.0,
        1.0,
        1.0,
        1.0,
        1.0,
        1.0,
        1.0,
        1.0,
        1.0,
        1.0
      ],
      "n_evaluations": 7202305.454545454,
      "evaluation_type": "gradient",
      "ess_per_eval": 0.1387791060271103,
      "time": 538.377655506134,
      "sigma": 0.0,
      "epsilon": 0.5726901888847351,
      "n_leapfrog": 7.202305454545455,
      "n_warmup": 1000,
      "target_accept": 0.8,
      "gamma": 0.05,
      "t0": 10,
      "kappa": 0.75
    },
    "Hamiltonian Walk Move": {
      "distribution": "Gaussian",
      "tau": 1.2225077684527845,
      "tau_std": 0.00819790150922403,
      "ess": 817990.7120472599,
      "ess_by_coordinate": [
        834551.4860488026,
        818250.2840129046,
        824626.2005901373,
        821128.0579653202,
        825625.0351415995,
        825075.4127787633,
        818902.7796915121,
        825805.6915343287,
        838149.5245571276,
        832171.7019804217,
        833627.3794499271,
        823905.3402713079,
        833935.5424609707,
        823463.9621806261,
        829493.9231162322,
        826979.3504530907,
        829319.4972193867,
        817990.7120472599,
        823103.7556452306,
        832557.6285911609,
        838369.9853164608,
        825873.0494409392,
        821138.080577662,
        829834.9597175897,
        828854.8460867788,
        836266.978053335,
        822731.4001045512,
        828241.7755964026,
        834784.0105582897,
        829747.9079966849,
        833434.4301747011,
        828270.5658351232
      ],
      "ess_valid_fraction": [
        1.0,
        1.0,
        1.0,
        1.0,
        1.0,
        1.0,
        1.0,
        1.0,
        1.0,
        1.0,
        1.0,
        1.0,
        1.0,
        1.0,
        1.0,
        1.0,
        1.0,
        1.0,
        1.0,
        1.0,
        1.0,
        1.0,
        1.0,
        1.0,
        1.0,
        1.0,
        1.0,
        1.0,
        1.0,
        1.0,
        1.0,
        1.0
      ],
      "n_evaluations": 9000000.0,
      "evaluation_type": "gradient",
      "ess_per_eval": 0.09088785689413999,
      "time": 106.59341096878052,
      "sigma": 0.0,
      "epsilon": 0.6399661302566528,
      "n_leapfrog": 8,
      "n_warmup": 1000,
      "target_accept": 0.651,
      "gamma": 0.05,
      "t0": 10,
      "kappa": 0.75
    },
    "Stretch Move": {
      "distribution": "Gaussian",
      "tau": 273.52485744283433,
      "tau_std": 13.968011181089127,
      "ess": 3655.974851239969,
      "ess_by_coordinate": [
        3908.78077117902,
        4243.793478470855,
        3986.906938595114,
        4172.1571868127085,
        3907.5510095876407,
        4260.107896634094,
        4159.602846261959,
        4537.708759120666,
        4367.761985943872,
        4523.278410455654,
        4427.045502815672,
        4108.317496932404,
        4217.266642603428,
        4423.464617428107,
        4321.234474787585,
        3655.974851239969,
        4476.765780508638,
        4438.726193310848,
        4353.787191560093,
        4080.07915198151,
        4232.163290242252,
        4331.55960566787,
        4570.746125032177,
        4218.925080511079,
        4852.061286916711,
        4260.268098428758,
        4672.046474790514,
        4386.840430623305,
        4857.669030409044,
        4446.536171484807,
        4500.2096266320195,
        4394.997840196566
      ],
      "ess_valid_fraction": [
        0.68,
        0.76,
        0.71,
        0.71,
        0.68,
        0.77,
        0.74,
        0.75,
        0.8,
        0.81,
        0.79,
        0.68,
        0.69,
        0.78,
        0.78,
        0.69,
        0.78,
        0.75,
        0.74,
        0.74,
        0.72,
        0.74,
        0.74,
        0.74,
        0.8,
        0.73,
        0.83,
        0.74,
        0.86,
        0.76,
        0.76,
        0.75
      ],
      "n_evaluations": 1000000.0,
      "evaluation_type": "function",
      "ess_per_eval": 0.0036559748512399693,
      "time": 6.037335395812988,
      "sigma": 0.0,
      "epsilon": 0.0,
      "n_leapfrog": null,
      "n_warmup": null,
      "target_accept": null,
      "gamma": null,
      "t0": null,
      "kappa": null
    },
    "HMC": {
      "distribution": "Gaussian",
      "tau": 229.20889912999877,
      "tau_std": 63.87418349361894,
      "ess": 4362.832349859318,
      "ess_by_coordinate": [
        1000000.0,
        1000000.0,
        1000000.0,
        1000000.0,
        1000000.0,
        936203.9425182849,
        714144.3060099905,
        534814.0688010078,
        400365.0265813551,
        304950.6840289877,
        238930.7422772901,
        192550.49175039658,
        146692.46668901018,
        110503.01265198193,
        89652.60930171158,
        69926.08506855465,
        55180.42693434513,
        46606.87636998348,
        38805.61673419068,
        28352.472508310748,
        26248.489786134414,
        20512.951712495546,
        17627.175279490086,
        14446.177319007806,
        12061.482753900314,
        10454.431415464956,
        9520.0602736,
        7648.399172238471,
        6505.349164339429,
        5837.771845670948,
        4943.6144720118355,
        4362.832349859318
      ],
      "ess_valid_fraction": [
        1.0,
        1.0,
        1.0,
        1.0,
        1.0,
        1.0,
        1.0,
        1.0,
        1.0,
        1.0,
        1.0,
        1.0,
        1.0,
        1.0,
        1.0,
        1.0,
        1.0,
        1.0,
        1.0,
        1.0,
        1.0,
        1.0,
        1.0,
        1.0,
        1.0,
        1.0,
        0.98,
        0.95,
        0.91,
        0.86,
        0.82,
        0.76
      ],
      "n_evaluations": 3000000.0,
      "evaluation_type": "gradient",
      "ess_per_eval": 0.001454277449953106,
      "time": 13.26115083694458,
      "sigma": 0.0,
      "epsilon": 4.104478359222412,
      "n_leapfrog": 2,
      "n_warmup": 1000,
      "target_accept": 0.651,
      "gamma": 0.05,
      "t0": 10,
      "kappa": 0.75
    }
  }
}