{
  "dim": 16,
  "seed": 0,
  "condition_number": 50.0,
  "n_samples": 10000,
  "burn_in": 2000,
  "n_thin": 1,
  "n_chains": 150,
  "hwm_walkers_requested": 300,
  "jax_enable_x64": true,
  "af": false,
  "transform_affine": false,
  "summary": {
    "Dense-mass NUTS": {
      "distribution": "Gaussian",
      "tau": 1.0,
      "tau_std": 0.0,
      "ess": 1500000.0,
      "ess_by_coordinate": [
        1500000.0,
        1500000.0,
        1500000.0,
        1500000.0,
        1500000.0,
        1500000.0,
        1500000.0,
        1500000.0,
        1500000.0,
        1500000.0,
        1500000.0,
        1500000.0,
        1500000.0,
        1500000.0,
        1500000.0,
        1500000.0
      ],
      "ess_valid_fraction": [
        1.0,
        1.0,
        1.0,
        1.0,
        1.0,
        1.0,
        1.0,
        1.0,
        1.0,
        1.0,
        1.0,
        1.0,
        1.0,
        1.0,
        1.0,
        1.0
      ],
      "n_evaluations": 10386900.0,
      "evaluation_type": "gradient",
      "ess_per_eval": 0.14441267365624008,
      "time": 26.141781330108643,
      "sigma": 0.0,
      "epsilon": 0.6148842937781066,
      "n_leapfrog": 6.9246,
      "n_warmup": 2000,
      "target_accept": 0.8,
      "gamma": 0.05,
      "t0": 10,
      "kappa": 0.75,
      "mean_mse": 1.6048997592729527e-06,
      "cov_mse": 2.6067037527307874e-05,
      "acceptance_rate_mean": 0.8773702524907598,
      "acceptance_rate_min": 0.8091229591261023,
      "acceptance_rate_max": 0.9180295243222326,
      "n_divergent": 0,
      "actual_n_chains": 150,
      "diagnostic_draws_per_chain": 200,
      "sample_finite_fraction": 1.0,
      "finite_draw_fraction": 1.0,
      "sample_covariance_rank": 16,
      "sample_covariance_full_rank": true
    },
    "Hamiltonian Walk Move": {
      "distribution": "Gaussian",
      "tau": 1.8316590365416372,
      "tau_std": 0.00841909330293578,
      "ess": 1637859.4160539354,
      "ess_by_coordinate": [
        1643471.777891828,
        1665782.5974305584,
        1657000.1337519628,
        1642783.9295380854,
        1637936.4613168812,
        1643565.722812757,
        1644193.9370053287,
        1647213.3100911635,
        1651412.1367612267,
        1643366.5438902092,
        1656343.3735390252,
        1645087.8729940285,
        1651275.131095998,
        1654842.228895845,
        1637859.4160539354,
        1657556.6170711406
      ],
      "ess_valid_fraction": [
        1.0,
        1.0,
        1.0,
        1.0,
        1.0,
        1.0,
        1.0,
        1.0,
        1.0,
        1.0,
        1.0,
        1.0,
        1.0,
        1.0,
        1.0,
        1.0
      ],
      "n_evaluations": 7758250.0,
      "evaluation_type": "gradient",
      "ess_per_eval": 0.21111196675202984,
      "time": 21.049527406692505,
      "sigma": 0.0,
      "epsilon": 0.9578044376139909,
      "n_leapfrog": 1.5860833333333333,
      "n_warmup": 2000,
      "target_accept": 0.651,
      "gamma": 0.05,
      "t0": 10,
      "kappa": 0.75,
      "mean_mse": 5.668135093240667e-06,
      "cov_mse": 1.0485767397146168e-05,
      "acceptance_rate_mean": 0.6518783333333334,
      "acceptance_rate_min": 0.6518783333333333,
      "acceptance_rate_max": 0.6518783333333333,
      "n_divergent": null,
      "actual_n_chains": 300,
      "diagnostic_draws_per_chain": 200,
      "sample_finite_fraction": 1.0,
      "finite_draw_fraction": 1.0,
      "sample_covariance_rank": 16,
      "sample_covariance_full_rank": true
    },
    "Stretch Move": {
      "distribution": "Gaussian",
      "tau": 138.6506392552633,
      "tau_std": 4.634485215485993,
      "ess": 10818.558126071235,
      "ess_by_coordinate": [
        11496.873519392251,
        11822.186691630584,
        11698.186779704338,
        10818.558126071235,
        10989.667735460705,
        11296.689303169649,
        11066.17787054659,
        11382.729125512618,
        11879.873689733886,
        12085.451169358237,
        11838.944254959548,
        12189.659969021677,
        11848.911522123182,
        11859.307042764438,
        11938.44121973235,
        12114.966577839965
      ],
      "ess_valid_fraction": [
        0.9333333333333333,
        0.9333333333333333,
        0.9533333333333334,
        0.9133333333333333,
        0.9733333333333334,
        0.9333333333333333,
        0.92,
        0.9266666666666666,
        0.96,
        0.94,
        0.9666666666666667,
        0.9733333333333334,
        0.9666666666666667,
        0.94,
        0.9466666666666667,
        0.9466666666666667
      ],
      "n_evaluations": 1500000.0,
      "evaluation_type": "function",
      "ess_per_eval": 0.00721237208404749,
      "time": 4.1403210163116455,
      "sigma": 0.0,
      "epsilon": 0.0,
      "n_leapfrog": null,
      "n_warmup": null,
      "target_accept": null,
      "gamma": null,
      "t0": null,
      "kappa": null,
      "mean_mse": 0.001434358830599409,
      "cov_mse": 0.001463925841053607,
      "acceptance_rate_mean": 0.5017638888888888,
      "acceptance_rate_min": 0.4886666666666667,
      "acceptance_rate_max": 0.5135,
      "n_divergent": null,
      "actual_n_chains": 150,
      "diagnostic_draws_per_chain": 200,
      "sample_finite_fraction": 1.0,
      "finite_draw_fraction": 1.0,
      "sample_covariance_rank": 16,
      "sample_covariance_full_rank": true
    },
    "HMC": {
      "distribution": "Gaussian",
      "tau": 2.4566875835641557,
      "tau_std": 0.014243013965338539,
      "ess": 610578.2477329918,
      "ess_by_coordinate": [
        622192.2995367907,
        619730.503421149,
        621351.2905900893,
        620150.1252046144,
        611644.2939053598,
        620211.1973776019,
        615619.1339079301,
        610578.2477329918,
        617602.066788458,
        618636.1158889035,
        615690.9724369671,
        614769.9656555809,
        619789.4932321105,
        624016.9170930568,
        620694.3049049648,
        616053.326509936
      ],
      "ess_valid_fraction": [
        1.0,
        1.0,
        1.0,
        1.0,
        1.0,
        1.0,
        1.0,
        1.0,
        1.0,
        1.0,
        1.0,
        1.0,
        1.0,
        1.0,
        1.0,
        1.0
      ],
      "n_evaluations": 3492499.9999999995,
      "evaluation_type": "gradient",
      "ess_per_eval": 0.17482555411109288,
      "time": 12.311471700668335,
      "sigma": 0.0,
      "epsilon": 3.056362890223907,
      "n_leapfrog": 1.3283333333333334,
      "n_warmup": 2000,
      "target_accept": 0.651,
      "gamma": 0.05,
      "t0": 10,
      "kappa": 0.75,
      "mean_mse": 1.3038122015099035e-05,
      "cov_mse": 2.6148805706797878e-05,
      "acceptance_rate_mean": 0.6508722222222221,
      "acceptance_rate_min": 0.6508722222222222,
      "acceptance_rate_max": 0.6508722222222222,
      "n_divergent": null,
      "actual_n_chains": 150,
      "diagnostic_draws_per_chain": 200,
      "sample_finite_fraction": 1.0,
      "finite_draw_fraction": 1.0,
      "sample_covariance_rank": 16,
      "sample_covariance_full_rank": true
    }
  }
}