{
  "dim": 16,
  "seed": 0,
  "condition_number": 50.0,
  "n_samples": 10000,
  "burn_in": 1000,
  "n_thin": 1,
  "n_chains": 16,
  "af": false,
  "transform_affine": false,
  "summary": {
    "Dense-mass NUTS": {
      "distribution": "Gaussian",
      "tau": 1.0,
      "tau_std": 0.0,
      "ess": 160000.0,
      "ess_by_coordinate": [
        160000.0,
        160000.0,
        160000.0,
        160000.0,
        160000.0,
        160000.0,
        160000.0,
        160000.0,
        160000.0,
        160000.0,
        160000.0,
        160000.0,
        160000.0,
        160000.0,
        160000.0,
        160000.0
      ],
      "ess_valid_fraction": [
        1.0,
        1.0,
        1.0,
        1.0,
        1.0,
        1.0,
        1.0,
        1.0,
        1.0,
        1.0,
        1.0,
        1.0,
        1.0,
        1.0,
        1.0,
        1.0
      ],
      "n_evaluations": 1113141.8181818181,
      "evaluation_type": "gradient",
      "ess_per_eval": 0.14373730048282668,
      "time": 19.067628860473633,
      "sigma": 0.0,
      "epsilon": 0.557715892791748,
      "n_leapfrog": 6.957136363636364,
      "n_warmup": 1000,
      "target_accept": 0.8,
      "gamma": 0.05,
      "t0": 10,
      "kappa": 0.75
    },
    "Hamiltonian Walk Move": {
      "distribution": "Gaussian",
      "tau": 5.505805861004345,
      "tau_std": 0.1689278469263714,
      "ess": 29060.232786851935,
      "ess_by_coordinate": [
        30666.617470821664,
        32422.72291892436,
        32019.54086842043,
        30002.942943758317,
        31729.753652341115,
        32219.198765162655,
        32172.60651616134,
        29060.232786851935,
        32275.62663244445,
        30363.99516690539,
        31155.64662754605,
        31255.01083757927,
        32992.96323768742,
        30990.9762888272,
        30820.223575681583,
        32333.019109950037
      ],
      "ess_valid_fraction": [
        1.0,
        1.0,
        1.0,
        1.0,
        1.0,
        1.0,
        1.0,
        1.0,
        1.0,
        1.0,
        1.0,
        1.0,
        1.0,
        1.0,
        1.0,
        1.0
      ],
      "n_evaluations": 2080000.0,
      "evaluation_type": "gradient",
      "ess_per_eval": 0.013971265762909585,
      "time": 21.57337212562561,
      "sigma": 0.0,
      "epsilon": 0.6572350859642029,
      "n_leapfrog": 12,
      "n_warmup": 1000,
      "target_accept": 0.651,
      "gamma": 0.05,
      "t0": 10,
      "kappa": 0.75
    },
    "Stretch Move": {
      "distribution": "Gaussian",
      "tau": 230.97378894220515,
      "tau_std": 21.592455788076805,
      "ess": 692.7192939629856,
      "ess_by_coordinate": [
        744.9613358090088,
        937.6120025749475,
        828.2746127804817,
        862.2169819930723,
        734.2348648224985,
        692.7192939629856,
        1048.8626509018413,
        980.5897781385507,
        787.364498300057,
        815.5670918942408,
        990.6493961620877,
        857.2315863307651,
        971.6545215518623,
        853.9443122983413,
        787.9549971967607,
        873.3901502593503
      ],
      "ess_valid_fraction": [
        0.8125,
        0.875,
        0.9375,
        0.9375,
        0.8125,
        0.75,
        0.9375,
        0.9375,
        0.8125,
        0.875,
        0.875,
        0.9375,
        0.875,
        0.75,
        0.8125,
        0.8125
      ],
      "n_evaluations": 160000.0,
      "evaluation_type": "function",
      "ess_per_eval": 0.00432949558726866,
      "time": 0.9824690818786621,
      "sigma": 0.0,
      "epsilon": 0.0,
      "n_leapfrog": null,
      "n_warmup": null,
      "target_accept": null,
      "gamma": null,
      "t0": null,
      "kappa": null
    },
    "HMC": {
      "distribution": "Gaussian",
      "tau": 1.9775158971448819,
      "tau_std": 0.039148691770083816,
      "ess": 80909.5897691677,
      "ess_by_coordinate": [
        87155.42356716005,
        82726.57982061559,
        84785.57491450018,
        84157.59492265935,
        85199.5411368183,
        83685.21528873284,
        82969.10751470274,
        85861.86158494564,
        83462.7220712181,
        85074.27497094384,
        85126.9823168552,
        87748.76310585334,
        80909.5897691677,
        86728.39132784931,
        86340.11446107856,
        83891.16103172177
      ],
      "ess_valid_fraction": [
        1.0,
        1.0,
        1.0,
        1.0,
        1.0,
        1.0,
        1.0,
        1.0,
        1.0,
        1.0,
        1.0,
        1.0,
        1.0,
        1.0,
        1.0,
        1.0
      ],
      "n_evaluations": 480000.0,
      "evaluation_type": "gradient",
      "ess_per_eval": 0.1685616453524327,
      "time": 9.335815906524658,
      "sigma": 0.0,
      "epsilon": 2.453528881072998,
      "n_leapfrog": 2,
      "n_warmup": 1000,
      "target_accept": 0.651,
      "gamma": 0.05,
      "t0": 10,
      "kappa": 0.75
    }
  }
}