{
  "dim": 32,
  "seed": 2,
  "condition_number": 50,
  "n_samples": 10000,
  "burn_in": 2000,
  "n_thin": 1,
  "n_chains": 150,
  "hwm_walkers_requested": 300,
  "jax_enable_x64": true,
  "af": false,
  "initialization_mode": "agnostic",
  "initialization_description": "independent N(0, 2^2) coordinates in the intrinsic Rosenbrock frame",
  "transform_affine": false,
  "overlay_rosenbrock": {
    "a": 1.0,
    "b": 100.0,
    "sigma": 1.5
  },
  "summary": {
    "Dense-mass NUTS": {
      "distribution": "Paired Rosenbrock",
      "tau": 5.49049669775306,
      "tau_std": 0.44195172116787257,
      "ess": 273199.32650426007,
      "ess_by_coordinate": [
        352495.12930651085,
        286247.08726961876,
        339991.9685994503,
        288937.5110304244,
        352345.4150011518,
        291178.51833886234,
        334168.7919993497,
        286280.2196836263,
        361424.36126863013,
        305912.33970142493,
        340280.51443188917,
        286219.3822993488,
        347664.2711788394,
        285017.34861947043,
        340417.89792633493,
        289069.52419562824,
        335044.3096743888,
        273199.32650426007,
        332234.2818654529,
        273996.3202714332,
        340125.74343558983,
        287222.99342384865,
        342438.52603288204,
        298286.3523579059,
        352361.1561129696,
        301031.97854808683,
        337217.91620539804,
        276118.8020796959,
        361433.7429614889,
        301253.81722072687,
        344629.7949272425,
        298460.3341979763
      ],
      "ess_valid_fraction": [
        1.0,
        1.0,
        1.0,
        1.0,
        1.0,
        1.0,
        1.0,
        1.0,
        1.0,
        1.0,
        1.0,
        1.0,
        1.0,
        1.0,
        1.0,
        1.0,
        1.0,
        1.0,
        1.0,
        1.0,
        1.0,
        1.0,
        1.0,
        1.0,
        1.0,
        1.0,
        1.0,
        1.0,
        1.0,
        1.0,
        1.0,
        1.0
      ],
      "n_evaluations": 377632776.6666667,
      "evaluation_type": "gradient",
      "ess_per_eval": 0.0007234523679744326,
      "time": 352.72381114959717,
      "sigma": 1.5,
      "epsilon": 0.012633795373145991,
      "n_leapfrog": 251.75518444444444,
      "n_warmup": 2000,
      "target_accept": 0.8,
      "gamma": 0.05,
      "t0": 10,
      "kappa": 0.75,
      "mean_mse": 0.00036073947756564816,
      "cov_mse": 0.0009730501235577303,
      "acceptance_rate_mean": 0.8984196402125988,
      "acceptance_rate_min": 0.8000789931445156,
      "acceptance_rate_max": 0.9570497807380735,
      "n_divergent": 1442,
      "actual_n_chains": 150,
      "diagnostic_draws_per_chain": 200,
      "sample_finite_fraction": 1.0,
      "finite_draw_fraction": 1.0,
      "sample_covariance_rank": 32,
      "sample_covariance_full_rank": true
    },
    "Hamiltonian Walk Move": {
      "distribution": "Paired Rosenbrock",
      "tau": 6.586172689157539,
      "tau_std": 0.7606741204423614,
      "ess": 455499.74797027995,
      "ess_by_coordinate": [
        614642.2002742251,
        474820.22533099784,
        638729.921157587,
        484642.3933493899,
        616136.3227358039,
        482624.7683093888,
        607074.9612928499,
        457946.53870225296,
        629165.7092227777,
        479706.7828796017,
        610811.5290845763,
        463845.9242947324,
        624475.3904441283,
        479093.8643784224,
        617680.766194059,
        471120.6055571233,
        614675.6794087554,
        459633.9595363385,
        626808.1280705198,
        480170.44823810493,
        628343.4024374149,
        495780.02233555925,
        622568.9621651255,
        455499.74797027995,
        623232.0757239583,
        479216.73357508273,
        623238.6833587622,
        475116.25322935585,
        632733.6715506699,
        476863.6547508277,
        615026.3421971872,
        467175.23292279674
      ],
      "ess_valid_fraction": [
        0.9966666666666667,
        0.9966666666666667,
        1.0,
        1.0,
        0.9966666666666667,
        0.9966666666666667,
        1.0,
        1.0,
        0.9966666666666667,
        0.9966666666666667,
        1.0,
        0.9966666666666667,
        0.9966666666666667,
        0.9966666666666667,
        0.9966666666666667,
        0.9966666666666667,
        1.0,
        0.9966666666666667,
        1.0,
        0.9966666666666667,
        0.9966666666666667,
        0.9966666666666667,
        0.9933333333333333,
        0.9933333333333333,
        1.0,
        0.9966666666666667,
        0.9966666666666667,
        0.9966666666666667,
        0.9966666666666667,
        0.9966666666666667,
        1.0,
        0.9966666666666667
      ],
      "n_evaluations": 394181249.99999994,
      "evaluation_type": "gradient",
      "ess_per_eval": 0.0011555591443537206,
      "time": 156.46771836280823,
      "sigma": 1.5,
      "epsilon": 0.021399035464971673,
      "n_leapfrog": 130.39374999999998,
      "n_warmup": 2000,
      "target_accept": 0.651,
      "gamma": 0.05,
      "t0": 10,
      "kappa": 0.75,
      "mean_mse": 0.0004948069168226924,
      "cov_mse": 0.0037503642533897735,
      "acceptance_rate_mean": 0.6489841666666666,
      "acceptance_rate_min": 0.6489841666666666,
      "acceptance_rate_max": 0.6489841666666666,
      "n_divergent": null,
      "actual_n_chains": 300,
      "diagnostic_draws_per_chain": 200,
      "sample_finite_fraction": 1.0,
      "finite_draw_fraction": 1.0,
      "sample_covariance_rank": 32,
      "sample_covariance_full_rank": true
    },
    "Stretch Move": {
      "distribution": "Paired Rosenbrock",
      "tau": 3290.9169860262573,
      "tau_std": 536.0374636910205,
      "ess": 455.8000114768109,
      "ess_by_coordinate": [
        559.3666200956771,
        1161.3463445606044,
        844.7540063316027,
        1350.9015262490775,
        795.7463746964543,
        972.5356420694691,
        685.1423549636548,
        1348.846981699599,
        904.8259773070748,
        1043.2466593855936,
        793.5619000295662,
        1498.6848526123085,
        790.8533591906539,
        1317.8879973910866,
        1079.0046458422626,
        1459.2872533081284,
        1131.220858007738,
        1339.2479308281427,
        1004.0373524933337,
        1260.523201215747,
        1298.4048564806235,
        1421.2845556668258,
        574.7336166591926,
        1219.5463454917956,
        883.053123098236,
        1376.9284119345486,
        455.8000114768109,
        1190.3733943060847,
        1392.6106044551598,
        1309.9716100935227,
        874.0063835098113,
        1260.0733299037095
      ],
      "ess_valid_fraction": [
        0.1,
        0.19333333333333333,
        0.12666666666666668,
        0.19333333333333333,
        0.13333333333333333,
        0.15333333333333332,
        0.12,
        0.20666666666666667,
        0.14,
        0.16666666666666666,
        0.12666666666666668,
        0.22666666666666666,
        0.13333333333333333,
        0.20666666666666667,
        0.17333333333333334,
        0.22666666666666666,
        0.17333333333333334,
        0.22,
        0.14666666666666667,
        0.18666666666666668,
        0.20666666666666667,
        0.24,
        0.1,
        0.18666666666666668,
        0.14,
        0.19333333333333333,
        0.07333333333333333,
        0.18666666666666668,
        0.21333333333333335,
        0.2,
        0.14666666666666667,
        0.20666666666666667
      ],
      "n_evaluations": 1500000.0,
      "evaluation_type": "function",
      "ess_per_eval": 0.0003038666743178739,
      "time": 6.137464284896851,
      "sigma": 1.5,
      "epsilon": 0.0,
      "n_leapfrog": null,
      "n_warmup": null,
      "target_accept": null,
      "gamma": null,
      "t0": null,
      "kappa": null,
      "mean_mse": 4.44902966512706,
      "cov_mse": 0.9679684572632302,
      "acceptance_rate_mean": 0.16870777777777776,