{
  "dim": 32,
  "seed": 2,
  "condition_number": 50,
  "n_samples": 10000,
  "burn_in": 1000,
  "n_thin": 1,
  "n_chains": 16,
  "af": false,
  "initialization_mode": "agnostic",
  "initialization_description": "independent N(0, 2^2) coordinates in the intrinsic Rosenbrock frame",
  "transform_affine": false,
  "overlay_rosenbrock": {
    "a": 1.0,
    "b": 100.0,
    "sigma": 0.7
  },
  "summary": {
    "Dense-mass NUTS": {
      "distribution": "Paired Rosenbrock",
      "tau": 4.15353667729165,
      "tau_std": 0.3495059928111932,
      "ess": 38521.388501215646,
      "ess_by_coordinate": [
        55259.70866676427,
        46254.19834731624,
        51846.22674565288,
        47358.87101873056,
        50530.51700829704,
        46413.299311108116,
        60622.15810439191,
        50471.07137539006,
        43234.38328994324,
        38521.388501215646,
        51291.27845744659,
        44589.98426484397,
        52188.8215939035,
        46410.03014490678,
        57802.7095041354,
        49113.073752836346,
        49321.82203862215,
        44797.832572543964,
        51701.061830326245,
        42917.83505210336,
        49384.90481208338,
        43246.659518110406,
        54149.650965662004,
        44434.8427653351,
        54598.470958167694,
        52229.78272520949,
        49930.07982861834,
        42987.82603677189,
        41874.326366708796,
        41431.569571127504,
        54891.63443255956,
        51037.34220316425
      ],
      "ess_valid_fraction": [
        0.875,
        0.875,
        0.875,
        0.875,
        0.875,
        0.9375,
        0.875,
        0.875,
        0.875,
        0.875,
        0.875,
        0.875,
        0.875,
        0.875,
        0.875,
        0.875,
        0.875,
        0.875,
        0.875,
        0.9375,
        0.875,
        0.875,
        0.875,
        0.875,
        0.875,
        0.875,
        0.9375,
        0.875,
        0.9375,
        0.875,
        0.875,
        0.875
      ],
      "n_evaluations": 33430369.999999996,
      "evaluation_type": "gradient",
      "ess_per_eval": 0.0011522872316763364,
      "time": 265.01748275756836,
      "sigma": 0.7,
      "epsilon": 0.023902704939246178,
      "n_leapfrog": 208.9398125,
      "n_warmup": 1000,
      "target_accept": 0.8,
      "gamma": 0.05,
      "t0": 10,
      "kappa": 0.75
    },
    "Hamiltonian Walk Move": {
      "distribution": "Paired Rosenbrock",
      "tau": NaN,
      "tau_std": 76.57514021088143,
      "ess": 0.0,
      "ess_by_coordinate": [
        9277.70597805892,
        825.8267419678984,
        3715.9574402510184,
        1034.2443178193826,
        17351.079969010825,
        16539.84118077376,
        13664.737832004628,
        27138.708802828143,
        10570.386985577847,
        16205.01043742572,
        883.7171956800528,
        2836.3279241711243,
        5300.482373839818,
        6175.658487730487,
        11230.788394639323,
        18170.78282822377,
        8811.448238302324,
        0.0,
        9747.750122677535,
        9725.788225459513,
        19502.120886530192,
        13725.278167396711,
        16437.491523274235,
        19553.431335511472,
        0.0,
        5088.0840446160755,
        19025.536599990304,
        7147.419184688822,
        11129.700800533465,
        15845.630402223402,
        867.8322640614098,
        483.5801679968978
      ],
      "ess_valid_fraction": [
        1.0,
        0.9375,
        1.0,
        1.0,
        1.0,
        1.0,
        1.0,
        1.0,
        1.0,
        1.0,
        1.0,
        1.0,
        1.0,
        1.0,
        1.0,
        1.0,
        1.0,
        0.0,
        1.0,
        1.0,
        1.0,
        1.0,
        1.0,
        1.0,
        0.0,
        1.0,
        1.0,
        1.0,
        1.0,
        1.0,
        0.8125,
        0.6875
      ],
      "n_evaluations": 1760000.0,
      "evaluation_type": "gradient",
      "ess_per_eval": 0.0,
      "time": 22.246760368347168,
      "sigma": 0.7,
      "epsilon": 0.5932226181030273,
      "n_leapfrog": 10,
      "n_warmup": 1000,
      "target_accept": 0.651,
      "gamma": 0.05,
      "t0": 10,
      "kappa": 0.75
    },
    "Stretch Move": {
      "distribution": "Paired Rosenbrock",
      "tau": 2026.572270485558,
      "tau_std": 333.16797536979357,
      "ess": 78.95104572888718,
      "ess_by_coordinate": [
        333.245305367869,
        267.2352452785727,
        278.2884560525672,
        435.5520718187811,
        339.1937035132823,
        488.11648245526777,
        371.6011584811546,
        350.67447193920964,
        278.2961949089274,
        432.4699675178097,
        288.9053395657241,
        340.2832673870819,
        323.31497931989304,
        594.2134967206579,
        388.6997673768789,
        260.93342835406645,
        352.2854058875055,
        474.9084661758167,
        457.2702476121071,
        319.2309796008679,
        116.7748877102001,
        431.1379506073589,
        527.594285884538,
        209.8266744802067,
        436.30086296608334,
        550.7567458670632,
        622.8838690287532,
        303.0152325932217,
        78.95104572888718,
        343.90710646198363,
        355.9511403341098,
        392.287092842334
      ],
      "ess_valid_fraction": [
        0.4375,
        0.4375,
        0.3125,
        0.5,
        0.4375,
        0.625,
        0.5,
        0.5,
        0.4375,
        0.5625,
        0.4375,
        0.5,
        0.4375,
        0.6875,
        0.5625,
        0.3125,
        0.5,
        0.6875,
        0.5625,
        0.4375,
        0.1875,
        0.5,
        0.5625,
        0.3125,
        0.5,
        0.75,
        0.6875,
        0.4375,
        0.125,
        0.5,
        0.4375,
        0.5
      ],
      "n_evaluations": 160000.0,
      "evaluation_type": "function",
      "ess_per_eval": 0.0004934440358055448,
      "time": 2.0504589080810547,
      "sigma": 0.7,
      "epsilon": 0.0,
      "n_leapfrog": null,
      "n_warmup": null,
      "target_accept": null,
      "gamma": null,
      "t0": null,
      "kappa": null
    },
    "HMC": {
      "distribution": "Paired Rosenbrock",
      "tau": 2.212205327904999,
      "tau_std": 0.3117648743533008,
      "ess": 72326.01693059073,
      "ess_by_coordinate": [
        105285.89348929089,
        75411.01381790367,
        108019.55754419163,
        77388.56984757041,
        105570.47508757208,
        74145.44230220758,
        104827.3089034392,
        75788.11591655848,
        105434.93413299878,
        74145.02111162733,
        106268.32779656045,
        77939.86601865856,
        102044.21652681037,
        72498.6914509477,
        100803.01762488655,
        72326.01693059073,
        108848.30641467648,
        77491.77890516166,
        103559.94639416126,
        72431.42538842026,
        103481.8550947555,
        74290.10331155566,
        105819.67801169172,
        74004.10317247531,
        104015.2789925521,
        73168.62111646774,
        106318.15845128684,
        74739.61491204702,
        105139.06996854066,
        75076.23011873689,
        108063.2415259564,
        76481.75743670561
      ],
      "ess_valid_fraction": [
        1.0,
        1.0,
        1.0,
        1.0,
        1.0,
        1.0,
        1.0,
        1.0,
        1.0,
        1.0,
        1.0,
        1.0,
        1.0,
        1.0,
        1.0,
        1.0,
        1.0,
        1.0,
        1.0,
        1.0,
        1.0,
        1.0,
        1.0,
        1.0,
        1.0,
        1.0,
        1.0,
        1.0,
        1.0,
        1.0,
        1.0,
        1.0
      ],
      "n_evaluations": 160160000.0,
      "evaluation_type": "gradient",
      "ess_per_eval": 0.00045158601979639567,
      "time": 333.41709899902344,
      "sigma": 0.7,
      "epsilon": 0.005019009113311768,
      "n_leapfrog": 1000,
      "n_warmup": 1000,
      "target_accept": 0.651,
      "gamma": 0.05,
      "t0": 10,