{
  "dim": 32,
  "seed": 1,
  "n_samples": 10000,
  "burn_in": 1000,
  "n_thin": 1,
  "n_chains": 100,
  "af": true,
  "initialization_mode": "agnostic",
  "initialization_description": "independent N(0, 2^2) coordinates in the intrinsic Rosenbrock frame",
  "transform_affine": true,
  "overlay_rosenbrock": {
    "a": 1.0,
    "b": 100.0,
    "sigma": 0.7
  },
  "summary": {
    "Dense-mass NUTS": {
      "distribution": "Paired Rosenbrock",
      "tau": 7068.203717094803,
      "tau_std": 1295.242417229464,
      "ess": 141.47866134382207,
      "ess_by_coordinate": [
        864.7211866465843,
        983.9037545280572,
        946.5420225245674,
        1029.0127219131732,
        685.1428403227235,
        864.7967499751326,
        590.0115968993223,
        835.5243546749133,
        680.4235688479487,
        593.9900435728184,
        526.7815385019442,
        753.6018056464665,
        543.9118012608897,
        552.4390790538096,
        744.1036012169947,
        539.9789107817912,
        361.1387180215211,
        692.7163359754697,
        262.2168222271298,
        506.1157013000399,
        453.3742875367624,
        295.21255907060157,
        271.85884976857596,
        141.47866134382207,
        691.0347526429549,
        363.6893503023026,
        206.50978997898122,
        269.7786231414453,
        457.7439419821262,
        564.3477053610521,
        482.5067335482532,
        289.89133338400615
      ],
      "ess_valid_fraction": [
        0.13,
        0.14,
        0.13,
        0.12,
        0.1,
        0.12,
        0.1,
        0.13,
        0.12,
        0.08,
        0.12,
        0.14,
        0.1,
        0.1,
        0.14,
        0.11,
        0.06,
        0.16,
        0.06,
        0.12,
        0.1,
        0.06,
        0.07,
        0.04,
        0.17,
        0.08,
        0.04,
        0.07,
        0.1,
        0.11,
        0.1,
        0.07
      ],
      "n_evaluations": 254997130.9090909,
      "evaluation_type": "gradient",
      "ess_per_eval": 5.548245222973143e-07,
      "time": 276.43817353248596,
      "sigma": 0.7,
      "epsilon": 0.0008624003967270255,
      "n_leapfrog": 254.9971309090909,
      "n_warmup": 1000,
      "target_accept": 0.8,
      "cond": 100.0
    },
    "Hamiltonian Walk Move": {
      "distribution": "Paired Rosenbrock",
      "tau": 6716.40207441955,
      "tau_std": 1352.2969135262167,
      "ess": 148.88923994122592,
      "ess_by_coordinate": [
        645.0971104239921,
        453.4988203906595,
        690.7085721778993,
        197.74878436315936,
        569.1263051297966,
        433.18266661930744,
        337.9137625274087,
        150.18317926553536,
        557.0351188355407,
        255.52768051357128,
        247.91820969316558,
        473.6797810435785,
        148.88923994122592,
        292.8321602273917,
        289.13504698297294,
        351.6705902000658,
        170.56428617356522,
        376.7724505493226,
        387.9506246402857,
        445.2674830348663,
        567.1418132018708,
        383.7926004389641,
        479.918040099055,
        277.7847159499674,
        484.52778855059745,
        450.10561640623604,
        540.4636316526862,
        359.76364200774015,
        315.7108434891224,
        397.3175853565544,
        409.8775119286139,
        333.5539568903263
      ],
      "ess_valid_fraction": [
        0.15,
        0.11,
        0.17,
        0.06,
        0.15,
        0.12,
        0.08,
        0.04,
        0.14,
        0.07,
        0.07,
        0.14,
        0.04,
        0.07,
        0.07,
        0.08,
        0.04,
        0.1,
        0.11,
        0.11,
        0.14,
        0.09,
        0.11,
        0.07,
        0.13,
        0.11,
        0.14,
        0.09,
        0.09,
        0.11,
        0.11,
        0.09
      ],
      "n_evaluations": 1001000000.0,
      "evaluation_type": "gradient",
      "ess_per_eval": 1.4874049944178415e-07,
      "time": 708.2018799781799,
      "sigma": 0.7,
      "epsilon": 5.214010343479458e-07,
      "n_leapfrog": 1000,
      "n_warmup": 1000,
      "target_accept": 0.651,
      "cond": 100.0
    },
    "Stretch Move": {
      "distribution": "Paired Rosenbrock",
      "tau": 2844.8508060068116,
      "tau_std": 482.433924178311,
      "ess": 351.51228243271385,
      "ess_by_coordinate": [
        720.1243513897733,
        1061.6160375794348,
        592.1143404482904,
        1039.3573294581665,
        661.9706458352305,
        887.3513943019602,
        362.5463990270287,
        736.3224177785121,
        647.767296216059,
        1101.0989251838314,
        403.60058080546736,
        661.6543507686602,
        487.95595534620895,
        822.9036481702758,
        657.723216510005,
        779.7090890867446,
        575.4223722070228,
        1067.1600359713218,
        650.7279558995524,
        858.4415542182437,
        537.0198865415076,
        864.8454713036435,
        619.5571872630499,
        1126.0165899429248,
        351.51228243271385,
        759.1876688739533,
        631.6061110008096,
        819.0327046989034,
        649.1598257695581,
        930.1315321778338,
        610.9235145886112,
        810.828490266631
      ],
      "ess_valid_fraction": [
        0.18,
        0.24,
        0.15,
        0.24,
        0.15,
        0.21,
        0.09,
        0.17,
        0.17,
        0.23,
        0.11,
        0.16,
        0.12,
        0.18,
        0.15,
        0.19,
        0.15,
        0.21,
        0.14,
        0.19,
        0.13,
        0.21,
        0.15,
        0.27,
        0.09,
        0.18,
        0.16,
        0.21,
        0.17,
        0.21,
        0.16,
        0.19
      ],
      "n_evaluations": 1000000.0,
      "evaluation_type": "function",
      "ess_per_eval": 0.00035151228243271383,
      "time": 4.372076988220215,
      "sigma": 0.7,
      "epsilon": 0.0,
      "n_leapfrog": null,
      "n_warmup": null,
      "target_accept": null,
      "cond": 100.0
    },
    "HMC": {
      "distribution": "Paired Rosenbrock",
      "tau": 1983.6519303940195,
      "tau_std": 542.4606515929994,
      "ess": 504.12070014791686,
      "ess_by_coordinate": [
        8380.84100333272,
        7120.130709565223,
        5438.880124521009,
        4831.771571527128,
        3413.66133782888,
        3323.389942724146,
        2541.8325378894874,
        2854.388795403329,
        2157.5372026638875,
        2363.067098641396,
        1573.8010770639305,
        1880.2273726381034,
        1545.3012301547535,
        2113.6954978509957,
        869.3344004648064,
        1178.8099846011044,
        922.4675911286455,
        1521.7465581002193,
        796.7312128255484,
        947.597767375017,
        658.0533292836676,
        1385.600665780953,
        665.8881471723696,
        1145.8766283547557,
        675.4203142739166,
        1019.9315104783377,
        514.5568854344945,
        965.071326851776,
        504.12070014791686,
        638.8174038824058,
        578.872729956885,
        707.5135933297596
      ],
      "ess_valid_fraction": [
        0.89,
        0.84,
        0.79,
        0.76,
        0.63,
        0.6,
        0.51,
        0.56,
        0.43,
        0.48,
        0.33,
        0.36,
        0.32,
        0.4,
        0.18,
        0.27,
        0.23,
        0.31,
        0.17,
        0.21,
        0.17,
        0.33,
        0.15,
        0.25,
        0.16,
        0.23,
        0.12,
        0.21,
        0.12,
        0.14,
        0.14,
        0.18
      ],
      "n_evaluations": 38000000.0,
      "evaluation_type": "gradient",
      "ess_per_eval": 1.3266334214418866e-05,
      "time": 24.129399299621582,
      "sigma": 0.7,
      "epsilon": 0.02260209061205387,
      "n_leapfrog": 37,
      "n_warmup": 1000,
      "target_accept": 0.651,
      "cond": 100.0
    }
  }
}