{
  "dim": 32,
  "seed": 1,
  "n_samples": 10000,
  "burn_in": 2000,
  "n_thin": 1,
  "n_chains": 100,
  "hwm_walkers_requested": 300,
  "jax_enable_x64": true,
  "af": true,
  "initialization_mode": "agnostic",
  "initialization_description": "independent N(0, 2^2) coordinates in the intrinsic Rosenbrock frame",
  "transform_affine": true,
  "overlay_rosenbrock": {
    "a": 1.0,
    "b": 100.0,
    "sigma": 1.5
  },
  "summary": {
    "Dense-mass NUTS": {
      "distribution": "Paired Rosenbrock",
      "tau": 22.362149584980767,
      "tau_std": 4.788694521178346,
      "ess": 44718.42012324416,
      "ess_by_coordinate": [
        278580.7066321978,
        223168.49599781228,
        273559.9566227749,
        217381.926413262,
        266728.6904181214,
        214015.1888515586,
        262290.74732469436,
        206106.42152279723,
        269933.4350882757,
        225601.14595812533,
        249455.83879128564,
        199502.1828486162,
        248204.86603168998,
        196671.64065011175,
        234739.0198922598,
        188460.4817812737,
        211582.5751958696,
        175123.08530589208,
        188971.5413693677,
        149536.99929745737,
        147950.67615121944,
        127094.21879566695,
        137574.35884101273,
        111296.76304887167,
        119686.23785221898,
        101916.38608603724,
        90202.52357776869,
        84105.93868485585,
        67103.98195787835,
        60906.09437900572,
        50067.58343866557,
        44718.42012324416
      ],
      "ess_valid_fraction": [
        1.0,
        1.0,
        1.0,
        1.0,
        1.0,
        1.0,
        1.0,
        1.0,
        1.0,
        1.0,
        1.0,
        1.0,
        1.0,
        1.0,
        1.0,
        1.0,
        1.0,
        1.0,
        1.0,
        1.0,
        1.0,
        1.0,
        1.0,
        1.0,
        1.0,
        1.0,
        1.0,
        1.0,
        1.0,
        1.0,
        0.99,
        1.0
      ],
      "n_evaluations": 252458741.66666666,
      "evaluation_type": "gradient",
      "ess_per_eval": 0.0001771315971394963,
      "time": 336.2766752243042,
      "sigma": 1.5,
      "epsilon": 0.017233031365578987,
      "n_leapfrog": 252.45874166666667,
      "n_warmup": 2000,
      "target_accept": 0.8,
      "cond": 100.0,
      "mean_mse": 0.0008040656359261146,
      "cov_mse": 0.001676306245466845,
      "acceptance_rate_mean": 0.8934431988467243,
      "acceptance_rate_min": 0.803496874111834,
      "acceptance_rate_max": 0.9493309026057997,
      "n_divergent": 541,
      "actual_n_chains": 100,
      "diagnostic_draws_per_chain": 200,
      "sample_finite_fraction": 1.0,
      "finite_draw_fraction": 1.0,
      "sample_covariance_rank": 32,
      "sample_covariance_full_rank": true
    },
    "Hamiltonian Walk Move": {
      "distribution": "Paired Rosenbrock",
      "tau": 6.213097604294466,
      "tau_std": 0.8507942173708677,
      "ess": 482850.9370151232,
      "ess_by_coordinate": [
        683989.8114813676,
        495705.9987340662,
        676430.4987483082,
        490518.1164171208,
        694979.052957729,
        507038.04458611575,
        662910.6630121245,
        492471.7332549718,
        670674.3632761537,
        487445.50161849445,
        681541.4137462992,
        491423.73949268804,
        663125.8696063322,
        487492.64873635676,
        683682.449827256,
        483387.551814088,
        755414.3979647981,
        557433.6654421947,
        691337.9633406053,
        486024.5413581774,
        672628.4156020686,
        482850.9370151232,
        682960.6610392361,
        485864.324695169,
        709567.629646593,
        523319.7811976783,
        665298.5788383745,
        488515.1568995592,
        693068.0778369384,
        502639.04478252213,
        685587.5858088012,
        489969.77179015597
      ],
      "ess_valid_fraction": [
        0.9933333333333333,
        0.9966666666666667,
        0.9933333333333333,
        0.9966666666666667,
        1.0,
        0.9966666666666667,
        0.9933333333333333,
        0.9966666666666667,
        0.9933333333333333,
        0.9966666666666667,
        0.9966666666666667,
        0.9966666666666667,
        0.9933333333333333,
        0.9933333333333333,
        0.9966666666666667,
        0.9966666666666667,
        0.9966666666666667,
        0.9933333333333333,
        0.9933333333333333,
        0.9933333333333333,
        1.0,
        1.0,
        0.9966666666666667,
        0.9966666666666667,
        0.9933333333333333,
        0.9933333333333333,
        1.0,
        1.0,
        0.9966666666666667,
        0.9966666666666667,
        0.9933333333333333,
        0.9966666666666667
      ],
      "n_evaluations": 426175000.0,
      "evaluation_type": "gradient",
      "ess_per_eval": 0.001132987474664453,
      "time": 174.8721570968628,
      "sigma": 1.5,
      "epsilon": 0.021424970870801946,
      "n_leapfrog": 141.05833333333334,
      "n_warmup": 2000,
      "target_accept": 0.651,
      "cond": 100.0,
      "mean_mse": 0.0005115964082860269,
      "cov_mse": 0.00610730165282319,
      "acceptance_rate_mean": 0.6422058333333333,
      "acceptance_rate_min": 0.6422058333333333,
      "acceptance_rate_max": 0.6422058333333333,
      "n_divergent": null,
      "actual_n_chains": 300,
      "diagnostic_draws_per_chain": 200,
      "sample_finite_fraction": 1.0,
      "finite_draw_fraction": 1.0,
      "sample_covariance_rank": 32,
      "sample_covariance_full_rank": true
    },
    "Stretch Move": {
      "distribution": "Paired Rosenbrock",
      "tau": 4266.55571609131,
      "tau_std": 743.7068182837198,
      "ess": 234.38109485562347,
      "ess_by_coordinate": [
        545.3662067018923,
        760.1946247667003,
        464.0956280803115,
        787.8197124580278,
        755.8315202255637,
        971.4349454539947,
        430.64250829079776,
        1035.524403430965,
        342.19377095254214,
        630.5665594458123,
        775.4692336940062,
        842.9677295617917,
        288.3022245881725,
        580.1019573962444,
        543.6465483714553,
        1045.6644145156088,
        607.8059363342254,
        1050.8040750459631,
        563.2597871196458,
        720.9154009519116,
        577.3057078033565,
        880.5268616947318,
        234.38109485562347,
        784.7988490278145,
        684.2857637013483,
        521.4624478251102,
        603.2856624558997,
        1129.4639056458313,
        387.45179238318025,
        1053.7314688229067,
        504.91152005816133,
        666.7334659739628
      ],
      "ess_valid_fraction": [
        0.15,
        0.17,
        0.12,
        0.2,
        0.17,
        0.23,
        0.11,
        0.24,
        0.09,
        0.14,
        0.19,
        0.2,
        0.08,
        0.16,
        0.12,
        0.25,
        0.16,
        0.24,
        0.14,
        0.19,
        0.15,
        0.2,
        0.06,
        0.17,
        0.17,
        0.14,
        0.15,
        0.26,
        0.1,
        0.21,
        0.11,
        0.15
      ],
      "n_evaluations": 1000000.0,
      "evaluation_type": "function",
      "ess_per_eval": 0.00023438109485562347,
      "time": 4.826995611190796,
      "sigma": 1.5,
      "epsilon": 0.0,
      "n_leapfrog": null,
      "n_warmup": null,
      "target_accept": null,
      "cond": 100.0,
      "mean_mse": 4.3548523059145285,
      "cov_mse": 0.9616721476044147,
      "acceptance_rate_mean": 0.16854,
      "acceptance_rate_min": 0.12983333333333333,
      "acceptance_rate_max": 0.20575,
      "n_divergent": null,
      "actual_n_chains": 100,
      "diagnostic_draws_per_chain": 200,
      "sample_finite_fraction": 1.0,
      "finite_draw_fraction": 1.0,
      "sample_covariance_rank": 32,
      "sample_covariance_full_rank": true
    },
    "HMC": {
      "distribution": "Paired Rosenbrock",
      "tau": 3552.062132109665,
      "tau_std": 807.2471458387853,
      "ess": 281.52660702645795,