{
  "dim": 64,
  "seed": 2,
  "condition_number": 50.0,
  "n_samples": 10000,
  "burn_in": 1000,
  "n_thin": 1,
  "n_chains": 16,
  "af": false,
  "transform_affine": false,
  "summary": {
    "Dense-mass NUTS": {
      "distribution": "Gaussian",
      "tau": 1.017238205870396,
      "tau_std": 0.002482198588016145,
      "ess": 157288.6262791286,
      "ess_by_coordinate": [
        157288.6262791286,
        159430.91661794373,
        160000.0,
        160000.0,
        160000.0,
        160000.0,
        160000.0,
        160000.0,
        160000.0,
        160000.0,
        160000.0,
        160000.0,
        160000.0,
        160000.0,
        160000.0,
        160000.0,
        159809.89385129116,
        160000.0,
        160000.0,
        159349.6298616577,
        160000.0,
        160000.0,
        160000.0,
        160000.0,
        160000.0,
        160000.0,
        160000.0,
        160000.0,
        159762.0829918589,
        160000.0,
        160000.0,
        160000.0,
        160000.0,
        160000.0,
        160000.0,
        160000.0,
        160000.0,
        160000.0,
        160000.0,
        159130.3039195831,
        160000.0,
        160000.0,
        159647.78232351993,
        160000.0,
        159748.37778984924,
        160000.0,
        160000.0,
        160000.0,
        160000.0,
        160000.0,
        160000.0,
        160000.0,
        159125.31009746535,
        160000.0,
        159683.77224081982,
        159239.56932316977,
        160000.0,
        159415.9486241961,
        160000.0,
        160000.0,
        160000.0,
        160000.0,
        160000.0,
        160000.0
      ],
      "ess_valid_fraction": [
        1.0,
        1.0,
        1.0,
        1.0,
        1.0,
        1.0,
        1.0,
        1.0,
        1.0,
        1.0,
        1.0,
        1.0,
        1.0,
        1.0,
        1.0,
        1.0,
        1.0,
        1.0,
        1.0,
        1.0,
        1.0,
        1.0,
        1.0,
        1.0,
        1.0,
        1.0,
        1.0,
        1.0,
        1.0,
        1.0,
        1.0,
        1.0,
        1.0,
        1.0,
        1.0,
        1.0,
        1.0,
        1.0,
        1.0,
        1.0,
        1.0,
        1.0,
        1.0,
        1.0,
        1.0,
        1.0,
        1.0,
        1.0,
        1.0,
        1.0,
        1.0,
        1.0,
        1.0,
        1.0,
        1.0,
        1.0,
        1.0,
        1.0,
        1.0,
        1.0,
        1.0,
        1.0,
        1.0,
        1.0
      ],
      "n_evaluations": 1803789.090909091,
      "evaluation_type": "gradient",
      "ess_per_eval": 0.08719901183117632,
      "time": 120.95540070533752,
      "sigma": 0.0,
      "epsilon": 0.3990718126296997,
      "n_leapfrog": 11.273681818181819,
      "n_warmup": 1000,
      "target_accept": 0.8,
      "gamma": 0.05,
      "t0": 10,
      "kappa": 0.75
    },
    "Hamiltonian Walk Move": {
      "distribution": "Gaussian",
      "tau": 25.991610468448837,
      "tau_std": 1.5113942131257456,
      "ess": 6155.832482724519,
      "ess_by_coordinate": [
        7739.2598358448395,
        7889.372331721688,
        7197.407476189218,
        7296.212241284606,
        6872.6814430495515,
        6913.389117233741,
        6439.776460842018,
        7043.36056707881,
        6155.832482724519,
        7544.178236242067,
        6352.834828100209,
        6770.861353095461,
        7176.997919346986,
        7636.303776883704,
        6817.207674002382,
        6792.800068682539,
        7391.283454471053,
        7584.267004766674,
        6580.827361142556,
        7341.558125254343,
        6905.0035497494655,
        6990.413571382117,
        6834.413338453171,
        7280.9343450292845,
        7985.371195255783,
        6175.308754905323,
        7052.803513585499,
        6904.672871379635,
        8192.782537053135,
        7592.602585981753,
        6824.90638581876,
        6630.337528519496,
        7247.14626542366,
        6470.653846124692,
        7324.975141321763,
        6611.883857473019,
        6317.918651216089,
        7450.6256771689905,
        6966.925566635093,
        7407.632770022555,
        7590.327827305698,
        6280.9894704634435,
        8107.836267894172,
        7745.3605540306,
        7368.6612519336695,
        6709.819197886809,
        7223.284298652328,
        6808.069530242914,
        6877.578118040135,
        7304.440276652214,
        7278.30138203987,
        6792.897547725005,
        7415.522252913257,
        6965.780763936471,
        6783.497760910953,
        6640.26220564142,
        8090.660269358028,
        6925.736377382329,
        7100.788222942336,
        7004.085690538126,
        6514.926148090424,
        6834.784053642583,
        6934.563401013824,
        6680.137994265324
      ],
      "ess_valid_fraction": [
        1.0,
        1.0,
        1.0,
        1.0,
        1.0,
        1.0,
        1.0,
        1.0,
        1.0,
        1.0,
        1.0,
        1.0,
        1.0,
        1.0,
        1.0,
        1.0,
        1.0,
        1.0,
        1.0,
        1.0,
        1.0,
        1.0,
        1.0,
        1.0,
        1.0,
        1.0,
        1.0,
        1.0,
        1.0,
        1.0,
        1.0,
        1.0,
        1.0,
        1.0,
        1.0,
        1.0,
        1.0,
        1.0,
        1.0,
        1.0,
        1.0,
        1.0,
        1.0,
        1.0,
        1.0,
        1.0,
        1.0,
        1.0,
        1.0,
        1.0,
        1.0,
        1.0,
        1.0,
        1.0,
        1.0,
        1.0,
        1.0,
        1.0,
        1.0,
        1.0,
        1.0,
        1.0,
        1.0,
        1.0
      ],
      "n_evaluations": 3520000.0,
      "evaluation_type": "gradient",
      "ess_per_eval": 0.0017488160462285564,
      "time": 28.543503761291504,
      "sigma": 0.0,
      "epsilon": 0.3548491597175598,
      "n_leapfrog": 21,
      "n_warmup": 1000,
      "target_accept": 0.651,
      "gamma": 0.05,
      "t0": 10,
      "kappa": 0.75
    },
    "Stretch Move": {
      "distribution": "Gaussian",
      "tau": 1616.986400356125,
      "tau_std": 267.7115691309299,
      "ess": 98.94950258379515,