{
  "dim": 64,
  "seed": 2,
  "condition_number": 50.0,
  "n_samples": 10000,
  "burn_in": 2000,
  "n_thin": 1,
  "n_chains": 150,
  "hwm_walkers_requested": 300,
  "jax_enable_x64": true,
  "af": false,
  "transform_affine": false,
  "summary": {
    "Dense-mass NUTS": {
      "distribution": "Gaussian",
      "tau": 1.0011179974795021,
      "tau_std": 0.00029567733942697594,
      "ess": 1498324.8765645255,
      "ess_by_coordinate": [
        1500000.0,
        1499690.0922867572,
        1500000.0,
        1498996.472812016,
        1499645.2610730114,
        1500000.0,
        1499947.1343838824,
        1499755.7051267368,
        1498851.0999146285,
        1499848.6293451702,
        1499290.8071280778,
        1500000.0,
        1499887.5533345737,
        1499064.470904623,
        1500000.0,
        1499341.1798008762,
        1500000.0,
        1499188.5408447743,
        1499796.443512137,
        1499999.0967738116,
        1500000.0,
        1499052.27826697,
        1500000.0,
        1500000.0,
        1499680.926013375,
        1499903.5810087994,
        1499959.1166393931,
        1499627.513792306,
        1500000.0,
        1500000.0,
        1500000.0,
        1498487.4624721576,
        1499564.52576339,
        1500000.0,
        1500000.0,
        1500000.0,
        1500000.0,
        1500000.0,
        1500000.0,
        1500000.0,
        1499639.668294388,
        1498324.8765645255,
        1499292.4058768377,
        1500000.0,
        1499430.5844805483,
        1499420.57985723,
        1500000.0,
        1500000.0,
        1500000.0,
        1500000.0,
        1499736.6651100065,
        1500000.0,
        1499430.7228227588,
        1500000.0,
        1500000.0,
        1500000.0,
        1500000.0,
        1499886.395385893,
        1498545.4946703436,
        1500000.0,
        1498866.1802113636,
        1500000.0,
        1499421.0085425484,
        1498734.068771097
      ],
      "ess_valid_fraction": [
        1.0,
        1.0,
        1.0,
        1.0,
        1.0,
        1.0,
        1.0,
        1.0,
        1.0,
        1.0,
        1.0,
        1.0,
        1.0,
        1.0,
        1.0,
        1.0,
        1.0,
        1.0,
        1.0,
        1.0,
        1.0,
        1.0,
        1.0,
        1.0,
        1.0,
        1.0,
        1.0,
        1.0,
        1.0,
        1.0,
        1.0,
        1.0,
        1.0,
        1.0,
        1.0,
        1.0,
        1.0,
        1.0,
        1.0,
        1.0,
        1.0,
        1.0,
        1.0,
        1.0,
        1.0,
        1.0,
        1.0,
        1.0,
        1.0,
        1.0,
        1.0,
        1.0,
        1.0,
        1.0,
        1.0,
        1.0,
        1.0,
        1.0,
        1.0,
        1.0,
        1.0,
        1.0,
        1.0,
        1.0
      ],
      "n_evaluations": 13255280.0,
      "evaluation_type": "gradient",
      "ess_per_eval": 0.11303607894850395,
      "time": 186.41763472557068,
      "sigma": 0.0,
      "epsilon": 0.4812352817651489,
      "n_leapfrog": 8.836853333333334,
      "n_warmup": 2000,
      "target_accept": 0.8,
      "gamma": 0.05,
      "t0": 10,
      "kappa": 0.75,
      "mean_mse": 5.020587360729787e-06,
      "cov_mse": 8.455857008624786e-05,
      "acceptance_rate_mean": 0.862725528723719,
      "acceptance_rate_min": 0.8033537450664628,
      "acceptance_rate_max": 0.9046430395752371,
      "n_divergent": 0,
      "actual_n_chains": 150,
      "diagnostic_draws_per_chain": 200,
      "sample_finite_fraction": 1.0,
      "finite_draw_fraction": 1.0,
      "sample_covariance_rank": 64,
      "sample_covariance_full_rank": true
    },
    "Hamiltonian Walk Move": {
      "distribution": "Gaussian",
      "tau": 1.2234830028743666,
      "tau_std": 0.004457249799555426,
      "ess": 2452016.082734298,
      "ess_by_coordinate": [
        2484058.6774030244,
        2466215.322975377,
        2479011.071429454,
        2468598.421146485,
        2463205.1030133683,
        2473249.774989823,
        2472033.0933923773,
        2469946.5570834577,
        2472322.2238749648,
        2483887.247665508,
        2488865.241590658,
        2475205.019461019,
        2485726.39247452,
        2466938.3635424655,
        2485319.957937376,
        2477578.9462073543,
        2482261.5668373536,
        2468042.0284390477,
        2468890.202176729,
        2470465.22792411,
        2476325.1969789416,
        2481354.6694933027,
        2468362.313789626,
        2484381.9297380066,
        2456610.0654817894,
        2485213.265993435,
        2469869.331164597,
        2487114.02174259,
        2490795.3552922,
        2481908.6998699633,
        2468103.8823537203,
        2484483.3461821377,
        2468743.9058691785,
        2472888.963390113,
        2460214.812295314,
        2481005.500014366,
        2475617.7665607473,
        2455992.557550245,
        2462805.8545448,
        2474302.752229674,
        2469112.828535809,
        2464257.8708385066,
        2471660.4615946626,
        2468325.897649539,
        2471004.370134185,
        2481636.6592140375,
        2478011.6562082255,
        2477235.8211890357,
        2466014.1215781188,
        2481146.853345112,
        2492438.91676302,
        2469951.965871228,
        2478894.20289322,
        2462009.9632061897,
        2462840.330062502,
        2476620.8238837114,
        2465712.173454527,
        2464538.686516323,
        2463719.044222521,
        2461243.01623378,
        2452016.082734298,
        2466303.440851,
        2468847.6829829565,
        2460479.7267741626
      ],
      "ess_valid_fraction": [
        1.0,
        1.0,
        1.0,
        1.0,
        1.0,
        1.0,
        1.0,
        1.0,
        1.0,
        1.0,
        1.0,
        1.0,
        1.0,
        1.0,
        1.0,
        1.0,
        1.0,
        1.0,
        1.0,
        1.0,
        1.0,
        1.0,
        1.0,
        1.0,
        1.0,
        1.0,
        1.0,
        1.0,
        1.0,
        1.0,
        1.0,
        1.0,
        1.0,
        1.0,
        1.0,
        1.0,
        1.0,
        1.0,
        1.0,
        1.0,
        1.0,
        1.0,
        1.0,
        1.0,
        1.0,
        1.0,
        1.0,
        1.0,
        1.0,
        1.0,
        1.0,
        1.0,
        1.0,
        1.0,
        1.0,
        1.0,
        1.0,
        1.0,
        1.0,
        1.0,
        1.0,
        1.0,
        1.0,
        1.0
      ],
      "n_evaluations": 15691250.0,
      "evaluation_type": "gradient",
      "ess_per_eval": 0.15626645950668672,
      "time": 34.04968333244324,
      "sigma": 0.0,
      "epsilon": 0.7127309674154856,
      "n_leapfrog": 4.230416666666667,
      "n_warmup": 2000,
      "target_accept": 0.651,
      "gamma": 0.05,
      "t0": 10,
      "kappa": 0.75,
      "mean_mse": 3.1054934036861035e-06,
      "cov_mse": 5.665942782514323e-05,
      "acceptance_rate_mean": 0.6537597222222223,
      "acceptance_rate_min": 0.6537597222222222,
      "acceptance_rate_max": 0.6537597222222222,
      "n_divergent": null,
      "actual_n_chains": 300,
      "diagnostic_draws_per_chain": 200,
      "sample_finite_fraction": 1.0,
      "finite_draw_fraction": 1.0,
      "sample_covariance_rank": 64,
      "sample_covariance_full_rank": true
    },
    "Stretch Move": {
      "distribution": "Gaussian",
      "tau": 519.9109866974409,
      "tau_std": 37.0366416416923,
      "ess": 2885.1092559675335,