{
  "dim": 4,
  "seed": 1,
  "condition_number": 50,
  "n_samples": 10000,
  "burn_in": 2000,
  "n_thin": 1,
  "n_chains": 150,
  "hwm_walkers_requested": 300,
  "jax_enable_x64": true,
  "af": false,
  "initialization_mode": "agnostic",
  "initialization_description": "independent N(0, 2^2) coordinates in the intrinsic Rosenbrock frame",
  "transform_affine": false,
  "overlay_rosenbrock": {
    "a": 1.0,
    "b": 100.0,
    "sigma": 1.5
  },
  "summary": {
    "Dense-mass NUTS": {
      "distribution": "Paired Rosenbrock",
      "tau": 12.884375203086261,
      "tau_std": 0.22122034401683563,
      "ess": 116420.08062918698,
      "ess_by_coordinate": [
        121036.38286659252,
        116420.08062918698,
        121656.04048648498,
        120848.08745173895
      ],
      "ess_valid_fraction": [
        0.9733333333333334,
        0.98,
        0.9466666666666667,
        0.9533333333333334
      ],
      "n_evaluations": 91666714.16666667,
      "evaluation_type": "gradient",
      "ess_per_eval": 0.0012700365851176275,
      "time": 379.82470178604126,
      "sigma": 1.5,
      "epsilon": 0.01309850703727336,
      "n_leapfrog": 61.11114277777778,
      "n_warmup": 2000,
      "target_accept": 0.8,
      "gamma": 0.05,
      "t0": 10,
      "kappa": 0.75,
      "mean_mse": 0.015875098538196922,
      "cov_mse": 0.026192524704781388,
      "acceptance_rate_mean": 0.8295069384754343,
      "acceptance_rate_min": 0.27366064071101126,
      "acceptance_rate_max": 0.9843338592310366,
      "n_divergent": 27676,
      "actual_n_chains": 150,
      "diagnostic_draws_per_chain": 200,
      "sample_finite_fraction": 1.0,
      "finite_draw_fraction": 1.0,
      "sample_covariance_rank": 4,
      "sample_covariance_full_rank": true
    },
    "Hamiltonian Walk Move": {
      "distribution": "Paired Rosenbrock",
      "tau": 904.7599903102274,
      "tau_std": 128.16643927660158,
      "ess": 3315.7964898197465,
      "ess_by_coordinate": [
        3315.7964898197465,
        4850.831648642696,
        3657.8966774658447,
        4932.902728844306
      ],
      "ess_valid_fraction": [
        0.25666666666666665,
        0.3433333333333333,
        0.2733333333333333,
        0.3566666666666667
      ],
      "n_evaluations": 3000000.0,
      "evaluation_type": "gradient",
      "ess_per_eval": 0.0011052654966065823,
      "time": 19.11137056350708,
      "sigma": 1.5,
      "epsilon": 0.06400741446738495,
      "n_leapfrog": 0.0,
      "n_warmup": 2000,
      "target_accept": 0.651,
      "gamma": 0.05,
      "t0": 10,
      "kappa": 0.75,
      "mean_mse": 0.41044696638844796,
      "cov_mse": 0.33104226612310383,
      "acceptance_rate_mean": 0.5164463888888889,
      "acceptance_rate_min": 0.5164463888888888,
      "acceptance_rate_max": 0.5164463888888888,
      "n_divergent": null,
      "actual_n_chains": 300,
      "diagnostic_draws_per_chain": 200,
      "sample_finite_fraction": 1.0,
      "finite_draw_fraction": 1.0,
      "sample_covariance_rank": 4,
      "sample_covariance_full_rank": true
    },
    "Stretch Move": {
      "distribution": "Paired Rosenbrock",
      "tau": 1038.0786947828742,
      "tau_std": 209.93350913749424,
      "ess": 1444.9771559118085,
      "ess_by_coordinate": [
        1444.9771559118085,
        2600.3936509281652,
        1511.2840375453425,
        2424.820725597021
      ],
      "ess_valid_fraction": [
        0.22666666666666666,
        0.35333333333333333,
        0.24666666666666667,
        0.35333333333333333
      ],
      "n_evaluations": 1500000.0,
      "evaluation_type": "function",
      "ess_per_eval": 0.0009633181039412057,
      "time": 1.5168516635894775,
      "sigma": 1.5,
      "epsilon": 0.0,
      "n_leapfrog": null,
      "n_warmup": null,
      "target_accept": null,
      "gamma": null,
      "t0": null,
      "kappa": null,
      "mean_mse": 0.193587021276364,
      "cov_mse": 0.1545168450554131,
      "acceptance_rate_mean": 0.15120555555555554,
      "acceptance_rate_min": 0.05483333333333333,
      "acceptance_rate_max": 0.19566666666666666,
      "n_divergent": null,
      "actual_n_chains": 150,
      "diagnostic_draws_per_chain": 200,
      "sample_finite_fraction": 1.0,
      "finite_draw_fraction": 1.0,
      "sample_covariance_rank": 4,
      "sample_covariance_full_rank": true
    },
    "HMC": {
      "distribution": "Paired Rosenbrock",
      "tau": 211.54553385669976,
      "tau_std": 12.734199034634878,
      "ess": 7090.672030051435,
      "ess_by_coordinate": [
        7488.36250858096,
        8506.918678731838,
        7090.672030051435,
        7703.963268452925
      ],
      "ess_valid_fraction": [
        0.76,
        0.6933333333333334,
        0.6733333333333333,
        0.6466666666666666
      ],
      "n_evaluations": 7968375.0,
      "evaluation_type": "gradient",
      "ess_per_eval": 0.0008898516987530626,
      "time": 12.8455171585083,
      "sigma": 1.5,
      "epsilon": 0.0752050628892064,
      "n_leapfrog": 4.31225,
      "n_warmup": 2000,
      "target_accept": 0.651,
      "gamma": 0.05,
      "t0": 10,
      "kappa": 0.75,
      "mean_mse": 1.4322996649291728,
      "cov_mse": 0.7024794989862124,
      "acceptance_rate_mean": 0.5973333333333332,
      "acceptance_rate_min": 0.5973333333333333,
      "acceptance_rate_max": 0.5973333333333333,
      "n_divergent": null,
      "actual_n_chains": 150,
      "diagnostic_draws_per_chain": 200,
      "sample_finite_fraction": 1.0,
      "finite_draw_fraction": 1.0,
      "sample_covariance_rank": 4,
      "sample_covariance_full_rank": true
    }
  }
}