{
  "dim": 32,
  "seed": 0,
  "n_samples": 10000,
  "burn_in": 1000,
  "n_thin": 1,
  "n_chains": 100,
  "cond": 1000.0,
  "af": true,
  "transform_affine": true,
  "summary": {
    "Dense-mass NUTS": {
      "distribution": "Gaussian",
      "tau": 6.002477241264758,
      "tau_std": 1.105408558081003,
      "ess": 166597.88280834764,
      "ess_by_coordinate": [
        998960.7340441184,
        995571.9674292359,
        997204.5129001554,
        997853.8902402769,
        998718.8806712581,
        998758.8134382619,
        998197.987946532,
        998075.0121082382,
        993286.4865306853,
        998112.8421270392,
        998768.3695445646,
        998794.0927576007,
        997598.5969976601,
        994960.2978597743,
        997844.5358610337,
        997462.1379577608,
        997884.4121526071,
        997151.6820594852,
        992885.9066856855,
        993306.7563435974,
        990757.9945628637,
        957972.041825322,
        920102.5812343905,
        865099.6019782509,
        815675.0019797509,
        696230.9879140599,
        616491.9510012018,
        461447.0840103826,
        422432.9415595104,
        296847.0130526565,
        227347.20416047302,
        166597.88280834764
      ],
      "ess_valid_fraction": [
        1.0,
        1.0,
        1.0,
        1.0,
        1.0,
        1.0,
        1.0,
        1.0,
        1.0,
        1.0,
        1.0,
        1.0,
        1.0,
        1.0,
        1.0,
        1.0,
        1.0,
        1.0,
        1.0,
        1.0,
        1.0,
        1.0,
        1.0,
        1.0,
        1.0,
        1.0,
        1.0,
        1.0,
        1.0,
        1.0,
        1.0,
        1.0
      ],
      "n_evaluations": 58895647.27272727,
      "evaluation_type": "gradient",
      "ess_per_eval": 0.0028286960161399547,
      "time": 938.2613162994385,
      "sigma": 0.0,
      "epsilon": 0.4515010416507721,
      "n_leapfrog": 58.895647272727274,
      "n_warmup": 1000,
      "target_accept": 0.8,
      "gamma": 0.05,
      "t0": 10,
      "kappa": 0.75
    },
    "Hamiltonian Walk Move": {
      "distribution": "Gaussian",
      "tau": 1.330790812456671,
      "tau_std": 0.011980051953986944,
      "ess": 751432.9003774655,
      "ess_by_coordinate": [
        753530.8647870548,
        765013.7674994159,
        765830.3387511318,
        772806.6966766518,
        774918.6477740742,
        778643.7894566813,
        780488.1521955825,
        774503.7069503132,
        775640.0139547792,
        774473.778660376,
        773588.0697556494,
        774248.7213892746,
        779491.5663853463,
        770398.444160512,
        765810.6912238083,
        773845.9834876907,
        760643.3105894305,
        772174.584731883,
        763456.5381564491,
        768556.4368857902,
        778685.2848050444,
        762846.7453508991,
        766724.107112058,
        778217.1858574642,
        776455.6471424443,
        768834.142954219,
        769295.8830420213,
        764424.3351733657,
        765366.0199637504,
        762582.7609563348,
        751432.9003774655,
        769533.5462297143
      ],
      "ess_valid_fraction": [
        1.0,
        1.0,
        1.0,
        1.0,
        1.0,
        1.0,
        1.0,
        1.0,
        1.0,
        1.0,
        1.0,
        1.0,
        1.0,
        1.0,
        1.0,
        1.0,
        1.0,
        1.0,
        1.0,
        1.0,
        1.0,
        1.0,
        1.0,
        1.0,
        1.0,
        1.0,
        1.0,
        1.0,
        1.0,
        1.0,
        1.0,
        1.0
      ],
      "n_evaluations": 11000000.0,
      "evaluation_type": "gradient",
      "ess_per_eval": 0.06831208185249686,
      "time": 24.409903049468994,
      "sigma": 0.0,
      "epsilon": 0.5907513499259949,
      "n_leapfrog": 10,
      "n_warmup": 1000,
      "target_accept": 0.651,
      "gamma": 0.05,
      "t0": 10,
      "kappa": 0.75
    },
    "Stretch Move": {
      "distribution": "Gaussian",
      "tau": 278.16952297317897,
      "tau_std": 18.688639811337698,
      "ess": 3594.9301322144474,
      "ess_by_coordinate": [
        4172.181172041412,
        3606.98690679804,
        4771.612281752611,
        4551.654849137474,
        4752.614487198538,
        4500.156516675273,
        4094.4934127948386,
        4311.177250393498,
        4566.211558741469,
        4324.2477360493995,
        4411.723236457011,
        4860.932974008994,
        4188.022311796271,
        4701.223198697912,
        3804.6411553578682,
        4712.386741908338,
        3780.174169375413,
        4829.432074502774,
        4349.779012411165,
        4635.827764824113,
        4311.237621088747,
        4233.299128932802,
        4250.629935426984,
        4544.467159450266,
        4469.534954273363,
        4102.0881478095125,
        4435.84762979831,
        4560.061508761829,
        4475.206668242017,
        4039.9524020614135,
        3594.9301322144474,
        4145.117983715326
      ],
      "ess_valid_fraction": [
        0.75,
        0.67,
        0.83,
        0.81,
        0.83,
        0.77,
        0.72,
        0.77,
        0.78,
        0.8,
        0.77,
        0.8,
        0.73,
        0.8,
        0.7,
        0.79,
        0.71,
        0.79,
        0.75,
        0.8,
        0.75,
        0.72,
        0.77,
        0.79,
        0.77,
        0.72,
        0.81,
        0.74,
        0.74,
        0.74,
        0.68,
        0.74
      ],
      "n_evaluations": 1000000.0,
      "evaluation_type": "function",
      "ess_per_eval": 0.0035949301322144474,
      "time": 5.85679817199707,
      "sigma": 0.0,
      "epsilon": 0.0,
      "n_leapfrog": null,
      "n_warmup": null,
      "target_accept": null,
      "gamma": null,
      "t0": null,
      "kappa": null
    },
    "HMC": {
      "distribution": "Gaussian",
      "tau": 3432.724673046198,
      "tau_std": 1099.9812721380144,
      "ess": 291.31377994046943,
      "ess_by_coordinate": [
        990000.0,
        1000000.0,
        1000000.0,
        741984.0188838164,
        425086.076011486,
        247684.41508176798,
        150592.26284090042,
        93445.73208820855,
        58576.323281211575,
        38919.11445288607,
        27837.48979647018,
        17140.211587014874,
        12551.555172384058,
        8496.654825560161,
        6951.348607932636,
        4361.816642726282,
        3768.082936907328,
        2664.886891211615,
        1703.8331585883332,
        1334.1899057778774,
        741.4121377608803,
        508.2938125243943,
        595.2399469298891,
        568.3291309723229,
        354.92137651556106,
        540.7939690862258,
        524.5702724208057,
        395.60384401253623,
        356.92511436689654,
        291.31377994046943,
        324.8027478346705,
        624.1521914413038
      ],
      "ess_valid_fraction": [
        0.99,
        1.0,
        1.0,
        1.0,
        1.0,
        1.0,
        1.0,
        1.0,
        1.0,
        1.0,
        1.0,
        0.99,
        0.99,
        1.0,
        0.88,
        0.75,
        0.66,
        0.54,
        0.39,
        0.32,
        0.18,
        0.12,
        0.15,
        0.14,
        0.09,
        0.14,
        0.13,
        0.11,
        0.09,
        0.07,
        0.09,
        0.17
      ],
      "n_evaluations": 3000000.0,
      "evaluation_type": "gradient",
      "ess_per_eval": 9.710459331348981e-05,
      "time": 12.799282312393188,
      "sigma": 0.0,
      "epsilon": 4.330413341522217,
      "n_leapfrog": 2,
      "n_warmup": 1000,
      "target_accept": 0.651,
      "gamma": 0.05,
      "t0": 10,
      "kappa": 0.75
    }
  }
}