{
  "dim": 32,
  "seed": 1,
  "n_samples": 10000,
  "burn_in": 1000,
  "n_thin": 1,
  "n_chains": 100,
  "cond": 100.0,
  "af": true,
  "transform_affine": true,
  "summary": {
    "Dense-mass NUTS": {
      "distribution": "Gaussian",
      "tau": 1.0,
      "tau_std": 0.0,
      "ess": 1000000.0,
      "ess_by_coordinate": [
        1000000.0,
        1000000.0,
        1000000.0,
        1000000.0,
        1000000.0,
        1000000.0,
        1000000.0,
        1000000.0,
        1000000.0,
        1000000.0,
        1000000.0,
        1000000.0,
        1000000.0,
        1000000.0,
        1000000.0,
        1000000.0,
        1000000.0,
        1000000.0,
        1000000.0,
        1000000.0,
        1000000.0,
        1000000.0,
        1000000.0,
        1000000.0,
        1000000.0,
        1000000.0,
        1000000.0,
        1000000.0,
        1000000.0,
        1000000.0,
        1000000.0,
        1000000.0
      ],
      "ess_valid_fraction": [
        1.0,
        1.0,
        1.0,
        1.0,
        1.0,
        1.0,
        1.0,
        1.0,
        1.0,
        1.0,
        1.0,
        1.0,
        1.0,
        1.0,
        1.0,
        1.0,
        1.0,
        1.0,
        1.0,
        1.0,
        1.0,
        1.0,
        1.0,
        1.0,
        1.0,
        1.0,
        1.0,
        1.0,
        1.0,
        1.0,
        1.0,
        1.0
      ],
      "n_evaluations": 7025781.818181818,
      "evaluation_type": "gradient",
      "ess_per_eval": 0.14233291409820453,
      "time": 412.06669211387634,
      "sigma": 0.0,
      "epsilon": 0.5657390356063843,
      "n_leapfrog": 7.025781818181819,
      "n_warmup": 1000,
      "target_accept": 0.8,
      "gamma": 0.05,
      "t0": 10,
      "kappa": 0.75
    },
    "Hamiltonian Walk Move": {
      "distribution": "Gaussian",
      "tau": 1.2809122706081484,
      "tau_std": 0.009006552627444188,
      "ess": 780693.5907681035,
      "ess_by_coordinate": [
        788419.6633902977,
        791893.7215468992,
        789194.0747108364,
        788632.0671268896,
        793213.8122785685,
        789455.3788245752,
        780693.5907681035,
        787878.8523196641,
        792399.7178979188,
        797151.8020701203,
        793571.4668644588,
        803141.1477263789,
        801354.7986948574,
        794738.2306466044,
        788864.2637728865,
        781074.1319072753,
        789913.8594883555,
        789190.3927105914,
        796187.0525319782,
        800030.3136517206,
        794332.5641132107,
        787314.4046203627,
        795044.7131707506,
        784247.4856551018,
        797289.5749197297,
        795348.7155145108,
        798651.6146814831,
        790168.270427087,
        801728.6067878334,
        802100.1182095752,
        790554.3181644994,
        793117.39817158
      ],
      "ess_valid_fraction": [
        1.0,
        1.0,
        1.0,
        1.0,
        1.0,
        1.0,
        1.0,
        1.0,
        1.0,
        1.0,
        1.0,
        1.0,
        1.0,
        1.0,
        1.0,
        1.0,
        1.0,
        1.0,
        1.0,
        1.0,
        1.0,
        1.0,
        1.0,
        1.0,
        1.0,
        1.0,
        1.0,
        1.0,
        1.0,
        1.0,
        1.0,
        1.0
      ],
      "n_evaluations": 10000000.0,
      "evaluation_type": "gradient",
      "ess_per_eval": 0.07806935907681035,
      "time": 159.87166571617126,
      "sigma": 0.0,
      "epsilon": 0.6389755606651306,
      "n_leapfrog": 9,
      "n_warmup": 1000,
      "target_accept": 0.651,
      "gamma": 0.05,
      "t0": 10,
      "kappa": 0.75
    },
    "Stretch Move": {
      "distribution": "Gaussian",
      "tau": 275.8689726751477,
      "tau_std": 18.6672618994948,
      "ess": 3624.9092832109113,
      "ess_by_coordinate": [
        4480.133666803833,
        4752.9072343565185,
        4373.131479996896,
        4253.468971369566,
        4783.153554275338,
        4604.251854951812,
        4203.672769460847,
        3743.412029243255,
        4045.317288797967,
        4134.28913882962,
        4315.258782868874,
        4207.703374982401,
        4973.61718081685,
        4707.2933807252275,
        4248.1380206498125,
        4614.562063484051,
        4884.413392875898,
        4573.5332922252355,
        3995.2717975378987,
        4135.55734847097,
        4721.407117735499,
        4199.417335222961,
        4568.804436674099,
        4177.168606421193,
        4025.3250619742676,
        4228.477822285428,
        4326.911225910747,
        3624.9092832109113,
        4146.726185477635,
        3776.3686777093626,
        4515.672698843715,
        3758.866343981069
      ],
      "ess_valid_fraction": [
        0.78,
        0.82,
        0.78,
        0.75,
        0.78,
        0.79,
        0.74,
        0.69,
        0.68,
        0.73,
        0.76,
        0.76,
        0.84,
        0.82,
        0.76,
        0.78,
        0.85,
        0.77,
        0.74,
        0.72,
        0.83,
        0.75,
        0.78,
        0.7,
        0.68,
        0.72,
        0.74,
        0.64,
        0.78,
        0.77,
        0.77,
        0.69
      ],
      "n_evaluations": 1000000.0,
      "evaluation_type": "function",
      "ess_per_eval": 0.0036249092832109113,
      "time": 5.9257237911224365,
      "sigma": 0.0,
      "epsilon": 0.0,
      "n_leapfrog": null,
      "n_warmup": null,
      "target_accept": null,
      "gamma": null,
      "t0": null,
      "kappa": null
    },
    "HMC": {
      "distribution": "Gaussian",
      "tau": 1134.7625415445605,
      "tau_std": 325.76214982024646,
      "ess": 881.2416372493834,
      "ess_by_coordinate": [
        1000000.0,
        1000000.0,
        1000000.0,
        1000000.0,
        890247.2599112148,
        612783.7750819119,
        420679.44150573347,
        290005.16961012216,
        203654.161042429,
        146808.22284660878,
        106476.85787080263,
        79355.80901796054,
        59690.32401283561,
        44511.52951382312,
        33874.752857800486,
        25569.359642095176,
        20131.95090342917,
        15335.159774204516,
        11962.129629590741,
        9576.557460464095,
        9286.970620843143,
        6499.445446878075,
        5431.490164156611,
        4347.830068303628,
        3497.2308357388997,
        2743.386744003671,
        1957.324001348988,
        2133.666811944615,
        1589.8398363210063,
        910.0195954381857,
        980.9075156551238,
        881.2416372493834
      ],
      "ess_valid_fraction": [
        1.0,
        1.0,
        1.0,
        1.0,
        1.0,
        1.0,
        1.0,
        1.0,
        1.0,
        1.0,
        1.0,
        1.0,
        1.0,
        1.0,
        1.0,
        1.0,
        1.0,
        1.0,
        0.99,
        1.0,
        0.98,
        0.93,
        0.82,
        0.78,
        0.68,
        0.55,
        0.47,
        0.48,
        0.38,
        0.24,
        0.24,
        0.23
      ],
      "n_evaluations": 3000000.0,
      "evaluation_type": "gradient",
      "ess_per_eval": 0.0002937472124164611,
      "time": 73.5833158493042,
      "sigma": 0.0,
      "epsilon": 4.246026039123535,
      "n_leapfrog": 2,
      "n_warmup": 1000,
      "target_accept": 0.651,
      "gamma": 0.05,
      "t0": 10,
      "kappa": 0.75
    }
  }
}