{
  "dim": 32,
  "seed": 3,
  "n_samples": 10000,
  "burn_in": 1000,
  "n_thin": 1,
  "n_chains": 100,
  "cond": 316.2,
  "af": true,
  "transform_affine": true,
  "summary": {
    "Dense-mass NUTS": {
      "distribution": "Gaussian",
      "tau": 1.1196341960254048,
      "tau_std": 0.026945355950472975,
      "ess": 893148.8548223206,
      "ess_by_coordinate": [
        1000000.0,
        1000000.0,
        1000000.0,
        1000000.0,
        1000000.0,
        1000000.0,
        1000000.0,
        1000000.0,
        1000000.0,
        1000000.0,
        1000000.0,
        1000000.0,
        1000000.0,
        1000000.0,
        1000000.0,
        1000000.0,
        1000000.0,
        1000000.0,
        1000000.0,
        1000000.0,
        1000000.0,
        1000000.0,
        996152.6968331833,
        998745.475000042,
        994737.9817835406,
        987866.8121648044,
        982730.3917944125,
        970966.8326489988,
        969195.7018027464,
        941412.1597649686,
        923625.8643174588,
        893148.8548223206
      ],
      "ess_valid_fraction": [
        1.0,
        1.0,
        1.0,
        1.0,
        1.0,
        1.0,
        1.0,
        1.0,
        1.0,
        1.0,
        1.0,
        1.0,
        1.0,
        1.0,
        1.0,
        1.0,
        1.0,
        1.0,
        1.0,
        1.0,
        1.0,
        1.0,
        1.0,
        1.0,
        1.0,
        1.0,
        1.0,
        1.0,
        1.0,
        1.0,
        1.0,
        1.0
      ],
      "n_evaluations": 7106981.818181818,
      "evaluation_type": "gradient",
      "ess_per_eval": 0.125672033174107,
      "time": 312.0954792499542,
      "sigma": 0.0,
      "epsilon": 0.519108235836029,
      "n_leapfrog": 7.1069818181818185,
      "n_warmup": 1000,
      "target_accept": 0.8,
      "gamma": 0.05,
      "t0": 10,
      "kappa": 0.75
    },
    "Hamiltonian Walk Move": {
      "distribution": "Gaussian",
      "tau": 1.2679253496555272,
      "tau_std": 0.00943414545381038,
      "ess": 788689.9652820115,
      "ess_by_coordinate": [
        800069.339819764,
        804434.4358346409,
        796754.9365358863,
        803438.2071138765,
        808221.4729482654,
        811402.7427011875,
        801566.5666870866,
        796271.6284367294,
        813395.7836319604,
        802686.9652207152,
        804669.9741045233,
        799114.1126042374,
        808397.446156283,
        805592.6943699591,
        806336.7679367531,
        798761.0297721813,
        804936.7337423896,
        815687.3123281635,
        809676.6572438789,
        788689.9652820115,
        811536.6826691208,
        804078.6670842455,
        811603.812924304,
        810034.0499287863,
        817508.9647280273,
        810105.2126099963,
        801732.2067406547,
        799497.6840209253,
        810355.9213307067,
        809340.0366949684,
        806685.2954055626,
        809466.0214486725
      ],
      "ess_valid_fraction": [
        1.0,
        1.0,
        1.0,
        1.0,
        1.0,
        1.0,
        1.0,
        1.0,
        1.0,
        1.0,
        1.0,
        1.0,
        1.0,
        1.0,
        1.0,
        1.0,
        1.0,
        1.0,
        1.0,
        1.0,
        1.0,
        1.0,
        1.0,
        1.0,
        1.0,
        1.0,
        1.0,
        1.0,
        1.0,
        1.0,
        1.0,
        1.0
      ],
      "n_evaluations": 10000000.0,
      "evaluation_type": "gradient",
      "ess_per_eval": 0.07886899652820116,
      "time": 88.30841398239136,
      "sigma": 0.0,
      "epsilon": 0.6345881223678589,
      "n_leapfrog": 9,
      "n_warmup": 1000,
      "target_accept": 0.651,
      "gamma": 0.05,
      "t0": 10,
      "kappa": 0.75
    },
    "Stretch Move": {
      "distribution": "Gaussian",
      "tau": 275.898135699766,
      "tau_std": 15.726567044115308,
      "ess": 3624.526122525909,
      "ess_by_coordinate": [
        4604.060458915809,
        4150.522146002696,
        4334.233545172762,
        3624.526122525909,
        4172.271811201471,
        4333.33000205847,
        4021.3579205354627,
        4895.303745611863,
        4384.174105227599,
        4402.7262548700855,
        4259.294429460512,
        4004.66044660834,
        4182.220693754244,
        4636.192609002312,
        4886.725907429022,
        3957.44337003304,
        4765.279195591735,
        4316.986768019653,
        4227.615270659519,
        4044.66272564578,
        4301.035895816231,
        4105.865146927352,
        4395.155509684927,
        4458.143195658532,
        4751.317970119842,
        3943.97495579297,
        4216.259039845888,
        4509.33936937059,
        4168.31053042036,
        4510.729607014243,
        4687.884803771804,
        4589.781506346917
      ],
      "ess_valid_fraction": [
        0.78,
        0.77,
        0.78,
        0.64,
        0.74,
        0.8,
        0.76,
        0.82,
        0.72,
        0.78,
        0.76,
        0.68,
        0.68,
        0.79,
        0.83,
        0.72,
        0.83,
        0.72,
        0.69,
        0.72,
        0.78,
        0.72,
        0.73,
        0.71,
        0.79,
        0.69,
        0.76,
        0.81,
        0.73,
        0.77,
        0.79,
        0.79
      ],
      "n_evaluations": 1000000.0,
      "evaluation_type": "function",
      "ess_per_eval": 0.003624526122525909,
      "time": 5.775802135467529,
      "sigma": 0.0,
      "epsilon": 0.0,
      "n_leapfrog": null,
      "n_warmup": null,
      "target_accept": null,
      "gamma": null,
      "t0": null,
      "kappa": null
    },
    "HMC": {
      "distribution": "Gaussian",
      "tau": 3709.069897657105,
      "tau_std": 1052.0209088602667,
      "ess": 269.60937043318233,
      "ess_by_coordinate": [
        1000000.0,
        1000000.0,
        1000000.0,
        972133.1507204617,
        618134.4193712226,
        386083.2651535191,
        247678.22459650482,
        161167.40191889225,
        108937.67953943009,
        76558.71296185652,
        52642.97140099796,
        37743.123213090716,
        25653.722398209367,
        19075.761553079225,
        14271.889226668533,
        10345.819604294325,
        8687.318086956639,
        5933.64428428214,
        4851.684982859788,
        4260.9382244473645,
        3224.9173575381346,
        1809.7591492164634,
        1421.3436003963484,
        779.9188036628623,
        503.5568160013682,
        526.8666636422494,
        557.0539100991502,
        574.9098893023686,
        490.56425888424184,
        269.60937043318233,
        333.1538640665907,
        342.158628906311
      ],
      "ess_valid_fraction": [
        1.0,
        1.0,
        1.0,
        1.0,
        1.0,
        1.0,
        1.0,
        1.0,
        1.0,
        1.0,
        1.0,
        1.0,
        1.0,
        1.0,
        0.99,
        0.99,
        0.94,
        0.84,
        0.8,
        0.75,
        0.66,
        0.42,
        0.34,
        0.2,
        0.12,
        0.15,
        0.14,
        0.13,
        0.12,
        0.07,
        0.09,
        0.09
      ],
      "n_evaluations": 3000000.0,
      "evaluation_type": "gradient",
      "ess_per_eval": 8.986979014439412e-05,
      "time": 13.130295753479004,
      "sigma": 0.0,
      "epsilon": 4.41744327545166,
      "n_leapfrog": 2,
      "n_warmup": 1000,
      "target_accept": 0.651,
      "gamma": 0.05,
      "t0": 10,
      "kappa": 0.75
    }
  }
}