{
  "dim": 32,
  "seed": 3,
  "n_samples": 10000,
  "burn_in": 1000,
  "n_thin": 1,
  "n_chains": 100,
  "af": true,
  "initialization_mode": "agnostic",
  "initialization_description": "independent N(0, 2^2) coordinates in the intrinsic Rosenbrock frame",
  "transform_affine": true,
  "overlay_rosenbrock": {
    "a": 1.0,
    "b": 100.0,
    "sigma": 0.7
  },
  "summary": {
    "Dense-mass NUTS": {
      "distribution": "Paired Rosenbrock",
      "tau": 5059.216256238129,
      "tau_std": 964.3056390669053,
      "ess": 197.6590739261199,
      "ess_by_coordinate": [
        1098.4759865910855,
        1479.656585436178,
        1162.367942230932,
        940.2244842542942,
        713.2132791833436,
        777.3731583550269,
        266.41044803782165,
        865.2726910734856,
        542.2530122133572,
        563.5080908441422,
        543.5204019511201,
        485.4770896742792,
        641.0492275916151,
        689.9018286047282,
        477.7576849500614,
        460.9643984503287,
        429.6967464459452,
        649.7969479315063,
        556.8398490227037,
        632.4258241610886,
        436.5389089664658,
        427.039294893343,
        332.4517455023862,
        442.2027378898737,
        197.6590739261199,
        400.55138058983505,
        240.3764595722853,
        454.4056704047074,
        395.3829747855168,
        315.9606786964,
        375.8789282846285,
        298.63261191169136
      ],
      "ess_valid_fraction": [
        0.11,
        0.11,
        0.15,
        0.14,
        0.11,
        0.1,
        0.06,
        0.12,
        0.11,
        0.14,
        0.1,
        0.09,
        0.12,
        0.12,
        0.11,
        0.1,
        0.11,
        0.15,
        0.12,
        0.12,
        0.08,
        0.11,
        0.08,
        0.09,
        0.04,
        0.1,
        0.05,
        0.08,
        0.1,
        0.07,
        0.1,
        0.05
      ],
      "n_evaluations": 254995489.0909091,
      "evaluation_type": "gradient",
      "ess_per_eval": 7.751473354716951e-07,
      "time": 291.04161643981934,
      "sigma": 0.7,
      "epsilon": 0.000523796072229743,
      "n_leapfrog": 254.9954890909091,
      "n_warmup": 1000,
      "target_accept": 0.8,
      "cond": 100.0
    },
    "Hamiltonian Walk Move": {
      "distribution": "Paired Rosenbrock",
      "tau": 5645.150149847819,
      "tau_std": 1035.2861704973973,
      "ess": 177.14320672709792,
      "ess_by_coordinate": [
        957.9574267314372,
        464.0285243450941,
        548.2948534262471,
        397.73691807985887,
        393.9067987815767,
        177.14320672709792,
        301.10251569210897,
        458.90672094296576,
        638.6378689434305,
        239.39653702339444,
        469.85980101240705,
        376.10719172907585,
        938.0918874904011,
        343.3719341760662,
        532.867320781354,
        265.2874813420927,
        263.2772748006231,
        432.2794200431269,
        428.92776999029337,
        312.12364038933606,
        468.0100921049738,
        315.97210366157634,
        391.1580402018888,
        180.37508553751024,
        335.2227710790321,
        527.9216067820279,
        265.7829661150387,
        310.359006993309,
        419.7390109058866,
        401.572739178988,
        440.9509414790039,
        377.7893340649807
      ],
      "ess_valid_fraction": [
        0.22,
        0.12,
        0.13,
        0.1,
        0.1,
        0.05,
        0.09,
        0.12,
        0.15,
        0.06,
        0.12,
        0.1,
        0.21,
        0.09,
        0.14,
        0.07,
        0.07,
        0.11,
        0.12,
        0.08,
        0.1,
        0.09,
        0.1,
        0.05,
        0.08,
        0.13,
        0.07,
        0.08,
        0.11,
        0.1,
        0.12,
        0.09
      ],
      "n_evaluations": 1001000000.0,
      "evaluation_type": "gradient",
      "ess_per_eval": 1.7696624048661132e-07,
      "time": 730.8062379360199,
      "sigma": 0.7,
      "epsilon": 3.246604478590598e-07,
      "n_leapfrog": 1000,
      "n_warmup": 1000,
      "target_accept": 0.651,
      "cond": 100.0
    },
    "Stretch Move": {
      "distribution": "Paired Rosenbrock",
      "tau": 4063.20661606355,
      "tau_std": 655.4311938713885,
      "ess": 246.11103851981906,
      "ess_by_coordinate": [
        465.2407397289534,
        832.7431974501908,
        321.7480276876607,
        461.20113340795103,
        246.11103851981906,
        510.8634047997892,
        468.4898479368773,
        681.7039905417489,
        583.5348441759655,
        819.7413553062811,
        715.9579267116942,
        801.9515837756115,
        505.19927174232873,
        802.5913475929203,
        390.4432099073641,
        932.9956694588799,
        631.4366355817119,
        677.5218284843537,
        531.9768570433039,
        1026.973822266534,
        600.6598315050545,
        1158.3085550359597,
        458.0235883654804,
        736.4502740145969,
        545.3417911305877,
        948.7948145575949,
        523.2349838415225,
        907.6961156575558,
        514.2305339071587,
        672.3525849202064,
        706.3602399196366,
        1045.1248506218974
      ],
      "ess_valid_fraction": [
        0.12,
        0.18,
        0.09,
        0.12,
        0.06,
        0.12,
        0.11,
        0.14,
        0.14,
        0.19,
        0.15,
        0.2,
        0.13,
        0.18,
        0.1,
        0.22,
        0.15,
        0.17,
        0.14,
        0.21,
        0.15,
        0.25,
        0.11,
        0.16,
        0.13,
        0.21,
        0.13,
        0.21,
        0.13,
        0.18,
        0.17,
        0.22
      ],
      "n_evaluations": 1000000.0,
      "evaluation_type": "function",
      "ess_per_eval": 0.00024611103851981904,
      "time": 4.536505460739136,
      "sigma": 0.7,
      "epsilon": 0.0,
      "n_leapfrog": null,
      "n_warmup": null,
      "target_accept": null,
      "cond": 100.0
    },
    "HMC": {
      "distribution": "Paired Rosenbrock",
      "tau": 2718.164710706951,
      "tau_std": 572.7274650165366,
      "ess": 367.89529201853117,
      "ess_by_coordinate": [
        7362.843628249135,
        5904.427331990577,
        5667.540693114204,
        5233.146321410687,
        4393.075782696418,
        4415.622341109466,
        3154.891392484,
        3015.6599366182995,
        2185.9847813311967,
        2225.047182876157,
        2120.0259820285114,
        1757.7291012805665,
        1422.9281852029285,
        1693.3321037074481,
        1459.9364989445603,
        1884.2819495186022,
        955.3751992113423,
        1638.4216842211263,
        1014.7157493010664,
        1496.4480413799452,
        897.8204140216213,
        1349.1953798366396,
        600.5829719491446,
        1029.7365359039288,
        544.0394240751632,
        965.5252600838658,
        602.1833751199213,
        1206.8120926073655,
        367.89529201853117,
        1040.8620216048068,
        724.730062251491,
        739.2626136075719
      ],
      "ess_valid_fraction": [
        0.89,
        0.79,
        0.78,
        0.77,
        0.71,
        0.74,
        0.53,
        0.52,
        0.46,
        0.41,
        0.45,
        0.34,
        0.33,
        0.34,
        0.31,
        0.38,
        0.23,
        0.34,
        0.24,
        0.35,
        0.22,
        0.33,
        0.16,
        0.25,
        0.14,
        0.2,
        0.15,
        0.27,
        0.09,
        0.23,
        0.18,
        0.19
      ],
      "n_evaluations": 45000000.0,
      "evaluation_type": "gradient",
      "ess_per_eval": 8.175450933745136e-06,
      "time": 26.891321659088135,
      "sigma": 0.7,
      "epsilon": 0.020007701590657234,
      "n_leapfrog": 44,
      "n_warmup": 1000,
      "target_accept": 0.651,
      "cond": 100.0
    }
  }
}