{
  "dim": 32,
  "seed": 3,
  "n_samples": 10000,
  "burn_in": 2000,
  "n_thin": 1,
  "n_chains": 100,
  "hwm_walkers_requested": 300,
  "jax_enable_x64": true,
  "af": true,
  "initialization_mode": "agnostic",
  "initialization_description": "independent N(0, 2^2) coordinates in the intrinsic Rosenbrock frame",
  "transform_affine": true,
  "overlay_rosenbrock": {
    "a": 1.0,
    "b": 100.0,
    "sigma": 1.5
  },
  "summary": {
    "Dense-mass NUTS": {
      "distribution": "Paired Rosenbrock",
      "tau": 25.98258558338769,
      "tau_std": 5.770576622582896,
      "ess": 38487.31669874161,
      "ess_by_coordinate": [
        259344.2584100858,
        199690.4769509043,
        267960.6915673025,
        213111.26957124565,
        245742.02119461328,
        199974.3322764352,
        247927.34727855583,
        200937.47457273313,
        245412.27310751288,
        199969.45119700744,
        253218.17143902666,
        199609.68428375217,
        247071.82056441333,
        202642.25309995507,
        230630.57888867176,
        201075.47279516526,
        198163.53461432693,
        173674.24951081935,
        179823.27057799534,
        150506.49965013235,
        164571.6610107069,
        143650.51011249286,
        138289.0528573139,
        119296.52401664434,
        98328.18889117241,
        82645.07280539608,
        69812.62827397516,
        67059.38026313449,
        62536.98778593034,
        52087.08430762571,
        44133.44261863828,
        38487.31669874161
      ],
      "ess_valid_fraction": [
        1.0,
        1.0,
        1.0,
        1.0,
        1.0,
        1.0,
        1.0,
        1.0,
        1.0,
        1.0,
        1.0,
        1.0,
        1.0,
        1.0,
        1.0,
        1.0,
        1.0,
        1.0,
        1.0,
        1.0,
        1.0,
        1.0,
        1.0,
        1.0,
        1.0,
        0.99,
        1.0,
        1.0,
        1.0,
        1.0,
        0.97,
        0.97
      ],
      "n_evaluations": 252690792.5,
      "evaluation_type": "gradient",
      "ess_per_eval": 0.0001523099291349985,
      "time": 326.53890323638916,
      "sigma": 1.5,
      "epsilon": 0.01293713479202154,
      "n_leapfrog": 252.6907925,
      "n_warmup": 2000,
      "target_accept": 0.8,
      "cond": 100.0,
      "mean_mse": 0.0010716609927284358,
      "cov_mse": 0.002303115234783503,
      "acceptance_rate_mean": 0.8977012253287497,
      "acceptance_rate_min": 0.7951217033050342,
      "acceptance_rate_max": 0.9704037214093786,
      "n_divergent": 932,
      "actual_n_chains": 100,
      "diagnostic_draws_per_chain": 200,
      "sample_finite_fraction": 1.0,
      "finite_draw_fraction": 1.0,
      "sample_covariance_rank": 32,
      "sample_covariance_full_rank": true
    },
    "Hamiltonian Walk Move": {
      "distribution": "Paired Rosenbrock",
      "tau": 6.407159166141082,
      "tau_std": 0.8862848223622556,
      "ess": 468226.23290734424,
      "ess_by_coordinate": [
        689716.1228201997,
        495033.89435043244,
        692585.8725761382,
        491350.332057825,
        671642.4882764783,
        485621.4005127838,
        674652.3107395063,
        468226.23290734424,
        684882.095284084,
        491732.9324384047,
        675958.1510657931,
        489896.4915768505,
        678334.4621609166,
        489849.09985528927,
        698804.3964383727,
        487412.0638896505,
        686193.4083870382,
        481415.5543959141,
        679779.0167106541,
        498869.9915231073,
        682109.738221236,
        486446.79784329596,
        683920.5391032225,
        504247.3194410171,
        664581.5782864202,
        478542.9324112929,
        668092.2792467407,
        480141.300849169,
        676561.1262322045,
        469620.0131990565,
        664226.7317076776,
        474630.4729912182
      ],
      "ess_valid_fraction": [
        1.0,
        1.0,
        1.0,
        1.0,
        0.99,
        0.99,
        1.0,
        1.0,
        0.99,
        0.9966666666666667,
        0.9933333333333333,
        0.9966666666666667,
        0.9966666666666667,
        1.0,
        0.9966666666666667,
        0.9966666666666667,
        0.9966666666666667,
        1.0,
        0.9966666666666667,
        0.9966666666666667,
        0.99,
        0.99,
        0.9933333333333333,
        0.9966666666666667,
        0.9966666666666667,
        0.9966666666666667,
        0.9966666666666667,
        1.0,
        1.0,
        1.0,
        0.9933333333333333,
        1.0
      ],
      "n_evaluations": 443882750.0,
      "evaluation_type": "gradient",
      "ess_per_eval": 0.0010548421467320914,
      "time": 178.19236087799072,
      "sigma": 1.5,
      "epsilon": 0.021635976223219677,
      "n_leapfrog": 146.96091666666666,
      "n_warmup": 2000,
      "target_accept": 0.651,
      "cond": 100.0,
      "mean_mse": 0.00025694079608951017,
      "cov_mse": 0.0016697523586327186,
      "acceptance_rate_mean": 0.6333274999999999,
      "acceptance_rate_min": 0.6333274999999999,
      "acceptance_rate_max": 0.6333274999999999,
      "n_divergent": null,
      "actual_n_chains": 300,
      "diagnostic_draws_per_chain": 200,
      "sample_finite_fraction": 1.0,
      "finite_draw_fraction": 1.0,
      "sample_covariance_rank": 32,
      "sample_covariance_full_rank": true
    },
    "Stretch Move": {
      "distribution": "Paired Rosenbrock",
      "tau": 3545.5374408466814,
      "tau_std": 674.1187095621584,
      "ess": 282.04468763449245,
      "ess_by_coordinate": [
        519.8806918114552,
        951.1858647278301,
        339.2852977628174,
        776.0617747910862,
        563.641258027256,
        968.9888497562946,
        518.1686032898718,
        768.9108873627692,
        564.7637064842642,
        1251.5231289603944,
        744.8565507372116,
        1002.6185116963362,
        516.5187890990316,
        913.319704887487,
        452.05735689123134,
        600.5579748412943,
        349.759481027773,
        619.4077809977144,
        326.87004994109157,
        282.04468763449245,
        499.4082488325595,
        410.4473564699417,
        431.32265621735314,
        904.5583225206179,
        691.1509089959268,
        891.5419016535253,
        661.2146480420446,
        989.135898590224,
        677.4955930131498,
        801.7899061962676,
        591.0761328713448,
        951.5103763960014
      ],
      "ess_valid_fraction": [
        0.14,
        0.2,
        0.09,
        0.18,
        0.14,
        0.22,
        0.12,
        0.18,
        0.14,
        0.27,
        0.16,
        0.23,
        0.14,
        0.2,
        0.11,
        0.16,
        0.09,
        0.14,
        0.07,
        0.07,
        0.13,
        0.1,
        0.11,
        0.21,
        0.17,
        0.23,
        0.17,
        0.22,
        0.16,
        0.18,
        0.14,
        0.21
      ],
      "n_evaluations": 1000000.0,
      "evaluation_type": "function",
      "ess_per_eval": 0.00028204468763449244,
      "time": 4.40592098236084,
      "sigma": 1.5,
      "epsilon": 0.0,
      "n_leapfrog": null,
      "n_warmup": null,
      "target_accept": null,
      "cond": 100.0,
      "mean_mse": 4.336828571960142,
      "cov_mse": 0.9623421758436992,
      "acceptance_rate_mean": 0.17468666666666663,
      "acceptance_rate_min": 0.14316666666666666,
      "acceptance_rate_max": 0.20591666666666666,
      "n_divergent": null,
      "actual_n_chains": 100,
      "diagnostic_draws_per_chain": 200,
      "sample_finite_fraction": 1.0,
      "finite_draw_fraction": 1.0,
      "sample_covariance_rank": 32,
      "sample_covariance_full_rank": true
    },
    "HMC": {
      "distribution": "Paired Rosenbrock",
      "tau": 1919.7964393996,
      "tau_std": 458.78290701972367,
      "ess": 520.8885585352692,