{
  "dim": 32,
  "seed": 0,
  "condition_number": 50,
  "n_samples": 10000,
  "burn_in": 2000,
  "n_thin": 1,
  "n_chains": 150,
  "hwm_walkers_requested": 300,
  "jax_enable_x64": true,
  "af": false,
  "initialization_mode": "agnostic",
  "initialization_description": "independent N(0, 2^2) coordinates in the intrinsic Rosenbrock frame",
  "transform_affine": false,
  "overlay_rosenbrock": {
    "a": 1.0,
    "b": 100.0,
    "sigma": 1.5
  },
  "summary": {
    "Dense-mass NUTS": {
      "distribution": "Paired Rosenbrock",
      "tau": 5.562066064644789,
      "tau_std": 0.46143777260657015,
      "ess": 269683.9596233373,
      "ess_by_coordinate": [
        378031.92658399895,
        309151.10936820635,
        350527.9165990042,
        288823.85369785444,
        369611.8413468674,
        313548.9629086071,
        365983.42494657537,
        297674.9490758891,
        341817.18046809407,
        294707.46920347505,
        351193.42987713765,
        298373.15363820613,
        332860.01732011384,
        269683.9596233373,
        363219.05522597657,
        306724.2547695242,
        352106.3653468299,
        296753.49611572974,
        353070.43384559255,
        286905.49211113784,
        366024.20636556845,
        288859.20441705757,
        360261.6407284933,
        299021.9147509033,
        339719.36215622805,
        290246.8099298102,
        350804.59206959786,
        290420.14861092553,
        371853.6863026138,
        309036.36558049114,
        339785.95084031974,
        286789.2093096798
      ],
      "ess_valid_fraction": [
        1.0,
        1.0,
        1.0,
        1.0,
        1.0,
        1.0,
        1.0,
        1.0,
        1.0,
        1.0,
        1.0,
        1.0,
        1.0,
        1.0,
        1.0,
        1.0,
        1.0,
        1.0,
        1.0,
        1.0,
        1.0,
        1.0,
        1.0,
        1.0,
        1.0,
        1.0,
        1.0,
        1.0,
        1.0,
        1.0,
        1.0,
        1.0
      ],
      "n_evaluations": 377562612.5,
      "evaluation_type": "gradient",
      "ess_per_eval": 0.000714276124528451,
      "time": 318.2839229106903,
      "sigma": 1.5,
      "epsilon": 0.013873523026492198,
      "n_leapfrog": 251.70840833333332,
      "n_warmup": 2000,
      "target_accept": 0.8,
      "gamma": 0.05,
      "t0": 10,
      "kappa": 0.75,
      "mean_mse": 0.00040989135454764895,
      "cov_mse": 0.001035065916651807,
      "acceptance_rate_mean": 0.8979774598958554,
      "acceptance_rate_min": 0.8242586706790317,
      "acceptance_rate_max": 0.9620641879364173,
      "n_divergent": 1142,
      "actual_n_chains": 150,
      "diagnostic_draws_per_chain": 200,
      "sample_finite_fraction": 1.0,
      "finite_draw_fraction": 1.0,
      "sample_covariance_rank": 32,
      "sample_covariance_full_rank": true
    },
    "Hamiltonian Walk Move": {
      "distribution": "Paired Rosenbrock",
      "tau": 5.4796116807414785,
      "tau_std": 1.1183125718832703,
      "ess": 547484.0508395392,
      "ess_by_coordinate": [
        1005041.6618860022,
        576254.3992489122,
        1003438.1723818621,
        563200.0566230828,
        1016377.4003491548,
        587354.597597144,
        1006232.5214533508,
        571049.674421051,
        1000816.5271153203,
        576365.3818481085,
        968577.2011325549,
        577305.0235221897,
        1003045.3809724245,
        547484.0508395392,
        1013244.6366806782,
        570089.8581709936,
        1047746.4257308793,
        601831.6101303941,
        1023634.4297134015,
        593033.5114890167,
        1040711.2506282041,
        595409.3150547284,
        990193.2612114174,
        564214.1806610193,
        958786.1274320275,
        570906.7117824862,
        983819.4898653281,
        568315.2837729024,
        1031427.9238059002,
        589778.405979284,
        985542.5665991667,
        558896.5883857905
      ],
      "ess_valid_fraction": [
        0.9966666666666667,
        1.0,
        0.99,
        0.9933333333333333,
        0.9933333333333333,
        0.9966666666666667,
        0.9933333333333333,
        0.9933333333333333,
        0.9933333333333333,
        0.99,
        0.99,
        0.9966666666666667,
        0.99,
        0.99,
        0.9933333333333333,
        0.99,
        0.9933333333333333,
        0.99,
        0.9933333333333333,
        0.99,
        1.0,
        1.0,
        0.9933333333333333,
        0.99,
        0.99,
        0.99,
        0.9933333333333333,
        1.0,
        0.99,
        0.9933333333333333,
        0.99,
        0.9933333333333333
      ],
      "n_evaluations": 902549500.0,
      "evaluation_type": "gradient",
      "ess_per_eval": 0.0006065972568147666,
      "time": 339.46483850479126,
      "sigma": 1.5,
      "epsilon": 0.02091039485215928,
      "n_leapfrog": 299.8498333333333,
      "n_warmup": 2000,
      "target_accept": 0.651,
      "gamma": 0.05,
      "t0": 10,
      "kappa": 0.75,
      "mean_mse": 0.000788543326709999,
      "cov_mse": 0.007636150345417649,
      "acceptance_rate_mean": 0.6376511111111111,
      "acceptance_rate_min": 0.6376511111111111,
      "acceptance_rate_max": 0.6376511111111111,
      "n_divergent": null,
      "actual_n_chains": 300,
      "diagnostic_draws_per_chain": 200,
      "sample_finite_fraction": 1.0,
      "finite_draw_fraction": 1.0,
      "sample_covariance_rank": 32,
      "sample_covariance_full_rank": true
    },
    "Stretch Move": {
      "distribution": "Paired Rosenbrock",
      "tau": 2799.034995181461,
      "tau_std": 488.02455170332365,
      "ess": 535.8989803922602,
      "ess_by_coordinate": [
        586.2288000027647,
        1358.4495061484301,
        798.9979189248043,
        974.0040685675708,
        535.8989803922602,
        1000.801208842182,
        861.7319847377404,
        1339.935151543295,
        1148.1289706780228,
        1332.1069440663687,
        804.4847725505803,
        1294.98748877181,
        669.5453814068368,
        1333.4501782584377,
        983.7124935537219,
        1504.487585042045,
        589.7233793652081,
        1177.1006760463347,
        837.8728670294876,
        1158.0601797472586,
        716.2974824606964,
        1176.5573182605128,
        673.3596405249247,
        1233.8842777303707,
        739.8952069981373,
        1153.2741295952474,
        840.2907007988166,
        1384.001649137217,
        1120.1045587939147,
        1198.7471436173232,
        836.8161934478189,
        1403.1280834692118
      ],
      "ess_valid_fraction": [
        0.08666666666666667,
        0.20666666666666667,
        0.12666666666666668,
        0.14666666666666667,
        0.09333333333333334,
        0.16666666666666666,
        0.14,
        0.20666666666666667,
        0.17333333333333334,
        0.21333333333333335,
        0.13333333333333333,
        0.18,
        0.11333333333333333,
        0.2,
        0.14666666666666667,
        0.22666666666666666,
        0.1,
        0.19333333333333333,
        0.14,
        0.18,
        0.11333333333333333,
        0.18,
        0.11333333333333333,
        0.19333333333333333,
        0.12,
        0.16666666666666666,
        0.13333333333333333,
        0.21333333333333335,
        0.17333333333333334,
        0.2,
        0.14,
        0.22666666666666666
      ],
      "n_evaluations": 1500000.0,
      "evaluation_type": "function",
      "ess_per_eval": 0.00035726598692817346,
      "time": 5.430531978607178,
      "sigma": 1.5,
      "epsilon": 0.0,
      "n_leapfrog": null,
      "n_warmup": null,
      "target_accept": null,
      "gamma": null,
      "t0": null,
      "kappa": null,
      "mean_mse": 4.34297888955423,
      "cov_mse": 0.963855499972562,
      "acceptance_rate_mean": 0.17402499999999999,
      "acceptance_rate_min": 0.14483333333333334,
      "acceptance_rate_max": 0.2055,
      "n_divergent": null,
      "actual_n_chains": 150,