{
  "dim": 32,
  "seed": 0,
  "condition_number": 50,
  "n_samples": 10000,
  "burn_in": 1000,
  "n_thin": 1,
  "n_chains": 16,
  "af": false,
  "initialization_mode": "agnostic",
  "initialization_description": "independent N(0, 2^2) coordinates in the intrinsic Rosenbrock frame",
  "transform_affine": false,
  "overlay_rosenbrock": {
    "a": 1.0,
    "b": 100.0,
    "sigma": 0.7
  },
  "summary": {
    "Dense-mass NUTS": {
      "distribution": "Paired Rosenbrock",
      "tau": 5.127043151341683,
      "tau_std": 0.49752324118372315,
      "ess": 31207.071069438924,
      "ess_by_coordinate": [
        52163.314189510726,
        46338.839931409326,
        39402.7069612142,
        36992.772421104615,
        44111.826861533766,
        38545.13781788917,
        44179.07043409999,
        37413.48299132963,
        50167.321118311396,
        44038.66563169072,
        48446.09474708363,
        43665.37345690417,
        44318.18005638947,
        38280.739671566815,
        43385.85374502487,
        36102.806855243376,
        39005.735234424676,
        33842.01164958945,
        40911.093511871986,
        35922.30469640188,
        52877.597094641395,
        43682.18488459595,
        41335.6644248218,
        36205.12168742399,
        41552.218989604546,
        37152.0313048693,
        35303.54591567884,
        31207.071069438924,
        37091.08006579977,
        34316.71019239331,
        42243.50723165865,
        36460.817084379596
      ],
      "ess_valid_fraction": [
        0.8125,
        0.75,
        0.8125,
        0.75,
        0.75,
        0.75,
        0.8125,
        0.8125,
        0.75,
        0.875,
        0.75,
        0.75,
        0.875,
        0.8125,
        0.75,
        0.75,
        0.8125,
        0.8125,
        0.75,
        0.75,
        0.75,
        0.75,
        0.75,
        0.8125,
        0.75,
        0.75,
        0.75,
        0.75,
        0.8125,
        0.75,
        0.75,
        0.8125
      ],
      "n_evaluations": 35006116.36363637,
      "evaluation_type": "gradient",
      "ess_per_eval": 0.0008914748138658474,
      "time": 251.7949516773224,
      "sigma": 0.7,
      "epsilon": 0.024876074865460396,
      "n_leapfrog": 218.78822727272728,
      "n_warmup": 1000,
      "target_accept": 0.8,
      "gamma": 0.05,
      "t0": 10,
      "kappa": 0.75
    },
    "Hamiltonian Walk Move": {
      "distribution": "Paired Rosenbrock",
      "tau": NaN,
      "tau_std": 410.89724020380083,
      "ess": 0.0,
      "ess_by_coordinate": [
        16834.80409940749,
        22985.35571784341,
        7035.887223863071,
        528.3402315281708,
        18939.288233861043,
        26998.782837681778,
        26954.34016897772,
        20836.3504251227,
        2339.271880081341,
        0.0,
        11351.080939968957,
        17755.982763875007,
        16958.250727813058,
        525.9418648784514,
        32762.04159355285,
        22258.106867991526,
        18239.57039312327,
        475.64276467234174,
        1463.4986602756583,
        14893.767476330275,
        1155.7203671560396,
        1149.6356562873061,
        17149.341338719525,
        21147.45844828251,
        20654.467372234118,
        13260.33447544225,
        98.338807410921,
        96.16892420757216,
        702.0003129585107,
        25998.49646090174,
        7958.596064448997,
        225.02158933184282
      ],
      "ess_valid_fraction": [
        1.0,
        1.0,
        1.0,
        0.875,
        1.0,
        1.0,
        1.0,
        1.0,
        1.0,
        0.0,
        1.0,
        1.0,
        1.0,
        0.9375,
        1.0,
        1.0,
        1.0,
        0.8125,
        1.0,
        1.0,
        1.0,
        1.0,
        1.0,
        1.0,
        1.0,
        1.0,
        0.1875,
        0.1875,
        1.0,
        1.0,
        1.0,
        0.4375
      ],
      "n_evaluations": 1120000.0,
      "evaluation_type": "gradient",
      "ess_per_eval": 0.0,
      "time": 20.052854776382446,
      "sigma": 0.7,
      "epsilon": 0.6169434785842896,
      "n_leapfrog": 6,
      "n_warmup": 1000,
      "target_accept": 0.651,
      "gamma": 0.05,
      "t0": 10,
      "kappa": 0.75
    },
    "Stretch Move": {
      "distribution": "Paired Rosenbrock",
      "tau": NaN,
      "tau_std": 1670.3995282400997,
      "ess": 0.0,
      "ess_by_coordinate": [
        0.0,
        0.0,
        0.0,
        0.0,
        37.80452125030114,
        38.768796031994974,
        402.1966255904429,
        124.71082655661124,
        205.52546504408565,
        101.655837202784,
        153.63665689736428,
        0.0,
        0.0,
        0.0,
        0.0,
        0.0,
        31.741289646937815,
        0.0,
        0.0,
        0.0,
        488.87388723596825,
        32.20220550590299,
        0.0,
        100.63494683417454,
        76.06376289471277,
        49.7664231519593,
        0.0,
        0.0,
        292.89966781790633,
        0.0,
        0.0,
        0.0
      ],
      "ess_valid_fraction": [
        0.0,
        0.0,
        0.0,
        0.0,
        0.0625,
        0.0625,
        0.75,
        0.25,
        0.375,
        0.125,
        0.25,
        0.0,
        0.0,
        0.0,
        0.0,
        0.0,
        0.0625,
        0.0,
        0.0,
        0.0,
        0.875,
        0.0625,
        0.0,
        0.1875,
        0.0625,
        0.0625,
        0.0,
        0.0,
        0.375,
        0.0,
        0.0,
        0.0
      ],
      "n_evaluations": 160000.0,
      "evaluation_type": "function",
      "ess_per_eval": 0.0,
      "time": 1.8750135898590088,
      "sigma": 0.7,
      "epsilon": 0.0,
      "n_leapfrog": null,
      "n_warmup": null,
      "target_accept": null,
      "gamma": null,
      "t0": null,
      "kappa": null
    },
    "HMC": {
      "distribution": "Paired Rosenbrock",
      "tau": 2.2707231811006467,
      "tau_std": 0.3108244012792213,
      "ess": 70462.13353159414,
      "ess_by_coordinate": [
        106406.5069981981,
        74316.85756648412,
        103955.1939761265,
        75608.2673141972,
        105281.94832795073,
        75341.2333288749,
        102534.01001743542,
        78063.89030889553,
        101963.2541969071,
        74429.96330814042,
        103810.89140819272,
        73960.59307243014,
        103459.3839997624,
        75227.82573754297,
        107117.92461942777,
        75138.93365245342,
        103357.68602199931,
        75023.00493288247,
        102358.33403737654,
        70521.29206257923,
        107077.62462720668,
        77855.9833954127,
        105809.48972130514,
        77018.49936460695,
        100858.13134113491,
        70462.13353159414,
        105862.47272437246,
        74061.43660045916,
        102233.96825928827,
        72873.31257769256,
        104067.4441537862,
        71476.57445111337
      ],
      "ess_valid_fraction": [
        1.0,
        1.0,
        1.0,
        1.0,
        1.0,
        1.0,
        1.0,
        1.0,
        1.0,
        1.0,
        1.0,
        1.0,
        1.0,
        1.0,
        1.0,
        1.0,
        1.0,
        1.0,
        1.0,
        1.0,
        1.0,
        1.0,
        1.0,
        1.0,
        1.0,
        1.0,
        1.0,
        1.0,
        1.0,
        1.0,
        1.0,
        1.0
      ],
      "n_evaluations": 160160000.0,
      "evaluation_type": "gradient",
      "ess_per_eval": 0.0004399483861862771,
      "time": 354.5774576663971,
      "sigma": 0.7,
      "epsilon": 0.00503979716449976,
      "n_leapfrog": 1000,
      "n_warmup": 1000,
      "target_accept": 0.651,
      "gamma": 0.05,
      "t0": 10,
      "kappa": 0.75
    }
  }
}