{
  "dim": 32,
  "seed": 0,
  "n_samples": 10000,
  "burn_in": 1000,
  "n_thin": 1,
  "n_chains": 100,
  "cond": 10.0,
  "af": true,
  "transform_affine": true,
  "summary": {
    "Dense-mass NUTS": {
      "distribution": "Gaussian",
      "tau": 1.0003724092751722,
      "tau_std": 0.00010185279109186935,
      "ess": 999627.7293618663,
      "ess_by_coordinate": [
        1000000.0,
        1000000.0,
        1000000.0,
        999627.7293618663,
        1000000.0,
        1000000.0,
        1000000.0,
        999740.9212267479,
        1000000.0,
        1000000.0,
        1000000.0,
        1000000.0,
        1000000.0,
        1000000.0,
        999649.9212912547,
        1000000.0,
        1000000.0,
        1000000.0,
        1000000.0,
        1000000.0,
        1000000.0,
        1000000.0,
        1000000.0,
        1000000.0,
        1000000.0,
        1000000.0,
        999779.4649374841,
        1000000.0,
        1000000.0,
        1000000.0,
        1000000.0,
        1000000.0
      ],
      "ess_valid_fraction": [
        1.0,
        1.0,
        1.0,
        1.0,
        1.0,
        1.0,
        1.0,
        1.0,
        1.0,
        1.0,
        1.0,
        1.0,
        1.0,
        1.0,
        1.0,
        1.0,
        1.0,
        1.0,
        1.0,
        1.0,
        1.0,
        1.0,
        1.0,
        1.0,
        1.0,
        1.0,
        1.0,
        1.0,
        1.0,
        1.0,
        1.0,
        1.0
      ],
      "n_evaluations": 7072923.636363637,
      "evaluation_type": "gradient",
      "ess_per_eval": 0.14133161628135424,
      "time": 286.0905714035034,
      "sigma": 0.0,
      "epsilon": 0.5248904228210449,
      "n_leapfrog": 7.072923636363637,
      "n_warmup": 1000,
      "target_accept": 0.8,
      "gamma": 0.05,
      "t0": 10,
      "kappa": 0.75
    },
    "Hamiltonian Walk Move": {
      "distribution": "Gaussian",
      "tau": 1.236727855136719,
      "tau_std": 0.008837581785904708,
      "ess": 808585.329299833,
      "ess_by_coordinate": [
        818348.1831989936,
        822903.2299954833,
        818785.0013371704,
        819155.1569521425,
        808585.329299833,
        820527.1462846876,
        809057.6483966111,
        820558.3798175555,
        823579.1189752882,
        817316.0780728814,
        822757.86673878,
        825718.4771953295,
        811861.3930821167,
        813984.6896184072,
        824040.295399964,
        829476.6111170021,
        818828.6115591849,
        821025.2691169796,
        823421.5685040234,
        825223.1301033893,
        810532.2362542375,
        825578.9355351506,
        819867.5988506384,
        819736.2312150871,
        814899.5394704208,
        811962.2863607256,
        813215.2888783336,
        809240.5190380763,
        824733.4417819272,
        826211.3603058695,
        817607.7924303667,
        831028.121751559
      ],
      "ess_valid_fraction": [
        1.0,
        1.0,
        1.0,
        1.0,
        1.0,
        1.0,
        1.0,
        1.0,
        1.0,
        1.0,
        1.0,
        1.0,
        1.0,
        1.0,
        1.0,
        1.0,
        1.0,
        1.0,
        1.0,
        1.0,
        1.0,
        1.0,
        1.0,
        1.0,
        1.0,
        1.0,
        1.0,
        1.0,
        1.0,
        1.0,
        1.0,
        1.0
      ],
      "n_evaluations": 9000000.0,
      "evaluation_type": "gradient",
      "ess_per_eval": 0.08984281436664812,
      "time": 136.59929990768433,
      "sigma": 0.0,
      "epsilon": 0.6388887166976929,
      "n_leapfrog": 8,
      "n_warmup": 1000,
      "target_accept": 0.651,
      "gamma": 0.05,
      "t0": 10,
      "kappa": 0.75
    },
    "Stretch Move": {
      "distribution": "Gaussian",
      "tau": 270.69311860975006,
      "tau_std": 16.47293653878699,
      "ess": 3694.2202488777307,
      "ess_by_coordinate": [
        5290.956788998966,
        3862.7972140813854,
        4269.73697807402,
        4169.780576926043,
        4580.509154406909,
        4481.070490960812,
        4259.682290906102,
        4412.860367182275,
        4558.367871157552,
        4474.848077227221,
        4384.338859311467,
        4604.913638074563,
        4290.075674963984,
        4698.346393968309,
        4393.331785200026,
        4228.002002863547,
        4140.02421395808,
        4675.34356781168,
        4407.15499194922,
        4137.464528008655,
        4647.826009660183,
        4067.23487069836,
        4029.780298160206,
        4316.521297974739,
        3949.4659847790535,
        3998.206990585784,
        4058.651752599319,
        4352.128060886445,
        3961.487441413416,
        4808.951254084653,
        3694.2202488777307,
        4514.672991596067
      ],
      "ess_valid_fraction": [
        0.85,
        0.72,
        0.79,
        0.74,
        0.77,
        0.77,
        0.69,
        0.8,
        0.8,
        0.79,
        0.78,
        0.8,
        0.72,
        0.79,
        0.79,
        0.74,
        0.75,
        0.76,
        0.77,
        0.76,
        0.86,
        0.73,
        0.74,
        0.72,
        0.69,
        0.74,
        0.71,
        0.73,
        0.65,
        0.84,
        0.63,
        0.78
      ],
      "n_evaluations": 1000000.0,
      "evaluation_type": "function",
      "ess_per_eval": 0.0036942202488777307,
      "time": 6.6181864738464355,
      "sigma": 0.0,
      "epsilon": 0.0,
      "n_leapfrog": null,
      "n_warmup": null,
      "target_accept": null,
      "gamma": null,
      "t0": null,
      "kappa": null
    },
    "HMC": {
      "distribution": "Gaussian",
      "tau": 47.68186831749335,
      "tau_std": 13.216932420250819,
      "ess": 20972.332571815852,
      "ess_by_coordinate": [
        1000000.0,
        1000000.0,
        1000000.0,
        1000000.0,
        1000000.0,
        1000000.0,
        1000000.0,
        979782.1741100877,
        827956.9963018508,
        683250.8975375793,
        560032.3579549196,
        458739.93508856045,
        385718.94414646144,
        319840.05972804176,
        269399.48969374085,
        225937.59958314887,
        190196.41901346672,
        163099.47880594566,
        141721.75167161526,
        112519.60285395708,
        101665.7354089566,
        88205.23128147476,
        71228.18740975982,
        63713.87799719496,
        55036.58339663163,
        46449.985236525434,
        39998.67759443428,
        35905.408921016395,
        29840.639463628155,
        27735.236120273523,
        23623.777354009577,
        20972.332571815852
      ],
      "ess_valid_fraction": [
        1.0,
        1.0,
        1.0,
        1.0,
        1.0,
        1.0,
        1.0,
        1.0,
        1.0,
        1.0,
        1.0,
        1.0,
        1.0,
        1.0,
        1.0,
        1.0,
        1.0,
        1.0,
        1.0,
        1.0,
        1.0,
        1.0,
        1.0,
        1.0,
        1.0,
        1.0,
        1.0,
        1.0,
        1.0,
        1.0,
        1.0,
        1.0
      ],
      "n_evaluations": 3000000.0,
      "evaluation_type": "gradient",
      "ess_per_eval": 0.006990777523938617,
      "time": 72.57575726509094,
      "sigma": 0.0,
      "epsilon": 3.8702645301818848,
      "n_leapfrog": 2,
      "n_warmup": 1000,
      "target_accept": 0.651,
      "gamma": 0.05,
      "t0": 10,
      "kappa": 0.75
    }
  }
}