{
  "dim": 32,
  "seed": 4,
  "n_samples": 10000,
  "burn_in": 1000,
  "n_thin": 1,
  "n_chains": 100,
  "cond": 31.62,
  "af": true,
  "transform_affine": true,
  "summary": {
    "Dense-mass NUTS": {
      "distribution": "Gaussian",
      "tau": 1.0005381796922659,
      "tau_std": 9.363930348115038e-05,
      "ess": 999462.1097893221,
      "ess_by_coordinate": [
        1000000.0,
        1000000.0,
        1000000.0,
        1000000.0,
        1000000.0,
        1000000.0,
        1000000.0,
        1000000.0,
        1000000.0,
        1000000.0,
        1000000.0,
        1000000.0,
        999462.1097893221,
        1000000.0,
        1000000.0,
        1000000.0,
        1000000.0,
        1000000.0,
        1000000.0,
        1000000.0,
        1000000.0,
        1000000.0,
        1000000.0,
        1000000.0,
        1000000.0,
        1000000.0,
        1000000.0,
        1000000.0,
        1000000.0,
        1000000.0,
        1000000.0,
        1000000.0
      ],
      "ess_valid_fraction": [
        1.0,
        1.0,
        1.0,
        1.0,
        1.0,
        1.0,
        1.0,
        1.0,
        1.0,
        1.0,
        1.0,
        1.0,
        1.0,
        1.0,
        1.0,
        1.0,
        1.0,
        1.0,
        1.0,
        1.0,
        1.0,
        1.0,
        1.0,
        1.0,
        1.0,
        1.0,
        1.0,
        1.0,
        1.0,
        1.0,
        1.0,
        1.0
      ],
      "n_evaluations": 7286458.181818182,
      "evaluation_type": "gradient",
      "ess_per_eval": 0.13716706867038211,
      "time": 495.55177998542786,
      "sigma": 0.0,
      "epsilon": 0.5798405408859253,
      "n_leapfrog": 7.2864581818181815,
      "n_warmup": 1000,
      "target_accept": 0.8,
      "gamma": 0.05,
      "t0": 10,
      "kappa": 0.75
    },
    "Hamiltonian Walk Move": {
      "distribution": "Gaussian",
      "tau": 1.2656236669192509,
      "tau_std": 0.009690936552617548,
      "ess": 790124.289026749,
      "ess_by_coordinate": [
        809103.6463763291,
        810807.6429993302,
        808075.7186031465,
        799298.1219207543,
        816653.7056466016,
        797060.4251173262,
        800744.4576397303,
        811470.9389356234,
        805301.2841757688,
        805780.4031432497,
        803418.9675338751,
        808481.804867287,
        811974.318434349,
        796994.2142484806,
        810527.4723254412,
        803742.7452580724,
        804040.1285354211,
        807527.1977203191,
        814633.9286839617,
        812331.1342563278,
        801838.7668046344,
        803138.4579103885,
        790124.289026749,
        804673.0435493652,
        799454.6009095074,
        799916.8431318791,
        810657.1297877132,
        792713.1010686284,
        795389.9873197573,
        804325.6999724765,
        806564.3051438062,
        809339.6339766803
      ],
      "ess_valid_fraction": [
        1.0,
        1.0,
        1.0,
        1.0,
        1.0,
        1.0,
        1.0,
        1.0,
        1.0,
        1.0,
        1.0,
        1.0,
        1.0,
        1.0,
        1.0,
        1.0,
        1.0,
        1.0,
        1.0,
        1.0,
        1.0,
        1.0,
        1.0,
        1.0,
        1.0,
        1.0,
        1.0,
        1.0,
        1.0,
        1.0,
        1.0,
        1.0
      ],
      "n_evaluations": 10000000.0,
      "evaluation_type": "gradient",
      "ess_per_eval": 0.0790124289026749,
      "time": 140.57971739768982,
      "sigma": 0.0,
      "epsilon": 0.6412752270698547,
      "n_leapfrog": 9,
      "n_warmup": 1000,
      "target_accept": 0.651,
      "gamma": 0.05,
      "t0": 10,
      "kappa": 0.75
    },
    "Stretch Move": {
      "distribution": "Gaussian",
      "tau": 269.5997004571101,
      "tau_std": 18.618999965195215,
      "ess": 3709.202934218717,
      "ess_by_coordinate": [
        4677.984811692036,
        4124.9370254815585,
        3889.068518594128,
        5115.426989672313,
        4737.3373355584445,
        4638.0226767635095,
        5050.028630213039,
        4275.948442326257,
        4292.9698627612215,
        3954.0646770106596,
        3709.202934218717,
        4413.797076113688,
        4311.470082213107,
        4447.481673525106,
        4701.958404120109,
        4159.479177199471,
        4299.4320534014905,
        4329.18693398617,
        4580.3666284242645,
        4805.560477128799,
        3915.9373958093897,
        3745.85774479733,
        4465.453414198984,
        4383.145367340636,
        4219.541991743297,
        4458.0627361751,
        4430.739788814587,
        3810.2811206496053,
        4294.819284113144,
        4887.4682290646715,
        4528.213252531254,
        4455.455081465453
      ],
      "ess_valid_fraction": [
        0.77,
        0.75,
        0.69,
        0.8,
        0.76,
        0.74,
        0.84,
        0.72,
        0.75,
        0.72,
        0.68,
        0.76,
        0.75,
        0.79,
        0.79,
        0.73,
        0.77,
        0.73,
        0.76,
        0.81,
        0.71,
        0.66,
        0.76,
        0.78,
        0.75,
        0.78,
        0.74,
        0.72,
        0.75,
        0.83,
        0.76,
        0.75
      ],
      "n_evaluations": 1000000.0,
      "evaluation_type": "function",
      "ess_per_eval": 0.003709202934218717,
      "time": 6.185048580169678,
      "sigma": 0.0,
      "epsilon": 0.0,
      "n_leapfrog": null,
      "n_warmup": null,
      "target_accept": null,
      "gamma": null,
      "t0": null,
      "kappa": null
    },
    "HMC": {
      "distribution": "Gaussian",
      "tau": 213.8627999816518,
      "tau_std": 63.893375949799946,
      "ess": 4675.895013465616,
      "ess_by_coordinate": [
        1000000.0,
        1000000.0,
        1000000.0,
        1000000.0,
        1000000.0,
        941042.7403306729,
        713939.8542516284,
        538793.3037760498,
        399786.446366689,
        308336.9833138678,
        239694.6940455626,
        186374.23060991752,
        142979.20958180062,
        113011.56360869577,
        89297.47151958969,
        74788.21621822828,
        56648.942906363765,
        47444.571179254526,
        37483.22780215462,
        30716.09860518391,
        24725.633718565623,
        20152.732897253285,
        16639.751806595712,
        14609.41278943872,
        12661.164827325172,
        10145.273424896115,
        10047.303537330818,
        7881.55256186082,
        5810.926201877252,
        5584.730421410283,
        4922.25504166729,
        4675.895013465616
      ],
      "ess_valid_fraction": [
        1.0,
        1.0,
        1.0,
        1.0,
        1.0,
        1.0,
        1.0,
        1.0,
        1.0,
        1.0,
        1.0,
        1.0,
        1.0,
        1.0,
        1.0,
        1.0,
        1.0,
        1.0,
        1.0,
        1.0,
        1.0,
        1.0,
        1.0,
        1.0,
        0.99,
        0.98,
        0.97,
        0.95,
        0.86,
        0.89,
        0.85,
        0.8
      ],
      "n_evaluations": 3000000.0,
      "evaluation_type": "gradient",
      "ess_per_eval": 0.0015586316711552054,
      "time": 74.70392489433289,
      "sigma": 0.0,
      "epsilon": 4.091797828674316,
      "n_leapfrog": 2,
      "n_warmup": 1000,
      "target_accept": 0.651,
      "gamma": 0.05,
      "t0": 10,
      "kappa": 0.75
    }
  }
}