{
  "dim": 8,
  "seed": 1,
  "condition_number": 50.0,
  "n_samples": 10000,
  "burn_in": 1000,
  "n_thin": 1,
  "n_chains": 16,
  "af": false,
  "transform_affine": false,
  "summary": {
    "Dense-mass NUTS": {
      "distribution": "Gaussian",
      "tau": 1.0,
      "tau_std": 0.0,
      "ess": 160000.0,
      "ess_by_coordinate": [
        160000.0,
        160000.0,
        160000.0,
        160000.0,
        160000.0,
        160000.0,
        160000.0,
        160000.0
      ],
      "ess_valid_fraction": [
        1.0,
        1.0,
        1.0,
        1.0,
        1.0,
        1.0,
        1.0,
        1.0
      ],
      "n_evaluations": 982034.5454545455,
      "evaluation_type": "gradient",
      "ess_per_eval": 0.1629270586667012,
      "time": 18.14955234527588,
      "sigma": 0.0,
      "epsilon": 0.8467650413513184,
      "n_leapfrog": 6.137715909090909,
      "n_warmup": 1000,
      "target_accept": 0.8,
      "gamma": 0.05,
      "t0": 10,
      "kappa": 0.75
    },
    "Hamiltonian Walk Move": {
      "distribution": "Gaussian",
      "tau": 1.7821083595015599,
      "tau_std": 0.033373165819794416,
      "ess": 89781.29705016961,
      "ess_by_coordinate": [
        91377.44918379377,
        93025.57546600634,
        90359.47228839918,
        93695.20625028826,
        94549.85651528554,
        92057.25441602599,
        89781.29705016961,
        94947.64519831384
      ],
      "ess_valid_fraction": [
        1.0,
        1.0,
        1.0,
        1.0,
        1.0,
        1.0,
        1.0,
        1.0
      ],
      "n_evaluations": 1440000.0,
      "evaluation_type": "gradient",
      "ess_per_eval": 0.06234812295150667,
      "time": 18.942811727523804,
      "sigma": 0.0,
      "epsilon": 0.8272047638893127,
      "n_leapfrog": 8,
      "n_warmup": 1000,
      "target_accept": 0.651,
      "gamma": 0.05,
      "t0": 10,
      "kappa": 0.75
    },
    "Stretch Move": {
      "distribution": "Gaussian",
      "tau": 103.56870734380139,
      "tau_std": 7.0735111946199325,
      "ess": 1544.8681759527244,
      "ess_by_coordinate": [
        1949.6893791463506,
        1857.2875834910815,
        1852.0508361516129,
        1771.094042161369,
        1759.5539074043836,
        1581.5899017031581,
        1544.8681759527244,
        1833.4003233743217
      ],
      "ess_valid_fraction": [
        1.0,
        0.9375,
        1.0,
        1.0,
        1.0,
        1.0,
        0.9375,
        1.0
      ],
      "n_evaluations": 160000.0,
      "evaluation_type": "function",
      "ess_per_eval": 0.009655426099704528,
      "time": 0.8424644470214844,
      "sigma": 0.0,
      "epsilon": 0.0,
      "n_leapfrog": null,
      "n_warmup": null,
      "target_accept": null,
      "gamma": null,
      "t0": null,
      "kappa": null
    },
    "HMC": {
      "distribution": "Gaussian",
      "tau": 1.7522772268180167,
      "tau_std": 0.024475201150983287,
      "ess": 91309.75256155449,
      "ess_by_coordinate": [
        92176.07768796087,
        93538.94225142433,
        91309.75256155449,
        95893.65776321142,
        92456.47115260051,
        93448.7048242454,
        92480.52540919636,
        94315.55522000523
      ],
      "ess_valid_fraction": [
        1.0,
        1.0,
        1.0,
        1.0,
        1.0,
        1.0,
        1.0,
        1.0
      ],
      "n_evaluations": 320000.0,
      "evaluation_type": "gradient",
      "ess_per_eval": 0.28534297675485776,
      "time": 8.991318225860596,
      "sigma": 0.0,
      "epsilon": 2.9515559673309326,
      "n_leapfrog": 1,
      "n_warmup": 1000,
      "target_accept": 0.651,
      "gamma": 0.05,
      "t0": 10,
      "kappa": 0.75
    }
  }
}