{
  "dim": 8,
  "seed": 1,
  "condition_number": 50.0,
  "n_samples": 10000,
  "burn_in": 2000,
  "n_thin": 1,
  "n_chains": 150,
  "hwm_walkers_requested": 300,
  "jax_enable_x64": true,
  "af": false,
  "transform_affine": false,
  "summary": {
    "Dense-mass NUTS": {
      "distribution": "Gaussian",
      "tau": 1.0,
      "tau_std": 0.0,
      "ess": 1500000.0,
      "ess_by_coordinate": [
        1500000.0,
        1500000.0,
        1500000.0,
        1500000.0,
        1500000.0,
        1500000.0,
        1500000.0,
        1500000.0
      ],
      "ess_valid_fraction": [
        1.0,
        1.0,
        1.0,
        1.0,
        1.0,
        1.0,
        1.0,
        1.0
      ],
      "n_evaluations": 9349726.666666666,
      "evaluation_type": "gradient",
      "ess_per_eval": 0.1604324974919053,
      "time": 26.18467116355896,
      "sigma": 0.0,
      "epsilon": 0.7328718472182779,
      "n_leapfrog": 6.233151111111111,
      "n_warmup": 2000,
      "target_accept": 0.8,
      "gamma": 0.05,
      "t0": 10,
      "kappa": 0.75,
      "mean_mse": 5.28660514719839e-06,
      "cov_mse": 2.4942825258986188e-05,
      "acceptance_rate_mean": 0.8881074596074892,
      "acceptance_rate_min": 0.8368238661396625,
      "acceptance_rate_max": 0.9244475254189934,
      "n_divergent": 0,
      "actual_n_chains": 150,
      "diagnostic_draws_per_chain": 200,
      "sample_finite_fraction": 1.0,
      "finite_draw_fraction": 1.0,
      "sample_covariance_rank": 8,
      "sample_covariance_full_rank": true
    },
    "Hamiltonian Walk Move": {
      "distribution": "Gaussian",
      "tau": 1.6422871020733925,
      "tau_std": 0.007316653113107688,
      "ess": 1826720.794562955,
      "ess_by_coordinate": [
        1841925.519907343,
        1841640.5525566768,
        1826720.794562955,
        1829433.5624178534,
        1835342.9702298453,
        1852055.4481038416,
        1847776.7635154412,
        1833786.8202982075
      ],
      "ess_valid_fraction": [
        1.0,
        1.0,
        1.0,
        1.0,
        1.0,
        1.0,
        1.0,
        1.0
      ],
      "n_evaluations": 14295750.0,
      "evaluation_type": "gradient",
      "ess_per_eval": 0.1277806896849032,
      "time": 23.625949382781982,
      "sigma": 0.0,
      "epsilon": 1.2023229846803396,
      "n_leapfrog": 3.76525,
      "n_warmup": 2000,
      "target_accept": 0.651,
      "gamma": 0.05,
      "t0": 10,
      "kappa": 0.75,
      "mean_mse": 3.414481173498636e-06,
      "cov_mse": 1.3555012301512283e-05,
      "acceptance_rate_mean": 0.6489222222222222,
      "acceptance_rate_min": 0.6489222222222222,
      "acceptance_rate_max": 0.6489222222222222,
      "n_divergent": null,
      "actual_n_chains": 300,
      "diagnostic_draws_per_chain": 200,
      "sample_finite_fraction": 1.0,
      "finite_draw_fraction": 1.0,
      "sample_covariance_rank": 8,
      "sample_covariance_full_rank": true
    },
    "Stretch Move": {
      "distribution": "Gaussian",
      "tau": 75.18401887273336,
      "tau_std": 1.8495323360124054,
      "ess": 19951.04840749605,
      "ess_by_coordinate": [
        20298.871770631617,
        21797.001509620568,
        21036.221650938172,
        21027.58414799966,
        20767.508547290807,
        21066.670599785284,
        19951.04840749605,
        20417.956930370492
      ],
      "ess_valid_fraction": [
        0.9933333333333333,
        1.0,
        0.9866666666666667,
        1.0,
        1.0,
        0.9933333333333333,
        1.0,
        1.0
      ],
      "n_evaluations": 1500000.0,
      "evaluation_type": "function",
      "ess_per_eval": 0.013300698938330701,
      "time": 4.605446815490723,
      "sigma": 0.0,
      "epsilon": 0.0,
      "n_leapfrog": null,
      "n_warmup": null,
      "target_accept": null,
      "gamma": null,
      "t0": null,
      "kappa": null,
      "mean_mse": 0.0008059295145636219,
      "cov_mse": 0.00014531858388957007,
      "acceptance_rate_mean": 0.532955,
      "acceptance_rate_min": 0.5173333333333333,
      "acceptance_rate_max": 0.545,
      "n_divergent": null,
      "actual_n_chains": 150,
      "diagnostic_draws_per_chain": 200,
      "sample_finite_fraction": 1.0,
      "finite_draw_fraction": 1.0,
      "sample_covariance_rank": 8,
      "sample_covariance_full_rank": true
    },
    "HMC": {
      "distribution": "Gaussian",
      "tau": 1.7272038492394706,
      "tau_std": 0.005453656778045524,
      "ess": 868455.6838270631,
      "ess_by_coordinate": [
        875671.4559079242,
        873990.3993601277,
        873691.052569025,
        876746.476066493,
        876063.636635589,
        868455.6838270631,
        875388.1229256096,
        878383.318646993
      ],
      "ess_valid_fraction": [
        1.0,
        1.0,
        1.0,
        1.0,
        1.0,
        1.0,
        1.0,
        1.0
      ],
      "n_evaluations": 3372000.0000000005,
      "evaluation_type": "gradient",
      "ess_per_eval": 0.25754913518003053,
      "time": 12.994402647018433,
      "sigma": 0.0,
      "epsilon": 3.532989067872728,
      "n_leapfrog": 1.248,
      "n_warmup": 2000,
      "target_accept": 0.651,
      "gamma": 0.05,
      "t0": 10,
      "kappa": 0.75,
      "mean_mse": 1.0816384685161143e-05,
      "cov_mse": 1.5016419880960399e-05,
      "acceptance_rate_mean": 0.655697222222222,
      "acceptance_rate_min": 0.6556972222222222,
      "acceptance_rate_max": 0.6556972222222222,
      "n_divergent": null,
      "actual_n_chains": 150,
      "diagnostic_draws_per_chain": 200,
      "sample_finite_fraction": 1.0,
      "finite_draw_fraction": 1.0,
      "sample_covariance_rank": 8,
      "sample_covariance_full_rank": true
    }
  }
}