{
  "dim": 2,
  "seed": 0,
  "condition_number": 50,
  "n_samples": 10000,
  "burn_in": 2000,
  "n_thin": 1,
  "n_chains": 150,
  "hwm_walkers_requested": 300,
  "jax_enable_x64": true,
  "af": false,
  "initialization_mode": "agnostic",
  "initialization_description": "independent N(0, 2^2) coordinates in the intrinsic Rosenbrock frame",
  "transform_affine": false,
  "overlay_rosenbrock": {
    "a": 1.0,
    "b": 100.0,
    "sigma": 1.5
  },
  "summary": {
    "Dense-mass NUTS": {
      "distribution": "Paired Rosenbrock",
      "tau": 24.05251393041057,
      "tau_std": 1.3898988740897238,
      "ess": 62363.543550576185,
      "ess_by_coordinate": [
        62363.543550576185,
        70512.85727456537
      ],
      "ess_valid_fraction": [
        0.8533333333333334,
        0.8466666666666667
      ],
      "n_evaluations": 37565242.5,
      "evaluation_type": "gradient",
      "ess_per_eval": 0.0016601395172831956,
      "time": 6093.490978240967,
      "sigma": 1.5,
      "epsilon": 0.04823891662309402,
      "n_leapfrog": 25.043495,
      "n_warmup": 2000,
      "target_accept": 0.8,
      "gamma": 0.05,
      "t0": 10,
      "kappa": 0.75,
      "mean_mse": 0.006595093846100767,
      "cov_mse": 0.022066165681769785,
      "acceptance_rate_mean": 0.7842307766214777,
      "acceptance_rate_min": 0.09730949762305222,
      "acceptance_rate_max": 0.9731387425043931,
      "n_divergent": 42838,
      "actual_n_chains": 150,
      "diagnostic_draws_per_chain": 200,
      "sample_finite_fraction": 1.0,
      "finite_draw_fraction": 1.0,
      "sample_covariance_rank": 2,
      "sample_covariance_full_rank": true
    },
    "Hamiltonian Walk Move": {
      "distribution": "Paired Rosenbrock",
      "tau": 225.77683291984644,
      "tau_std": 14.588471332148714,
      "ess": 13287.457181512671,
      "ess_by_coordinate": [
        13287.457181512671,
        15259.418487469502
      ],
      "ess_valid_fraction": [
        0.62,
        0.63
      ],
      "n_evaluations": 12191500.0,
      "evaluation_type": "gradient",
      "ess_per_eval": 0.0010898951877548022,
      "time": 112.27226376533508,
      "sigma": 1.5,
      "epsilon": 0.08859222510982122,
      "n_leapfrog": 3.063833333333333,
      "n_warmup": 2000,
      "target_accept": 0.651,
      "gamma": 0.05,
      "t0": 10,
      "kappa": 0.75,
      "mean_mse": 0.8636351992313848,
      "cov_mse": 0.579529917368333,
      "acceptance_rate_mean": 0.5077466666666667,
      "acceptance_rate_min": 0.5077466666666667,
      "acceptance_rate_max": 0.5077466666666667,
      "n_divergent": null,
      "actual_n_chains": 300,
      "diagnostic_draws_per_chain": 200,
      "sample_finite_fraction": 1.0,
      "finite_draw_fraction": 1.0,
      "sample_covariance_rank": 2,
      "sample_covariance_full_rank": true
    },
    "Stretch Move": {
      "distribution": "Paired Rosenbrock",
      "tau": 389.03234408429995,
      "tau_std": 48.83202122771394,
      "ess": 3855.7205404879214,
      "ess_by_coordinate": [
        3855.7205404879214,
        5148.123497354947
      ],
      "ess_valid_fraction": [
        0.52,
        0.6266666666666667
      ],
      "n_evaluations": 1500000.0,
      "evaluation_type": "function",
      "ess_per_eval": 0.002570480360325281,
      "time": 2.5822460651397705,
      "sigma": 1.5,
      "epsilon": 0.0,
      "n_leapfrog": null,
      "n_warmup": null,
      "target_accept": null,
      "gamma": null,
      "t0": null,
      "kappa": null,
      "mean_mse": 0.005492703718957554,
      "cov_mse": 0.042789651948678446,
      "acceptance_rate_mean": 0.25781166666666666,
      "acceptance_rate_min": 0.11033333333333334,
      "acceptance_rate_max": 0.2970833333333333,
      "n_divergent": null,
      "actual_n_chains": 150,
      "diagnostic_draws_per_chain": 200,
      "sample_finite_fraction": 1.0,
      "finite_draw_fraction": 1.0,
      "sample_covariance_rank": 2,
      "sample_covariance_full_rank": true
    },
    "HMC": {
      "distribution": "Paired Rosenbrock",
      "tau": 246.81844729821708,
      "tau_std": 3.7847886678384413,
      "ess": 6077.341529450726,
      "ess_by_coordinate": [
        6269.622089478871,
        6077.341529450726
      ],
      "ess_valid_fraction": [
        0.58,
        0.52
      ],
      "n_evaluations": 5778000.0,
      "evaluation_type": "gradient",
      "ess_per_eval": 0.0010518071182849993,
      "time": 76.6446783542633,
      "sigma": 1.5,
      "epsilon": 0.10984487550208942,
      "n_leapfrog": 2.852,
      "n_warmup": 2000,
      "target_accept": 0.651,
      "gamma": 0.05,
      "t0": 10,
      "kappa": 0.75,
      "mean_mse": 1.7863514633500748,
      "cov_mse": 0.7444205582430206,
      "acceptance_rate_mean": 0.5731183333333333,
      "acceptance_rate_min": 0.5731183333333333,
      "acceptance_rate_max": 0.5731183333333333,
      "n_divergent": null,
      "actual_n_chains": 150,
      "diagnostic_draws_per_chain": 200,
      "sample_finite_fraction": 1.0,
      "finite_draw_fraction": 1.0,
      "sample_covariance_rank": 2,
      "sample_covariance_full_rank": true
    }
  }
}