{
  "dim": 8,
  "seed": 4,
  "condition_number": 1,
  "n_samples": 10000,
  "burn_in": 1000,
  "n_thin": 1,
  "n_chains": 300,
  "af": false,
  "transform_affine": false,
  "summary": {
    "Dense-mass NUTS": {
      "distribution": "Gaussian",
      "tau": 1.0,
      "tau_std": 0.0,
      "ess": 3000000.0,
      "ess_by_coordinate": [
        3000000.0,
        3000000.0,
        3000000.0,
        3000000.0,
        3000000.0,
        3000000.0,
        3000000.0,
        3000000.0
      ],
      "ess_valid_fraction": [
        1.0,
        1.0,
        1.0,
        1.0,
        1.0,
        1.0,
        1.0,
        1.0
      ],
      "n_evaluations": 18908980.0,
      "evaluation_type": "gradient",
      "ess_per_eval": 0.1586547767251327,
      "time": 24.081085681915283,
      "sigma": 0.0,
      "epsilon": 0.8005971312522888,
      "n_leapfrog": 6.302993333333333,
      "n_warmup": 1000,
      "target_accept": 0.8,
      "gamma": 0.05,
      "t0": 10,
      "kappa": 0.75
    },
    "Hamiltonian Walk Move": {
      "distribution": "Gaussian",
      "tau": 3.769514683024703,
      "tau_std": 0.02149858369583202,
      "ess": 795858.4200533647,
      "ess_by_coordinate": [
        798382.5813837091,
        795858.4200533647,
        807021.6095449596,
        799147.6756902506,
        810773.2120638073,
        802354.5324045984,
        798833.4770965059,
        801151.2061179184
      ],
      "ess_valid_fraction": [
        1.0,
        1.0,
        1.0,
        1.0,
        1.0,
        1.0,
        1.0,
        1.0
      ],
      "n_evaluations": 6000000.0,
      "evaluation_type": "gradient",
      "ess_per_eval": 0.1326430700088941,
      "time": 11.995357990264893,
      "sigma": 0.0,
      "epsilon": 1.0,
      "n_leapfrog": 1,
      "n_warmup": 1000,
      "target_accept": 0.651,
      "gamma": 0.05,
      "t0": 10,
      "kappa": 0.75
    },
    "Stretch Move": {
      "distribution": "Gaussian",
      "tau": 76.01711274155693,
      "tau_std": 2.158565836551703,
      "ess": 39464.79801461815,
      "ess_by_coordinate": [
        41415.594079826624,
        42207.171090317555,
        39826.93561535,
        41541.70592242049,
        41750.75521148335,
        43656.49119129769,
        39464.79801461815,
        41559.793838781945
      ],
      "ess_valid_fraction": [
        1.0,
        1.0,
        0.9966666666666667,
        0.9966666666666667,
        0.9966666666666667,
        0.9966666666666667,
        0.9966666666666667,
        0.9966666666666667
      ],
      "n_evaluations": 3000000.0,
      "evaluation_type": "function",
      "ess_per_eval": 0.013154932671539384,
      "time": 3.969994068145752,
      "sigma": 0.0,
      "epsilon": 0.0,
      "n_leapfrog": null,
      "n_warmup": null,
      "target_accept": null,
      "gamma": null,
      "t0": null,
      "kappa": null
    },
    "HMC": {
      "distribution": "Gaussian",
      "tau": 409.602603996415,
      "tau_std": 19.06563334227085,
      "ess": 7324.172187211625,
      "ess_by_coordinate": [
        7543.707135518594,
        8617.183386974611,
        8299.633493551642,
        7324.172187211625,
        7792.40006553342,
        7954.327376279787,
        7724.941567871434,
        8249.937022714657
      ],
      "ess_valid_fraction": [
        0.5033333333333333,
        0.5833333333333334,
        0.58,
        0.5266666666666666,
        0.5433333333333333,
        0.5633333333333334,
        0.5266666666666666,
        0.54
      ],
      "n_evaluations": 9000000.0,
      "evaluation_type": "gradient",
      "ess_per_eval": 0.0008137969096901806,
      "time": 8.17772626876831,
      "sigma": 0.0,
      "epsilon": 0.10000000149011612,
      "n_leapfrog": 2,
      "n_warmup": 1000,
      "target_accept": 0.651,
      "gamma": 0.05,
      "t0": 10,
      "kappa": 0.75
    }
  }
}