{
  "dim": 8,
  "seed": 4,
  "condition_number": 50.0,
  "n_samples": 10000,
  "burn_in": 2000,
  "n_thin": 1,
  "n_chains": 150,
  "hwm_walkers_requested": 300,
  "jax_enable_x64": true,
  "af": false,
  "transform_affine": false,
  "summary": {
    "Dense-mass NUTS": {
      "distribution": "Gaussian",
      "tau": 1.0,
      "tau_std": 0.0,
      "ess": 1500000.0,
      "ess_by_coordinate": [
        1500000.0,
        1500000.0,
        1500000.0,
        1500000.0,
        1500000.0,
        1500000.0,
        1500000.0,
        1500000.0
      ],
      "ess_valid_fraction": [
        1.0,
        1.0,
        1.0,
        1.0,
        1.0,
        1.0,
        1.0,
        1.0
      ],
      "n_evaluations": 9277450.0,
      "evaluation_type": "gradient",
      "ess_per_eval": 0.1616823588378272,
      "time": 25.96383261680603,
      "sigma": 0.0,
      "epsilon": 0.6143668927953619,
      "n_leapfrog": 6.184966666666667,
      "n_warmup": 2000,
      "target_accept": 0.8,
      "gamma": 0.05,
      "t0": 10,
      "kappa": 0.75,
      "mean_mse": 4.457272741397114e-06,
      "cov_mse": 1.3068627061763907e-05,
      "acceptance_rate_mean": 0.8850844213511194,
      "acceptance_rate_min": 0.8266143180655444,
      "acceptance_rate_max": 0.9228619678142664,
      "n_divergent": 0,
      "actual_n_chains": 150,
      "diagnostic_draws_per_chain": 200,
      "sample_finite_fraction": 1.0,
      "finite_draw_fraction": 1.0,
      "sample_covariance_rank": 8,
      "sample_covariance_full_rank": true
    },
    "Hamiltonian Walk Move": {
      "distribution": "Gaussian",
      "tau": 2.110732188152278,
      "tau_std": 0.007150866515114284,
      "ess": 1421307.7418534001,
      "ess_by_coordinate": [
        1421307.7418534001,
        1432403.4219861506,
        1437326.2260374231,
        1435847.6231098508,
        1427183.3565646876,
        1428954.6978981772,
        1426778.0808999103,
        1428728.949334129
      ],
      "ess_valid_fraction": [
        1.0,
        1.0,
        1.0,
        1.0,
        1.0,
        1.0,
        1.0,
        1.0
      ],
      "n_evaluations": 20424250.0,
      "evaluation_type": "gradient",
      "ess_per_eval": 0.06958922564370296,
      "time": 22.612654209136963,
      "sigma": 0.0,
      "epsilon": 1.2078952552239772,
      "n_leapfrog": 5.808083333333333,
      "n_warmup": 2000,
      "target_accept": 0.651,
      "gamma": 0.05,
      "t0": 10,
      "kappa": 0.75,
      "mean_mse": 5.176133391860782e-06,
      "cov_mse": 6.715121948529951e-06,
      "acceptance_rate_mean": 0.6539091666666667,
      "acceptance_rate_min": 0.6539091666666667,
      "acceptance_rate_max": 0.6539091666666667,
      "n_divergent": null,
      "actual_n_chains": 300,
      "diagnostic_draws_per_chain": 200,
      "sample_finite_fraction": 1.0,
      "finite_draw_fraction": 1.0,
      "sample_covariance_rank": 8,
      "sample_covariance_full_rank": true
    },
    "Stretch Move": {
      "distribution": "Gaussian",
      "tau": 76.44919372727495,
      "tau_std": 1.6119898575790357,
      "ess": 19620.87403238161,
      "ess_by_coordinate": [
        19620.87403238161,
        20369.058870993023,
        20310.214923032327,
        20228.56776375536,
        20557.504561299764,
        21359.056781553874,
        20323.00286360666,
        20592.366638462147
      ],
      "ess_valid_fraction": [
        1.0,
        1.0,
        1.0,
        0.9933333333333333,
        1.0,
        0.9933333333333333,
        0.9933333333333333,
        1.0
      ],
      "n_evaluations": 1500000.0,
      "evaluation_type": "function",
      "ess_per_eval": 0.013080582688254407,
      "time": 2.855952024459839,
      "sigma": 0.0,
      "epsilon": 0.0,
      "n_leapfrog": null,
      "n_warmup": null,
      "target_accept": null,
      "gamma": null,
      "t0": null,
      "kappa": null,
      "mean_mse": 0.0005197598543508247,
      "cov_mse": 0.0002723561041390702,
      "acceptance_rate_mean": 0.5341222222222223,
      "acceptance_rate_min": 0.52425,
      "acceptance_rate_max": 0.5445,
      "n_divergent": null,
      "actual_n_chains": 150,
      "diagnostic_draws_per_chain": 200,
      "sample_finite_fraction": 1.0,
      "finite_draw_fraction": 1.0,
      "sample_covariance_rank": 8,
      "sample_covariance_full_rank": true
    },
    "HMC": {
      "distribution": "Gaussian",
      "tau": 1.9755030162887568,
      "tau_std": 0.011715302541396725,
      "ess": 759300.2833364173,
      "ess_by_coordinate": [
        765838.4145761254,
        773812.1795902306,
        761616.982690701,
        764608.3306746125,
        769348.8247504754,
        771390.3658851944,
        764587.6763348428,
        759300.2833364173
      ],
      "ess_valid_fraction": [
        1.0,
        1.0,
        1.0,
        1.0,
        1.0,
        1.0,
        1.0,
        1.0
      ],
      "n_evaluations": 3306375.0,
      "evaluation_type": "gradient",
      "ess_per_eval": 0.22964735800882152,
      "time": 12.259141445159912,
      "sigma": 0.0,
      "epsilon": 3.5247872731690895,
      "n_leapfrog": 1.20425,
      "n_warmup": 2000,
      "target_accept": 0.651,
      "gamma": 0.05,
      "t0": 10,
      "kappa": 0.75,
      "mean_mse": 1.01606163697459e-05,
      "cov_mse": 1.7376196237053175e-05,
      "acceptance_rate_mean": 0.6535872222222221,
      "acceptance_rate_min": 0.6535872222222222,
      "acceptance_rate_max": 0.6535872222222222,
      "n_divergent": null,
      "actual_n_chains": 150,
      "diagnostic_draws_per_chain": 200,
      "sample_finite_fraction": 1.0,
      "finite_draw_fraction": 1.0,
      "sample_covariance_rank": 8,
      "sample_covariance_full_rank": true
    }
  }
}