{
  "dim": 32,
  "seed": 0,
  "n_samples": 10000,
  "burn_in": 1000,
  "n_thin": 1,
  "n_chains": 100,
  "af": true,
  "initialization_mode": "agnostic",
  "initialization_description": "independent N(0, 2^2) coordinates in the intrinsic Rosenbrock frame",
  "transform_affine": true,
  "overlay_rosenbrock": {
    "a": 1.0,
    "b": 100.0,
    "sigma": 0.7
  },
  "summary": {
    "Dense-mass NUTS": {
      "distribution": "Paired Rosenbrock",
      "tau": 9617.414581265757,
      "tau_std": 1950.0130038306747,
      "ess": 103.97804852334744,
      "ess_by_coordinate": [
        349.81054648568005,
        117.07960003518166,
        215.11500139527328,
        239.9920728001783,
        439.4544255664057,
        226.6038212986974,
        340.9264748709852,
        181.19508125456858,
        206.79233562051365,
        389.9250294282989,
        218.0335965544818,
        123.81648377616332,
        134.75953111918943,
        308.63344875460643,
        163.1649113940066,
        246.56201110233303,
        330.9037309422094,
        121.8917798163476,
        231.9016515626489,
        318.90466641396955,
        237.07867421435986,
        181.6249918843709,
        156.9797197205942,
        332.6494862797901,
        399.0096660556845,
        103.97804852334744,
        277.4504484151237,
        234.59671318859478,
        319.6484514220152,
        188.68291571764422,
        130.83914726631136,
        214.61991322409858
      ],
      "ess_valid_fraction": [
        0.09,
        0.03,
        0.06,
        0.06,
        0.11,
        0.06,
        0.09,
        0.05,
        0.05,
        0.11,
        0.05,
        0.03,
        0.04,
        0.08,
        0.04,
        0.07,
        0.09,
        0.03,
        0.06,
        0.09,
        0.06,
        0.05,
        0.04,
        0.09,
        0.09,
        0.03,
        0.07,
        0.06,
        0.08,
        0.05,
        0.04,
        0.06
      ],
      "n_evaluations": 255000000.0,
      "evaluation_type": "gradient",
      "ess_per_eval": 4.0775705303273507e-07,
      "time": 278.12300992012024,
      "sigma": 0.7,
      "epsilon": 0.001609421567991376,
      "n_leapfrog": 255.0,
      "n_warmup": 1000,
      "target_accept": 0.8,
      "cond": 500
    },
    "Hamiltonian Walk Move": {
      "distribution": "Paired Rosenbrock",
      "tau": 6372.9583083143225,
      "tau_std": 1144.013056202959,
      "ess": 156.91299889650537,
      "ess_by_coordinate": [
        350.54422711679274,
        257.2314132063889,
        316.6966122182917,
        382.5855604970365,
        489.1186738724165,
        197.4104054786826,
        490.53046869676206,
        291.220484571248,
        218.36397136385062,
        216.50086716993388,
        156.91299889650537,
        328.56812382545877,
        305.60702296394794,
        483.96898240814045,
        203.92257101863746,
        172.47786834977416,
        344.5984293557684,
        239.14632508618826,
        458.7014164134344,
        361.78989926014475,
        306.985897711179,
        283.7345155673684,
        340.79621647585697,
        251.27692311723726,
        415.27347578989185,
        237.76053535947332,
        381.7154259359795,
        380.57592474819836,
        297.2349002406181,
        396.8594797933145,
        569.544093991976,
        603.6896412199112
      ],
      "ess_valid_fraction": [
        0.09,
        0.07,
        0.09,
        0.11,
        0.12,
        0.06,
        0.14,
        0.07,
        0.05,
        0.06,
        0.04,
        0.08,
        0.08,
        0.13,
        0.06,
        0.05,
        0.09,
        0.05,
        0.1,
        0.09,
        0.08,
        0.07,
        0.1,
        0.06,
        0.11,
        0.06,
        0.1,
        0.09,
        0.08,
        0.11,
        0.14,
        0.14
      ],
      "n_evaluations": 1001000000.0,
      "evaluation_type": "gradient",
      "ess_per_eval": 1.5675624265385153e-07,
      "time": 709.8281447887421,
      "sigma": 0.7,
      "epsilon": 3.9397446016664617e-07,
      "n_leapfrog": 1000,
      "n_warmup": 1000,
      "target_accept": 0.651,
      "cond": 500
    },
    "Stretch Move": {
      "distribution": "Paired Rosenbrock",
      "tau": 3984.3524739036047,
      "tau_std": 736.1817727735413,
      "ess": 250.98181110976515,
      "ess_by_coordinate": [
        349.4623436185432,
        861.1599563509011,
        493.93375852084995,
        1131.819701623553,
        472.7501351417876,
        1201.406097383744,
        250.98181110976515,
        663.9663237354368,
        476.7863540395946,
        827.6758598454331,
        501.0658126367037,
        797.1252220663482,
        301.0920915628836,
        736.7353232036634,
        537.7604965170817,
        838.6764947085005,
        569.2456293347034,
        1156.862465050506,
        733.1237652777245,
        1034.9507748596334,
        701.3193454834112,
        1159.0945009324232,
        543.4727084846606,
        1089.1175652187765,
        442.6594554172922,
        460.56174250579187,
        375.06094944741676,
        600.5135306011979,
        837.9047177785235,
        693.904319719687,
        513.6702053946304,
        954.7209453481529
      ],
      "ess_valid_fraction": [
        0.09,
        0.2,
        0.12,
        0.23,
        0.12,
        0.27,
        0.07,
        0.16,
        0.13,
        0.18,
        0.11,
        0.19,
        0.07,
        0.17,
        0.12,
        0.19,
        0.13,
        0.26,
        0.17,
        0.24,
        0.17,
        0.28,
        0.14,
        0.23,
        0.11,
        0.11,
        0.09,
        0.13,
        0.21,
        0.14,
        0.14,
        0.22
      ],
      "n_evaluations": 1000000.0,
      "evaluation_type": "function",
      "ess_per_eval": 0.00025098181110976513,
      "time": 4.243541717529297,
      "sigma": 0.7,
      "epsilon": 0.0,
      "n_leapfrog": null,
      "n_warmup": null,
      "target_accept": null,
      "cond": 500
    },
    "HMC": {
      "distribution": "Paired Rosenbrock",
      "tau": 5997.940832997163,
      "tau_std": 1244.6760602209827,
      "ess": 166.72388538722902,
      "ess_by_coordinate": [
        841.8854301502597,
        1023.8499249937768,
        423.49362293784225,
        1104.8366766820718,
        299.75820520448286,
        607.5243936922969,
        341.28655609348056,
        633.2178109234313,
        482.2628076022492,
        916.814427602435,
        499.26844333526304,
        646.065489891729,
        447.84679219267946,
        625.1866957382349,
        544.8581746907113,
        402.6932990593952,
        267.028202432719,
        284.79403129551883,
        638.5167710500862,
        514.3285766492837,
        308.3841307570841,
        236.86855636991055,
        358.9425872329651,
        222.81997696120297,
        419.9136296071458,
        206.7065919173769,
        275.58393028629683,
        331.4917886269941,
        166.72388538722902,
        468.22142577546884,
        482.43927567214325,
        205.97993765590837
      ],
      "ess_valid_fraction": [
        0.21,
        0.26,
        0.11,
        0.24,
        0.08,
        0.15,
        0.08,
        0.15,
        0.13,
        0.24,
        0.13,
        0.17,
        0.1,
        0.16,
        0.13,
        0.11,
        0.07,
        0.07,
        0.15,
        0.12,
        0.08,
        0.06,
        0.09,
        0.06,
        0.11,
        0.05,
        0.07,
        0.08,
        0.05,
        0.11,
        0.11,
        0.06
      ],
      "n_evaluations": 1001000000.0,
      "evaluation_type": "gradient",
      "ess_per_eval": 1.6655732805916986e-07,
      "time": 357.86075139045715,
      "sigma": 0.7,
      "epsilon": 1.9603812688728794e-05,
      "n_leapfrog": 1000,
      "n_warmup": 1000,
      "target_accept": 0.651,
      "cond": 500
    }
  }
}