{
  "dim": 32,
  "seed": 3,
  "n_samples": 10000,
  "burn_in": 2000,
  "n_thin": 1,
  "n_chains": 100,
  "hwm_walkers_requested": 300,
  "jax_enable_x64": true,
  "af": true,
  "initialization_mode": "agnostic",
  "initialization_description": "independent N(0, 2^2) coordinates in the intrinsic Rosenbrock frame",
  "transform_affine": true,
  "overlay_rosenbrock": {
    "a": 1.0,
    "b": 100.0,
    "sigma": 1.5
  },
  "summary": {
    "Dense-mass NUTS": {
      "distribution": "Paired Rosenbrock",
      "tau": 9.322827876868727,
      "tau_std": 1.4356753653833776,
      "ess": 107263.5913917432,
      "ess_by_coordinate": [
        242214.89203002458,
        202758.779619567,
        230297.83453251605,
        190944.73526660254,
        236536.02130415864,
        193283.98304217836,
        249926.5556974719,
        205239.03867779364,
        229476.48709325472,
        191470.46540314416,
        250852.62374640242,
        200652.10980421046,
        229381.38719660707,
        198001.18548766838,
        220448.92001513662,
        184282.03726853305,
        211367.44535270255,
        175272.66696074922,
        209772.33655517607,
        184829.6461386719,
        184905.46397000106,
        162781.4855941246,
        173334.39745916837,
        146295.14072993814,
        163701.89168580688,
        147640.4962886357,
        140646.63655073824,
        124865.74441750019,
        126435.31737624864,
        113964.31098860045,
        122266.35607143262,
        107263.5913917432
      ],
      "ess_valid_fraction": [
        1.0,
        1.0,
        1.0,
        1.0,
        1.0,
        1.0,
        1.0,
        1.0,
        1.0,
        1.0,
        1.0,
        1.0,
        1.0,
        1.0,
        1.0,
        1.0,
        1.0,
        1.0,
        1.0,
        1.0,
        1.0,
        1.0,
        1.0,
        1.0,
        1.0,
        1.0,
        1.0,
        1.0,
        1.0,
        1.0,
        1.0,
        1.0
      ],
      "n_evaluations": 251754147.5,
      "evaluation_type": "gradient",
      "ess_per_eval": 0.00042606484324848393,
      "time": 353.7155191898346,
      "sigma": 1.5,
      "epsilon": 0.011921389184083845,
      "n_leapfrog": 251.7541475,
      "n_warmup": 2000,
      "target_accept": 0.8,
      "cond": 31.62,
      "mean_mse": 0.00034255071503586966,
      "cov_mse": 0.0011208668674471565,
      "acceptance_rate_mean": 0.896942703924447,
      "acceptance_rate_min": 0.6941216775154478,
      "acceptance_rate_max": 0.9573119393471349,
      "n_divergent": 2772,
      "actual_n_chains": 100,
      "diagnostic_draws_per_chain": 200,
      "sample_finite_fraction": 1.0,
      "finite_draw_fraction": 1.0,
      "sample_covariance_rank": 32,
      "sample_covariance_full_rank": true
    },
    "Hamiltonian Walk Move": {
      "distribution": "Paired Rosenbrock",
      "tau": 5.880594441589327,
      "tau_std": 0.8800889479250404,
      "ess": 510152.50750555086,
      "ess_by_coordinate": [
        753189.4670551956,
        532118.2023426668,
        738922.7253615373,
        510152.50750555086,
        749508.1318855715,
        524624.7647052463,
        736834.5262558658,
        530660.55017463,
        789082.3580116411,
        540521.5080817349,
        784687.1209023194,
        544450.8457189358,
        759408.6453968184,
        545177.9940032414,
        752963.1288678773,
        518645.7893029291,
        776007.1550938142,
        531437.5746128974,
        789966.2177864122,
        534466.5934489626,
        833778.3857556472,
        523456.9501581496,
        739739.6459871288,
        526134.946709617,
        788849.3590096299,
        542085.202200369,
        760832.9024145773,
        522124.35064574005,
        793659.928178125,
        552876.6153464715,
        761084.3726285421,
        524214.6514610524
      ],
      "ess_valid_fraction": [
        0.9933333333333333,
        0.9966666666666667,
        0.9966666666666667,
        0.9966666666666667,
        0.9966666666666667,
        0.9966666666666667,
        0.9966666666666667,
        0.9966666666666667,
        0.9933333333333333,
        0.9933333333333333,
        0.9933333333333333,
        0.9933333333333333,
        0.9966666666666667,
        0.9966666666666667,
        0.9966666666666667,
        0.9966666666666667,
        0.9966666666666667,
        0.9966666666666667,
        0.9966666666666667,
        0.9933333333333333,
        0.9966666666666667,
        0.9933333333333333,
        0.9966666666666667,
        0.9966666666666667,
        0.9966666666666667,
        0.9933333333333333,
        0.9933333333333333,
        0.9933333333333333,
        0.9966666666666667,
        0.9966666666666667,
        0.9966666666666667,
        0.9966666666666667
      ],
      "n_evaluations": 452619000.0,
      "evaluation_type": "gradient",
      "ess_per_eval": 0.0011271124444743833,
      "time": 175.95913672447205,
      "sigma": 1.5,
      "epsilon": 0.021214145359531932,
      "n_leapfrog": 149.873,
      "n_warmup": 2000,
      "target_accept": 0.651,
      "cond": 31.62,
      "mean_mse": 0.0002553149535189641,
      "cov_mse": 0.001182496835600595,
      "acceptance_rate_mean": 0.6509441666666667,
      "acceptance_rate_min": 0.6509441666666667,
      "acceptance_rate_max": 0.6509441666666667,
      "n_divergent": null,
      "actual_n_chains": 300,
      "diagnostic_draws_per_chain": 200,
      "sample_finite_fraction": 1.0,
      "finite_draw_fraction": 1.0,
      "sample_covariance_rank": 32,
      "sample_covariance_full_rank": true
    },
    "Stretch Move": {
      "distribution": "Paired Rosenbrock",
      "tau": 3545.53744084499,
      "tau_std": 674.118709561983,
      "ess": 282.044687634627,
      "ess_by_coordinate": [
        519.8806918108791,
        951.1858647260495,
        339.28529776262116,
        776.0617747914889,
        563.6412580268423,
        968.9888497583827,
        518.1686032903087,
        768.9108873621177,
        564.7637064846341,
        1251.5231289603596,
        744.8565507370192,
        1002.6185116964766,
        516.5187890990184,
        913.3197048872814,
        452.05735689120417,
        600.5579748416546,
        349.7594810277297,
        619.4077809976187,
        326.87004994141137,
        282.044687634627,
        499.4082488325274,
        410.447356469836,
        431.3226562172249,
        904.5583225204927,
        691.15090899589,
        891.5419016535714,
        661.2146480420122,
        989.1358985900857,
        677.4955930131757,
        801.7899061963315,
        591.0761328713692,
        951.5103763960196
      ],
      "ess_valid_fraction": [
        0.14,
        0.2,
        0.09,
        0.18,
        0.14,
        0.22,
        0.12,
        0.18,
        0.14,
        0.27,
        0.16,
        0.23,
        0.14,
        0.2,
        0.11,
        0.16,
        0.09,
        0.14,
        0.07,
        0.07,
        0.13,
        0.1,
        0.11,
        0.21,
        0.17,
        0.23,
        0.17,
        0.22,
        0.16,
        0.18,
        0.14,
        0.21
      ],
      "n_evaluations": 1000000.0,
      "evaluation_type": "function",
      "ess_per_eval": 0.000282044687634627,
      "time": 4.630376815795898,
      "sigma": 1.5,
      "epsilon": 0.0,
      "n_leapfrog": null,
      "n_warmup": null,
      "target_accept": null,
      "cond": 31.62,
      "mean_mse": 4.3368285719601305,
      "cov_mse": 0.9623421758436999,
      "acceptance_rate_mean": 0.17468666666666663,
      "acceptance_rate_min": 0.14316666666666666,
      "acceptance_rate_max": 0.20591666666666666,
      "n_divergent": null,
      "actual_n_chains": 100,
      "diagnostic_draws_per_chain": 200,
      "sample_finite_fraction": 1.0,
      "finite_draw_fraction": 1.0,
      "sample_covariance_rank": 32,
      "sample_covariance_full_rank": true
    },
    "HMC": {
      "distribution": "Paired Rosenbrock",
      "tau": 703.5442539575479,