{
  "dim": 32,
  "seed": 3,
  "n_samples": 10000,
  "burn_in": 1000,
  "n_thin": 1,
  "n_chains": 100,
  "af": true,
  "initialization_mode": "agnostic",
  "initialization_description": "independent N(0, 2^2) coordinates in the intrinsic Rosenbrock frame",
  "transform_affine": true,
  "overlay_rosenbrock": {
    "a": 1.0,
    "b": 100.0,
    "sigma": 0.7
  },
  "summary": {
    "Dense-mass NUTS": {
      "distribution": "Paired Rosenbrock",
      "tau": 809.4594722044916,
      "tau_std": 184.1078312607335,
      "ess": 1235.39230108283,
      "ess_by_coordinate": [
        13509.329923630392,
        11665.31102077017,
        11305.446570272165,
        11488.805425946832,
        11227.584131411777,
        11824.864642621711,
        8615.322595098836,
        7907.221971426921,
        6920.139019910888,
        6949.826789707195,
        6067.701170818049,
        6368.750841891174,
        4328.709605518872,
        4578.497273604492,
        4095.2089306615985,
        4208.1331500155065,
        4075.8312644350985,
        3442.452469343306,
        3358.623635450831,
        3755.2171606922952,
        2636.274992349417,
        3048.3740669071863,
        2719.8981663117547,
        2800.267551922083,
        2372.9611232891757,
        2098.495610152251,
        2308.982421305553,
        2733.629194347026,
        1690.6804463487372,
        2053.148081056844,
        1235.39230108283,
        1386.748635051983
      ],
      "ess_valid_fraction": [
        0.61,
        0.59,
        0.62,
        0.64,
        0.57,
        0.59,
        0.56,
        0.57,
        0.61,
        0.63,
        0.55,
        0.49,
        0.5,
        0.51,
        0.49,
        0.51,
        0.46,
        0.44,
        0.47,
        0.51,
        0.37,
        0.41,
        0.42,
        0.41,
        0.38,
        0.36,
        0.38,
        0.42,
        0.34,
        0.38,
        0.27,
        0.21
      ],
      "n_evaluations": 254803617.27272728,
      "evaluation_type": "gradient",
      "ess_per_eval": 4.848409588159561e-06,
      "time": 278.2868010997772,
      "sigma": 0.7,
      "epsilon": 0.0007406778167933226,
      "n_leapfrog": 254.80361727272728,
      "n_warmup": 1000,
      "target_accept": 0.8,
      "cond": 31.62
    },
    "Hamiltonian Walk Move": {
      "distribution": "Paired Rosenbrock",
      "tau": 4105.476759069555,
      "tau_std": 602.738628989632,
      "ess": 243.57707001771828,
      "ess_by_coordinate": [
        502.8350880679307,
        766.6814920950566,
        622.9213724409882,
        912.7504596972242,
        243.57707001771828,
        541.0571798848464,
        481.6954396413631,
        564.0219965164529,
        838.7025691269405,
        1423.9134947079187,
        472.17930644691614,
        626.3293025545073,
        543.500768671277,
        952.2298544515536,
        644.7970704611049,
        829.3508514954887,
        721.8415428988513,
        862.3627277538519,
        831.2630919572681,
        1561.9137271885643,
        645.2258320625913,
        1210.8689429317935,
        510.6617807652499,
        711.3787036075018,
        645.4112492114207,
        806.2549421122927,
        829.3901847894014,
        725.0096097013762,
        776.7286334604444,
        789.8805723341787,
        625.7814072033756,
        1175.6233474730811
      ],
      "ess_valid_fraction": [
        0.11,
        0.18,
        0.15,
        0.19,
        0.06,
        0.14,
        0.11,
        0.13,
        0.21,
        0.3,
        0.11,
        0.15,
        0.14,
        0.2,
        0.17,
        0.2,
        0.17,
        0.19,
        0.19,
        0.29,
        0.16,
        0.28,
        0.12,
        0.18,
        0.15,
        0.18,
        0.18,
        0.18,
        0.18,
        0.19,
        0.13,
        0.24
      ],
      "n_evaluations": 1001000000.0,
      "evaluation_type": "gradient",
      "ess_per_eval": 2.4333373628143686e-07,
      "time": 716.4916050434113,
      "sigma": 0.7,
      "epsilon": 2.7527955808182014e-06,
      "n_leapfrog": 1000,
      "n_warmup": 1000,
      "target_accept": 0.651,
      "cond": 31.62
    },
    "Stretch Move": {
      "distribution": "Paired Rosenbrock",
      "tau": 4063.2066160787804,
      "tau_std": 655.4311938734689,
      "ess": 246.11103851889655,
      "ess_by_coordinate": [
        465.24073972975066,
        832.7431974511625,
        321.7480276874009,
        461.2011334074544,
        246.11103851889655,
        510.8634047976397,
        468.48984793699987,
        681.7039905419098,
        583.5348441759969,
        819.7413553068575,
        715.9579267115572,
        801.9515837754196,
        505.1992717421315,
        802.5913475929887,
        390.4432099070345,
        932.9956694588288,
        631.4366355814673,
        677.5218284846925,
        531.9768570432706,
        1026.9738222660349,
        600.6598315051858,
        1158.3085550358842,
        458.0235883654384,
        736.4502740145597,
        545.3417911305776,
        948.7948145575064,
        523.2349838415328,
        907.6961156575235,
        514.2305339071618,
        672.3525849201637,
        706.3602399196403,
        1045.1248506219065
      ],
      "ess_valid_fraction": [
        0.12,
        0.18,
        0.09,
        0.12,
        0.06,
        0.12,
        0.11,
        0.14,
        0.14,
        0.19,
        0.15,
        0.2,
        0.13,
        0.18,
        0.1,
        0.22,
        0.15,
        0.17,
        0.14,
        0.21,
        0.15,
        0.25,
        0.11,
        0.16,
        0.13,
        0.21,
        0.13,
        0.21,
        0.13,
        0.18,
        0.17,
        0.22
      ],
      "n_evaluations": 1000000.0,
      "evaluation_type": "function",
      "ess_per_eval": 0.00024611103851889654,
      "time": 4.36908483505249,
      "sigma": 0.7,
      "epsilon": 0.0,
      "n_leapfrog": null,
      "n_warmup": null,
      "target_accept": null,
      "cond": 31.62
    },
    "HMC": {
      "distribution": "Paired Rosenbrock",
      "tau": 1806.8183392821306,
      "tau_std": 434.99528936986036,
      "ess": 553.4590712629756,
      "ess_by_coordinate": [
        7527.869337146353,
        6527.201734096484,
        6406.2770898538565,
        5572.963153054016,
        5011.699468069825,
        4559.093602896399,
        3108.9282984346273,
        3283.519675844948,
        3122.6493737532764,
        2772.1352978070054,
        2429.146382962861,
        2862.4428627308043,
        1497.601474072859,
        2051.3091801492974,
        1797.9095047304845,
        2226.4987911822095,
        1288.9465096083143,
        1796.9631319234823,
        1237.9446565901146,
        2038.2475498847064,
        1110.777686388425,
        1715.4975077547292,
        705.799470794875,
        1289.3822744575018,
        553.4590712629756,
        1208.313398136005,
        642.877346243539,
        1261.3975579767537,
        816.289570357699,
        1210.118186479621,
        677.4897158314346,
        1159.6687657260602
      ],
      "ess_valid_fraction": [
        0.86,
        0.86,
        0.87,
        0.82,
        0.79,
        0.73,
        0.51,
        0.55,
        0.58,
        0.5,
        0.5,
        0.48,
        0.3,
        0.41,
        0.38,
        0.44,
        0.31,
        0.37,
        0.27,
        0.38,
        0.25,
        0.36,
        0.17,
        0.28,
        0.13,
        0.29,
        0.13,
        0.25,
        0.19,
        0.27,
        0.17,
        0.23
      ],
      "n_evaluations": 29000000.0,
      "evaluation_type": "gradient",
      "ess_per_eval": 1.908479556079226e-05,
      "time": 21.73155164718628,
      "sigma": 0.7,
      "epsilon": 0.029216574504971504,
      "n_leapfrog": 28,
      "n_warmup": 1000,
      "target_accept": 0.651,
      "cond": 31.62
    }
  }
}