{
  "dim": 32,
  "seed": 4,
  "n_samples": 10000,
  "burn_in": 1000,
  "n_thin": 1,
  "n_chains": 100,
  "cond": 3.162,
  "af": true,
  "transform_affine": true,
  "summary": {
    "Dense-mass NUTS": {
      "distribution": "Gaussian",
      "tau": 1.000417726962493,
      "tau_std": 8.566488810592571e-05,
      "ess": 999582.4474604611,
      "ess_by_coordinate": [
        1000000.0,
        1000000.0,
        1000000.0,
        1000000.0,
        1000000.0,
        1000000.0,
        1000000.0,
        999725.6555961518,
        1000000.0,
        1000000.0,
        1000000.0,
        1000000.0,
        1000000.0,
        1000000.0,
        999582.4474604611,
        1000000.0,
        1000000.0,
        1000000.0,
        1000000.0,
        1000000.0,
        1000000.0,
        1000000.0,
        1000000.0,
        1000000.0,
        1000000.0,
        1000000.0,
        1000000.0,
        1000000.0,
        1000000.0,
        1000000.0,
        1000000.0,
        1000000.0
      ],
      "ess_valid_fraction": [
        1.0,
        1.0,
        1.0,
        1.0,
        1.0,
        1.0,
        1.0,
        1.0,
        1.0,
        1.0,
        1.0,
        1.0,
        1.0,
        1.0,
        1.0,
        1.0,
        1.0,
        1.0,
        1.0,
        1.0,
        1.0,
        1.0,
        1.0,
        1.0,
        1.0,
        1.0,
        1.0,
        1.0,
        1.0,
        1.0,
        1.0,
        1.0
      ],
      "n_evaluations": 7075116.363636363,
      "evaluation_type": "gradient",
      "ess_per_eval": 0.14128141447933876,
      "time": 230.53693962097168,
      "sigma": 0.0,
      "epsilon": 0.5744521617889404,
      "n_leapfrog": 7.075116363636363,
      "n_warmup": 1000,
      "target_accept": 0.8,
      "gamma": 0.05,
      "t0": 10,
      "kappa": 0.75
    },
    "Hamiltonian Walk Move": {
      "distribution": "Gaussian",
      "tau": 1.2334998805017365,
      "tau_std": 0.007468435224536814,
      "ess": 810701.335125579,
      "ess_by_coordinate": [
        821674.1256652861,
        829421.4385367525,
        829159.5175340462,
        822336.6163624326,
        811791.3878022738,
        825812.1509355669,
        828121.2054849472,
        817896.6419595755,
        815648.7337408795,
        822537.838295008,
        819333.810901468,
        824535.9071677572,
        819996.8898253331,
        819854.5030529336,
        822762.3023048071,
        824384.9447894413,
        825025.2800110625,
        810701.335125579,
        818217.2178328491,
        830866.363475768,
        820138.3739898176,
        829319.0195266001,
        824579.1256680514,
        826697.3476109486,
        830814.735557396,
        820239.8252770577,
        827415.4253779103,
        827375.9102255041,
        820068.04255711,
        818492.1317785033,
        823754.095642607,
        826795.8007249249
      ],
      "ess_valid_fraction": [
        1.0,
        1.0,
        1.0,
        1.0,
        1.0,
        1.0,
        1.0,
        1.0,
        1.0,
        1.0,
        1.0,
        1.0,
        1.0,
        1.0,
        1.0,
        1.0,
        1.0,
        1.0,
        1.0,
        1.0,
        1.0,
        1.0,
        1.0,
        1.0,
        1.0,
        1.0,
        1.0,
        1.0,
        1.0,
        1.0,
        1.0,
        1.0
      ],
      "n_evaluations": 9000000.0,
      "evaluation_type": "gradient",
      "ess_per_eval": 0.09007792612506434,
      "time": 99.34117817878723,
      "sigma": 0.0,
      "epsilon": 0.6401987075805664,
      "n_leapfrog": 8,
      "n_warmup": 1000,
      "target_accept": 0.651,
      "gamma": 0.05,
      "t0": 10,
      "kappa": 0.75
    },
    "Stretch Move": {
      "distribution": "Gaussian",
      "tau": 262.00738730634896,
      "tau_std": 16.364929597657273,
      "ess": 3816.6862785084836,
      "ess_by_coordinate": [
        4852.562734195129,
        4565.96694823775,
        4152.861164187915,
        4696.8879910581045,
        4622.130988912304,
        4979.442049664895,
        4731.264801412725,
        4389.996173636506,
        4240.165167690233,
        3874.6784438441728,
        3968.181341942286,
        4164.6923246258675,
        4484.109992748131,
        3816.6862785084836,
        4543.223185650302,
        4257.343428414442,
        4186.481972344526,
        3984.026050082471,
        3834.285783495137,
        4546.897306297564,
        3860.891622955017,
        4024.5074426416004,
        4546.305782278097,
        4156.088687199515,
        4318.51675502894,
        4748.71878663593,
        4432.201087155901,
        4146.621508941408,
        4469.654376360839,
        4157.472327341072,
        4366.813869311431,
        4317.789158501156
      ],
      "ess_valid_fraction": [
        0.78,
        0.8,
        0.74,
        0.8,
        0.79,
        0.8,
        0.81,
        0.73,
        0.75,
        0.71,
        0.71,
        0.73,
        0.82,
        0.71,
        0.76,
        0.72,
        0.75,
        0.74,
        0.7,
        0.78,
        0.76,
        0.71,
        0.76,
        0.71,
        0.79,
        0.81,
        0.8,
        0.77,
        0.78,
        0.74,
        0.79,
        0.76
      ],
      "n_evaluations": 1000000.0,
      "evaluation_type": "function",
      "ess_per_eval": 0.0038166862785084838,
      "time": 6.892406463623047,
      "sigma": 0.0,
      "epsilon": 0.0,
      "n_leapfrog": null,
      "n_warmup": null,
      "target_accept": null,
      "gamma": null,
      "t0": null,
      "kappa": null
    },
    "HMC": {
      "distribution": "Gaussian",
      "tau": 5.567704322988021,
      "tau_std": 1.3917517885815711,
      "ess": 179607.23881675702,
      "ess_by_coordinate": [
        1000000.0,
        1000000.0,
        1000000.0,
        1000000.0,
        1000000.0,
        1000000.0,
        1000000.0,
        1000000.0,
        1000000.0,
        1000000.0,
        1000000.0,
        1000000.0,
        996119.9875471706,
        948287.8142310343,
        859292.6723442624,
        774718.3680273438,
        698331.5896097246,
        627365.2450041458,
        568192.5188206928,
        514328.28573323606,
        467749.4897278836,
        426158.9466636203,
        391952.8744640828,
        354487.16467626183,
        326914.11346410064,
        300290.2280746987,
        275592.0293809299,
        251979.05909456615,
        228929.3077330857,
        205755.99032421163,
        196319.96597302207,
        179607.23881675702
      ],
      "ess_valid_fraction": [
        1.0,
        1.0,
        1.0,
        1.0,
        1.0,
        1.0,
        1.0,
        1.0,
        1.0,
        1.0,
        1.0,
        1.0,
        1.0,
        1.0,
        1.0,
        1.0,
        1.0,
        1.0,
        1.0,
        1.0,
        1.0,
        1.0,
        1.0,
        1.0,
        1.0,
        1.0,
        1.0,
        1.0,
        1.0,
        1.0,
        1.0,
        1.0
      ],
      "n_evaluations": 4000000.0,
      "evaluation_type": "gradient",
      "ess_per_eval": 0.044901809704189256,
      "time": 54.07498908042908,
      "sigma": 0.0,
      "epsilon": 3.278395652770996,
      "n_leapfrog": 3,
      "n_warmup": 1000,
      "target_accept": 0.651,
      "gamma": 0.05,
      "t0": 10,
      "kappa": 0.75
    }
  }
}