{
  "dim": 32,
  "seed": 2,
  "n_samples": 10000,
  "burn_in": 1000,
  "n_thin": 1,
  "n_chains": 100,
  "af": true,
  "initialization_mode": "agnostic",
  "initialization_description": "independent N(0, 2^2) coordinates in the intrinsic Rosenbrock frame",
  "transform_affine": true,
  "overlay_rosenbrock": {
    "a": 1.0,
    "b": 100.0,
    "sigma": 0.7
  },
  "summary": {
    "Dense-mass NUTS": {
      "distribution": "Paired Rosenbrock",
      "tau": 26692.12990874829,
      "tau_std": 4590.1781119791885,
      "ess": 37.464226474945036,
      "ess_by_coordinate": [
        170.964584164659,
        266.6279690396307,
        369.1109600952906,
        173.98757700452146,
        374.71067834198163,
        197.74566040438884,
        112.88498542335338,
        90.37661859926882,
        144.1619197090314,
        79.8202015939847,
        37.464226474945036,
        376.0640024583957,
        341.5074675859985,
        94.1717454487765,
        236.37848932290393,
        514.1422820682187,
        213.0734263878283,
        470.2550865539807,
        442.1812491876501,
        112.67350891379938,
        265.862949866954,
        192.491130891271,
        180.08885366363046,
        221.60848846226412,
        344.98508437810517,
        181.73390711135744,
        181.0468427518644,
        281.8747738797766,
        191.98262284526092,
        142.57122877610587,
        161.52421373555978,
        461.37357254594957
      ],
      "ess_valid_fraction": [
        0.04,
        0.05,
        0.09,
        0.05,
        0.1,
        0.05,
        0.03,
        0.02,
        0.04,
        0.02,
        0.01,
        0.09,
        0.08,
        0.03,
        0.06,
        0.12,
        0.05,
        0.11,
        0.11,
        0.03,
        0.07,
        0.05,
        0.05,
        0.05,
        0.09,
        0.05,
        0.05,
        0.07,
        0.05,
        0.04,
        0.04,
        0.1
      ],
      "n_evaluations": 255000000.0,
      "evaluation_type": "gradient",
      "ess_per_eval": 1.469185351958629e-07,
      "time": 288.0759208202362,
      "sigma": 0.7,
      "epsilon": 0.0011955974623560905,
      "n_leapfrog": 255.0,
      "n_warmup": 1000,
      "target_accept": 0.8,
      "cond": 316.2
    },
    "Hamiltonian Walk Move": {
      "distribution": "Paired Rosenbrock",
      "tau": 6081.997484184404,
      "tau_std": 1131.093694221815,
      "ess": 164.41966682827393,
      "ess_by_coordinate": [
        744.1724131228732,
        450.2201611220288,
        558.9102210365048,
        260.61687091463824,
        539.1542810723973,
        382.20315942924896,
        249.67240881084228,
        495.82712669340293,
        224.14768028869506,
        229.81489791323963,
        462.13435201765645,
        350.6440544676906,
        227.34587724591526,
        164.41966682827393,
        388.2293023641567,
        178.10397199551892,
        362.7009925699232,
        316.82080769494934,
        293.66307341499896,
        568.4678804000534,
        289.49277011157295,
        483.2935910915042,
        230.91468807625154,
        300.58172919320833,
        243.59696438617067,
        256.82711856507655,
        348.28373202250395,
        564.3895593545809,
        466.9695446440392,
        316.48584740943727,
        264.95799227440006,
        295.10217466974007
      ],
      "ess_valid_fraction": [
        0.19,
        0.12,
        0.14,
        0.07,
        0.15,
        0.1,
        0.06,
        0.12,
        0.06,
        0.06,
        0.11,
        0.08,
        0.06,
        0.05,
        0.09,
        0.05,
        0.09,
        0.08,
        0.08,
        0.14,
        0.07,
        0.12,
        0.06,
        0.08,
        0.07,
        0.06,
        0.09,
        0.13,
        0.13,
        0.08,
        0.07,
        0.07
      ],
      "n_evaluations": 1001000000.0,
      "evaluation_type": "gradient",
      "ess_per_eval": 1.6425541141685707e-07,
      "time": 685.4550638198853,
      "sigma": 0.7,
      "epsilon": 3.5451901680971787e-07,
      "n_leapfrog": 1000,
      "n_warmup": 1000,
      "target_accept": 0.651,
      "cond": 316.2
    },
    "Stretch Move": {
      "distribution": "Paired Rosenbrock",
      "tau": 4580.380915321846,
      "tau_std": 709.4745583981743,
      "ess": 218.32245363150844,
      "ess_by_coordinate": [
        364.9550207661879,
        755.4964066469549,
        779.1920431014687,
        912.3069281656132,
        586.2082972509393,
        1006.6486711566374,
        751.7583146488569,
        906.6899167879834,
        218.32245363150844,
        731.377525918638,
        694.5383612738644,
        1419.3558915678768,
        509.8695734777281,
        754.4428502055966,
        599.4441657373504,
        1090.424194876065,
        622.3410004441328,
        1211.9129782479324,
        549.2838523130627,
        1206.2155732144588,
        800.286076476514,
        843.9007576092835,
        536.9091404894093,
        888.8157255206851,
        606.0681594675912,
        1059.6311262714667,
        391.6298916429335,
        550.6243848731268,
        532.617892565367,
        616.8992270895773,
        616.9705464194292,
        681.5344456088451
      ],
      "ess_valid_fraction": [
        0.08,
        0.15,
        0.19,
        0.21,
        0.15,
        0.21,
        0.19,
        0.21,
        0.05,
        0.18,
        0.16,
        0.32,
        0.14,
        0.18,
        0.14,
        0.23,
        0.16,
        0.25,
        0.12,
        0.25,
        0.21,
        0.21,
        0.13,
        0.22,
        0.13,
        0.24,
        0.09,
        0.13,
        0.12,
        0.14,
        0.17,
        0.15
      ],
      "n_evaluations": 1000000.0,
      "evaluation_type": "function",
      "ess_per_eval": 0.00021832245363150843,
      "time": 4.378710985183716,
      "sigma": 0.7,
      "epsilon": 0.0,
      "n_leapfrog": null,
      "n_warmup": null,
      "target_accept": null,
      "cond": 316.2
    },
    "HMC": {
      "distribution": "Paired Rosenbrock",
      "tau": 4174.1754405282345,
      "tau_std": 861.1410850962119,
      "ess": 239.56827264391453,
      "ess_by_coordinate": [
        5854.666972676695,
        4993.744558441152,
        4194.079931240523,
        3363.2910074861393,
        3029.1185533093203,
        2882.2330086930874,
        1453.2881596029142,
        1869.0376180478556,
        1624.439164828462,
        2031.393455866964,
        1029.1321815050958,
        1443.589353723032,
        1079.9602190521941,
        1391.2059883262093,
        802.6066139754769,
        1306.3556340541563,
        1034.7365620172307,
        1040.328271333682,
        465.09497964830064,
        916.2546719528136,
        471.19593645660893,
        1328.2120963306593,
        523.4401298890557,
        606.2727704914641,
        526.270470247178,
        676.9964495990607,
        493.86807242638497,
        371.67217213351745,
        239.56827264391453,
        575.0970468139949,
        548.1271024231742,
        567.5922632497396
      ],
      "ess_valid_fraction": [
        0.8,
        0.75,
        0.68,
        0.62,
        0.55,
        0.53,
        0.32,
        0.38,
        0.35,
        0.38,
        0.24,
        0.3,
        0.24,
        0.29,
        0.2,
        0.28,
        0.26,
        0.25,
        0.13,
        0.23,
        0.11,
        0.3,
        0.12,
        0.15,
        0.13,
        0.17,
        0.13,
        0.09,
        0.07,
        0.13,
        0.13,
        0.14
      ],
      "n_evaluations": 1001000000.0,
      "evaluation_type": "gradient",
      "ess_per_eval": 2.3932894370021433e-07,
      "time": 344.56844782829285,
      "sigma": 0.7,
      "epsilon": 0.00062735186656937,
      "n_leapfrog": 1000,
      "n_warmup": 1000,
      "target_accept": 0.651,
      "cond": 316.2
    }
  }
}