{
  "dim": 32,
  "seed": 2,
  "n_samples": 10000,
  "burn_in": 2000,
  "n_thin": 1,
  "n_chains": 100,
  "hwm_walkers_requested": 300,
  "jax_enable_x64": true,
  "af": true,
  "initialization_mode": "agnostic",
  "initialization_description": "independent N(0, 2^2) coordinates in the intrinsic Rosenbrock frame",
  "transform_affine": true,
  "overlay_rosenbrock": {
    "a": 1.0,
    "b": 100.0,
    "sigma": 1.5
  },
  "summary": {
    "Dense-mass NUTS": {
      "distribution": "Paired Rosenbrock",
      "tau": 92.14473701053588,
      "tau_std": 25.128685002004048,
      "ess": 10852.491769396005,
      "ess_by_coordinate": [
        268710.63064179884,
        213921.51776342545,
        273088.70408058644,
        214460.44211850953,
        276416.401705886,
        214464.0531812387,
        260877.58178763953,
        210942.4427879023,
        261922.77312053475,
        212307.45473571392,
        235794.02270571707,
        185400.10437918414,
        214120.66909523043,
        176283.363837676,
        168383.76907369797,
        137769.5564378094,
        159526.65958950928,
        130288.68908859168,
        122915.19306929737,
        96454.95662001753,
        95343.12332951924,
        87991.80927317833,
        59345.74725951395,
        50341.75692789199,
        36121.11951759022,
        30377.368325442676,
        25674.4595811992,
        21226.77442700226,
        15263.726292810752,
        12772.733421426286,
        12360.957845602703,
        10852.491769396005
      ],
      "ess_valid_fraction": [
        1.0,
        1.0,
        1.0,
        1.0,
        1.0,
        1.0,
        1.0,
        1.0,
        1.0,
        1.0,
        1.0,
        1.0,
        1.0,
        1.0,
        1.0,
        1.0,
        1.0,
        1.0,
        1.0,
        1.0,
        1.0,
        1.0,
        0.98,
        0.99,
        0.98,
        0.97,
        0.97,
        0.96,
        0.87,
        0.87,
        0.84,
        0.86
      ],
      "n_evaluations": 253647520.83333334,
      "evaluation_type": "gradient",
      "ess_per_eval": 4.2785719859359314e-05,
      "time": 335.98922300338745,
      "sigma": 1.5,
      "epsilon": 0.013196997079673376,
      "n_leapfrog": 253.64752083333335,
      "n_warmup": 2000,
      "target_accept": 0.8,
      "cond": 316.2,
      "mean_mse": 0.002081429287873521,
      "cov_mse": 0.002135471240984489,
      "acceptance_rate_mean": 0.9028111322114831,
      "acceptance_rate_min": 0.8142792358991555,
      "acceptance_rate_max": 0.9665021303071901,
      "n_divergent": 872,
      "actual_n_chains": 100,
      "diagnostic_draws_per_chain": 200,
      "sample_finite_fraction": 1.0,
      "finite_draw_fraction": 1.0,
      "sample_covariance_rank": 32,
      "sample_covariance_full_rank": true
    },
    "Hamiltonian Walk Move": {
      "distribution": "Paired Rosenbrock",
      "tau": 6.384258836273057,
      "tau_std": 0.7616594933775818,
      "ess": 469905.75992237055,
      "ess_by_coordinate": [
        656486.0313820172,
        496421.3124518072,
        648331.8363272785,
        474651.1937210537,
        644938.7421633669,
        486057.72932705353,
        619296.7259451307,
        478693.9995425673,
        641063.114992215,
        479277.42030381376,
        636350.9375267349,
        474111.4517217579,
        608179.589820364,
        469905.75992237055,
        636175.9795749441,
        486357.68908930104,
        630458.5267039788,
        482280.8269534377,
        619390.3595446924,
        476013.3780994308,
        626909.7497139671,
        473382.97471856535,
        647103.5826817595,
        485172.1193568806,
        635215.376815191,
        481733.21716005343,
        645541.3157674577,
        480462.0733453861,
        640250.3197613322,
        493248.14040613454,
        619523.2251885844,
        475629.6919501371
      ],
      "ess_valid_fraction": [
        0.9966666666666667,
        0.9966666666666667,
        1.0,
        0.9966666666666667,
        1.0,
        0.9966666666666667,
        1.0,
        1.0,
        1.0,
        0.9966666666666667,
        1.0,
        0.9933333333333333,
        1.0,
        1.0,
        1.0,
        1.0,
        0.9966666666666667,
        0.9966666666666667,
        0.9966666666666667,
        0.9933333333333333,
        1.0,
        1.0,
        0.9966666666666667,
        0.9933333333333333,
        1.0,
        1.0,
        1.0,
        0.9966666666666667,
        0.9966666666666667,
        0.9966666666666667,
        1.0,
        1.0
      ],
      "n_evaluations": 398905750.0,
      "evaluation_type": "gradient",
      "ess_per_eval": 0.0011779869303021342,
      "time": 164.75649452209473,
      "sigma": 1.5,
      "epsilon": 0.021142667911864466,
      "n_leapfrog": 131.96858333333333,
      "n_warmup": 2000,
      "target_accept": 0.651,
      "cond": 316.2,
      "mean_mse": 0.00022139717367069831,
      "cov_mse": 0.0010602064933614465,
      "acceptance_rate_mean": 0.6564230555555554,
      "acceptance_rate_min": 0.6564230555555555,
      "acceptance_rate_max": 0.6564230555555555,
      "n_divergent": null,
      "actual_n_chains": 300,
      "diagnostic_draws_per_chain": 200,
      "sample_finite_fraction": 1.0,
      "finite_draw_fraction": 1.0,
      "sample_covariance_rank": 32,
      "sample_covariance_full_rank": true
    },
    "Stretch Move": {
      "distribution": "Paired Rosenbrock",
      "tau": 4924.706479827911,
      "tau_std": 847.7637027922032,
      "ess": 203.0577871180952,
      "ess_by_coordinate": [
        364.478719191377,
        719.946083206804,
        476.3108607799665,
        520.9825204087292,
        588.1558685808549,
        839.6882328798624,
        321.77075879920426,
        721.3778002183102,
        570.8427850643834,
        465.06619749518575,
        412.02338620417913,
        724.4461477048181,
        254.12547750944216,
        571.8453027620955,
        538.2341971953251,
        736.0716332263132,
        594.9617672268454,
        915.2738455479135,
        391.62194956634113,
        689.8887378479735,
        203.0577871180952,
        642.6343287219651,
        522.9956468355355,
        817.9705450521499,
        657.8206268570752,
        951.0554018368202,
        651.1194614334985,
        1216.5102399018783,
        654.2865156610295,
        926.1628804733939,
        410.55248230232695,
        761.8230700854364
      ],
      "ess_valid_fraction": [
        0.09,
        0.17,
        0.11,
        0.13,
        0.14,
        0.2,
        0.09,
        0.19,
        0.13,
        0.12,
        0.1,
        0.18,
        0.06,
        0.13,
        0.14,
        0.16,
        0.14,
        0.19,
        0.11,
        0.18,
        0.05,
        0.15,
        0.13,
        0.18,
        0.17,
        0.22,
        0.17,
        0.27,
        0.15,
        0.22,
        0.1,
        0.19
      ],
      "n_evaluations": 1000000.0,
      "evaluation_type": "function",
      "ess_per_eval": 0.0002030577871180952,
      "time": 4.998743772506714,
      "sigma": 1.5,
      "epsilon": 0.0,
      "n_leapfrog": null,
      "n_warmup": null,
      "target_accept": null,
      "cond": 316.2,
      "mean_mse": 4.441165821474909,
      "cov_mse": 0.9681691470351439,
      "acceptance_rate_mean": 0.16511333333333333,
      "acceptance_rate_min": 0.12066666666666667,
      "acceptance_rate_max": 0.20216666666666666,
      "n_divergent": null,
      "actual_n_chains": 100,
      "diagnostic_draws_per_chain": 200,
      "sample_finite_fraction": 1.0,
      "finite_draw_fraction": 1.0,
      "sample_covariance_rank": 32,
      "sample_covariance_full_rank": true
    },
    "HMC": {
      "distribution": "Paired Rosenbrock",
      "tau": 4352.761978963415,
      "tau_std": 896.6506620218094,
      "ess": 229.7391874016838,