{
  "dim": 32,
  "seed": 2,
  "n_samples": 10000,
  "burn_in": 1000,
  "n_thin": 1,
  "n_chains": 100,
  "cond": 31.62,
  "af": true,
  "transform_affine": true,
  "summary": {
    "Dense-mass NUTS": {
      "distribution": "Gaussian",
      "tau": 1.0007269600525206,
      "tau_std": 0.0001843996298196819,
      "ess": 999273.5680344992,
      "ess_by_coordinate": [
        1000000.0,
        1000000.0,
        1000000.0,
        1000000.0,
        1000000.0,
        1000000.0,
        1000000.0,
        1000000.0,
        999541.5312207504,
        1000000.0,
        1000000.0,
        999760.8160834546,
        1000000.0,
        1000000.0,
        1000000.0,
        1000000.0,
        999538.1000820552,
        999712.0246405734,
        1000000.0,
        999955.9294270623,
        1000000.0,
        999273.5680344992,
        1000000.0,
        1000000.0,
        1000000.0,
        999532.0087574602,
        1000000.0,
        1000000.0,
        1000000.0,
        1000000.0,
        1000000.0,
        1000000.0
      ],
      "ess_valid_fraction": [
        1.0,
        1.0,
        1.0,
        1.0,
        1.0,
        1.0,
        1.0,
        1.0,
        1.0,
        1.0,
        1.0,
        1.0,
        1.0,
        1.0,
        1.0,
        1.0,
        1.0,
        1.0,
        1.0,
        1.0,
        1.0,
        1.0,
        1.0,
        1.0,
        1.0,
        1.0,
        1.0,
        1.0,
        1.0,
        1.0,
        1.0,
        1.0
      ],
      "n_evaluations": 7304618.181818182,
      "evaluation_type": "gradient",
      "ess_per_eval": 0.13680024652373707,
      "time": 563.4251787662506,
      "sigma": 0.0,
      "epsilon": 0.6375584602355957,
      "n_leapfrog": 7.3046181818181815,
      "n_warmup": 1000,
      "target_accept": 0.8,
      "gamma": 0.05,
      "t0": 10,
      "kappa": 0.75
    },
    "Hamiltonian Walk Move": {
      "distribution": "Gaussian",
      "tau": 1.295988214922927,
      "tau_std": 0.010806143159606207,
      "ess": 771611.9548660174,
      "ess_by_coordinate": [
        783524.1023754859,
        789855.7968093444,
        780033.5230162384,
        784626.3192187004,
        771611.9548660174,
        779812.3851155849,
        783892.689525478,
        791244.1605547316,
        777312.073168968,
        775701.1961702815,
        778672.7594202855,
        783483.1413549633,
        785635.6675690362,
        790949.1431545789,
        787161.6462329399,
        785780.3070181683,
        777066.979775347,
        798881.2198730109,
        789443.4858228097,
        781692.4385609314,
        796082.6635939145,
        777776.8523712903,
        776136.0459797774,
        792183.1744689243,
        789618.9152237952,
        773778.3455646826,
        783941.7705800069,
        781021.8952745626,
        784236.3457009142,
        796045.5385224499,
        786032.8631269899,
        778819.271525613
      ],
      "ess_valid_fraction": [
        1.0,
        1.0,
        1.0,
        1.0,
        1.0,
        1.0,
        1.0,
        1.0,
        1.0,
        1.0,
        1.0,
        1.0,
        1.0,
        1.0,
        1.0,
        1.0,
        1.0,
        1.0,
        1.0,
        1.0,
        1.0,
        1.0,
        1.0,
        1.0,
        1.0,
        1.0,
        1.0,
        1.0,
        1.0,
        1.0,
        1.0,
        1.0
      ],
      "n_evaluations": 10000000.0,
      "evaluation_type": "gradient",
      "ess_per_eval": 0.07716119548660175,
      "time": 147.80506110191345,
      "sigma": 0.0,
      "epsilon": 0.643123209476471,
      "n_leapfrog": 9,
      "n_warmup": 1000,
      "target_accept": 0.651,
      "gamma": 0.05,
      "t0": 10,
      "kappa": 0.75
    },
    "Stretch Move": {
      "distribution": "Gaussian",
      "tau": 269.5589729620097,
      "tau_std": 18.181541788423072,
      "ess": 3709.763355349091,
      "ess_by_coordinate": [
        4564.700375647827,
        4910.732279692332,
        4475.2606936200855,
        4801.618991579957,
        4461.887931255776,
        4560.540718226565,
        4766.590627160036,
        4540.9372553279245,
        4002.8656484669727,
        4220.948387890803,
        4417.742754119948,
        4530.7286628107295,
        4369.238753440665,
        4263.476415152316,
        4131.445426387098,
        4847.805119657369,
        3709.763355349091,
        4243.310707823413,
        4136.7132325853845,
        3861.704334096061,
        3984.15953573383,
        4005.217180605092,
        3838.6798661554963,
        4175.344295090614,
        5217.588459340872,
        4655.891770490961,
        4053.440065857385,
        4385.1401197141395,
        4349.4212299170795,
        3875.589849309429,
        4100.156058485797,
        4471.339064015157
      ],
      "ess_valid_fraction": [
        0.82,
        0.81,
        0.75,
        0.8,
        0.84,
        0.78,
        0.81,
        0.8,
        0.73,
        0.75,
        0.8,
        0.74,
        0.76,
        0.73,
        0.72,
        0.82,
        0.67,
        0.76,
        0.76,
        0.66,
        0.72,
        0.7,
        0.79,
        0.72,
        0.83,
        0.78,
        0.75,
        0.75,
        0.72,
        0.72,
        0.69,
        0.8
      ],
      "n_evaluations": 1000000.0,
      "evaluation_type": "function",
      "ess_per_eval": 0.003709763355349091,
      "time": 5.771373987197876,
      "sigma": 0.0,
      "epsilon": 0.0,
      "n_leapfrog": null,
      "n_warmup": null,
      "target_accept": null,
      "gamma": null,
      "t0": null,
      "kappa": null
    },
    "HMC": {
      "distribution": "Gaussian",
      "tau": 291.0671353876337,
      "tau_std": 70.40180110403324,
      "ess": 3435.6334962661886,
      "ess_by_coordinate": [
        1000000.0,
        1000000.0,
        1000000.0,
        1000000.0,
        1000000.0,
        932095.7010257613,
        710535.3536280652,
        531073.2129885171,
        408648.9928047152,
        308465.7265270623,
        239732.48253839687,
        180725.2080697653,
        142086.61477967672,
        110186.52214177798,
        92307.76904593075,
        70300.44930372504,
        58156.552254162656,
        45402.94751932989,
        38971.48530073273,
        31236.400331642875,
        25792.476543732384,
        21036.214511707385,
        16679.398452110017,
        13299.476809139725,
        12536.838899911543,
        10874.58799741523,
        8466.946276341781,
        7977.29170852966,
        6886.132441436447,
        5652.984234547413,
        4820.042090068328,
        3435.6334962661886
      ],
      "ess_valid_fraction": [
        1.0,
        1.0,
        1.0,
        1.0,
        1.0,
        1.0,
        1.0,
        1.0,
        1.0,
        1.0,
        1.0,
        1.0,
        1.0,
        1.0,
        1.0,
        1.0,
        1.0,
        1.0,
        1.0,
        1.0,
        1.0,
        1.0,
        1.0,
        0.99,
        1.0,
        1.0,
        0.96,
        0.95,
        0.91,
        0.86,
        0.77,
        0.63
      ],
      "n_evaluations": 3000000.0,
      "evaluation_type": "gradient",
      "ess_per_eval": 0.001145211165422063,
      "time": 70.9693193435669,
      "sigma": 0.0,
      "epsilon": 4.131556034088135,
      "n_leapfrog": 2,
      "n_warmup": 1000,
      "target_accept": 0.651,
      "gamma": 0.05,
      "t0": 10,
      "kappa": 0.75
    }
  }
}