{
  "dim": 32,
  "seed": 4,
  "n_samples": 10000,
  "burn_in": 1000,
  "n_thin": 1,
  "n_chains": 100,
  "cond": 1.0,
  "af": true,
  "transform_affine": true,
  "summary": {
    "Dense-mass NUTS": {
      "distribution": "Gaussian",
      "tau": 1.001190921292423,
      "tau_std": 0.00023102634029048604,
      "ess": 998810.4953140349,
      "ess_by_coordinate": [
        1000000.0,
        1000000.0,
        1000000.0,
        1000000.0,
        1000000.0,
        1000000.0,
        1000000.0,
        1000000.0,
        999516.122704066,
        1000000.0,
        1000000.0,
        1000000.0,
        1000000.0,
        999768.3486780957,
        1000000.0,
        1000000.0,
        1000000.0,
        1000000.0,
        1000000.0,
        1000000.0,
        1000000.0,
        1000000.0,
        999924.1599355687,
        998810.4953140349,
        1000000.0,
        1000000.0,
        1000000.0,
        999580.4199054807,
        1000000.0,
        1000000.0,
        1000000.0,
        1000000.0
      ],
      "ess_valid_fraction": [
        1.0,
        1.0,
        1.0,
        1.0,
        1.0,
        1.0,
        1.0,
        1.0,
        1.0,
        1.0,
        1.0,
        1.0,
        1.0,
        1.0,
        1.0,
        1.0,
        1.0,
        1.0,
        1.0,
        1.0,
        1.0,
        1.0,
        1.0,
        1.0,
        1.0,
        1.0,
        1.0,
        1.0,
        1.0,
        1.0,
        1.0,
        1.0
      ],
      "n_evaluations": 7071960.0,
      "evaluation_type": "gradient",
      "ess_per_eval": 0.14123531458238378,
      "time": 34.2148232460022,
      "sigma": 0.0,
      "epsilon": 0.5350457429885864,
      "n_leapfrog": 7.07196,
      "n_warmup": 1000,
      "target_accept": 0.8,
      "gamma": 0.05,
      "t0": 10,
      "kappa": 0.75
    },
    "Hamiltonian Walk Move": {
      "distribution": "Gaussian",
      "tau": 1.250216040767758,
      "tau_std": 0.009923697504913382,
      "ess": 799861.7578013955,
      "ess_by_coordinate": [
        811793.3224370362,
        804540.154120508,
        813980.9580542481,
        813017.2233879855,
        803593.9278513527,
        806289.7845116785,
        825130.2177683538,
        810719.9384296836,
        799861.7578013955,
        804304.6611178782,
        808260.3030226826,
        810132.213670411,
        803834.2518402027,
        813237.2936916456,
        826546.4435059218,
        804840.3490971543,
        808620.4404714525,
        818624.580212212,
        814928.1862445654,
        811796.4478791335,
        822884.9796766925,
        814376.1467669243,
        811151.3393308417,
        810377.8081578922,
        811242.8664302458,
        814812.0709240859,
        816790.6153906963,
        813044.4883084832,
        810445.8784237758,
        813049.1692731861,
        816858.0892964137,
        827655.4101924963
      ],
      "ess_valid_fraction": [
        1.0,
        1.0,
        1.0,
        1.0,
        1.0,
        1.0,
        1.0,
        1.0,
        1.0,
        1.0,
        1.0,
        1.0,
        1.0,
        1.0,
        1.0,
        1.0,
        1.0,
        1.0,
        1.0,
        1.0,
        1.0,
        1.0,
        1.0,
        1.0,
        1.0,
        1.0,
        1.0,
        1.0,
        1.0,
        1.0,
        1.0,
        1.0
      ],
      "n_evaluations": 10000000.0,
      "evaluation_type": "gradient",
      "ess_per_eval": 0.07998617578013954,
      "time": 22.694530487060547,
      "sigma": 0.0,
      "epsilon": 0.6405548453330994,
      "n_leapfrog": 9,
      "n_warmup": 1000,
      "target_accept": 0.651,
      "gamma": 0.05,
      "t0": 10,
      "kappa": 0.75
    },
    "Stretch Move": {
      "distribution": "Gaussian",
      "tau": 267.5329867768566,
      "tau_std": 17.462786283730832,
      "ess": 3737.856822994609,
      "ess_by_coordinate": [
        4752.829079281122,
        4049.8310758207426,
        3983.845253802289,
        4599.717082478236,
        4877.8138315761635,
        4714.24434010655,
        4780.819506523568,
        3895.0089186866494,
        4487.0388448096855,
        4051.874084799432,
        4105.123487560742,
        4055.469398159715,
        4137.549079869678,
        4483.112896747649,
        4801.922542386975,
        4708.731791784747,
        4581.575604273954,
        4229.4796983368215,
        4343.607097535529,
        4508.525368004758,
        4052.4132282043693,
        3737.856822994609,
        4604.363628256924,
        4234.805354544079,
        3770.234021259033,
        4555.0370847430495,
        3936.9957356365894,
        4131.606701182896,
        4568.839321979406,
        4478.7537559344555,
        4033.402064141781,
        4489.364419414849
      ],
      "ess_valid_fraction": [
        0.8,
        0.72,
        0.73,
        0.8,
        0.83,
        0.76,
        0.78,
        0.66,
        0.8,
        0.71,
        0.73,
        0.75,
        0.76,
        0.8,
        0.85,
        0.77,
        0.8,
        0.78,
        0.73,
        0.79,
        0.73,
        0.66,
        0.81,
        0.8,
        0.69,
        0.77,
        0.69,
        0.74,
        0.77,
        0.82,
        0.72,
        0.78
      ],
      "n_evaluations": 1000000.0,
      "evaluation_type": "function",
      "ess_per_eval": 0.003737856822994609,
      "time": 5.753458738327026,
      "sigma": 0.0,
      "epsilon": 0.0,
      "n_leapfrog": null,
      "n_warmup": null,
      "target_accept": null,
      "gamma": null,
      "t0": null,
      "kappa": null
    },
    "HMC": {
      "distribution": "Gaussian",
      "tau": 1.781283354431013,
      "tau_std": 0.01125801127182502,
      "ess": 561392.9965226814,
      "ess_by_coordinate": [
        566995.0996256062,
        570009.0082983779,
        573324.1272645342,
        567616.1877531679,
        561392.9965226814,
        564301.3569808367,
        564992.4666455688,
        565179.0746920749,
        566863.5293785264,
        569667.4915413718,
        568347.2499216973,
        570219.8504280071,
        563397.8192599531,
        566836.7006134856,
        567686.2963804571,
        576157.4694383277,
        567220.5265432663,
        572800.5177782074,
        572331.4530824854,
        569876.527482211,
        569581.774676143,
        565361.5465223754,
        570305.2147779816,
        568639.7656170547,
        568470.8163821572,
        566219.3641023549,
        572036.8361177898,
        574954.6609160174,
        572529.4588419874,
        561925.071771877,
        567087.5490832326,
        562329.9210544042
      ],
      "ess_valid_fraction": [
        1.0,
        1.0,
        1.0,
        1.0,
        1.0,
        1.0,
        1.0,
        1.0,
        1.0,
        1.0,
        1.0,
        1.0,
        1.0,
        1.0,
        1.0,
        1.0,
        1.0,
        1.0,
        1.0,
        1.0,
        1.0,
        1.0,
        1.0,
        1.0,
        1.0,
        1.0,
        1.0,
        1.0,
        1.0,
        1.0,
        1.0,
        1.0
      ],
      "n_evaluations": 3000000.0,
      "evaluation_type": "gradient",
      "ess_per_eval": 0.18713099884089382,
      "time": 12.774306774139404,
      "sigma": 0.0,
      "epsilon": 2.0485479831695557,
      "n_leapfrog": 2,
      "n_warmup": 1000,
      "target_accept": 0.651,
      "gamma": 0.05,
      "t0": 10,
      "kappa": 0.75
    }
  }
}