{
  "dim": 32,
  "seed": 4,
  "n_samples": 10000,
  "burn_in": 1000,
  "n_thin": 1,
  "n_chains": 100,
  "cond": 316.2,
  "af": true,
  "transform_affine": true,
  "summary": {
    "Dense-mass NUTS": {
      "distribution": "Gaussian",
      "tau": 1.128486697048007,
      "tau_std": 0.03250113451759779,
      "ess": 886142.4796728985,
      "ess_by_coordinate": [
        1000000.0,
        1000000.0,
        1000000.0,
        1000000.0,
        1000000.0,
        1000000.0,
        1000000.0,
        1000000.0,
        1000000.0,
        1000000.0,
        1000000.0,
        1000000.0,
        1000000.0,
        1000000.0,
        1000000.0,
        1000000.0,
        1000000.0,
        1000000.0,
        1000000.0,
        1000000.0,
        999126.2046184631,
        998501.9179658201,
        997849.1447754598,
        994661.1521861119,
        992122.1009837994,
        999857.4605749741,
        980799.6775993761,
        952959.1200934915,
        941116.1693192136,
        956789.5039306737,
        886142.4796728985,
        892272.7399270632
      ],
      "ess_valid_fraction": [
        1.0,
        1.0,
        1.0,
        1.0,
        1.0,
        1.0,
        1.0,
        1.0,
        1.0,
        1.0,
        1.0,
        1.0,
        1.0,
        1.0,
        1.0,
        1.0,
        1.0,
        1.0,
        1.0,
        1.0,
        1.0,
        1.0,
        1.0,
        1.0,
        1.0,
        1.0,
        1.0,
        1.0,
        1.0,
        1.0,
        1.0,
        1.0
      ],
      "n_evaluations": 7248821.818181817,
      "evaluation_type": "gradient",
      "ess_per_eval": 0.12224641492086846,
      "time": 57.404043197631836,
      "sigma": 0.0,
      "epsilon": 0.5328553915023804,
      "n_leapfrog": 7.248821818181818,
      "n_warmup": 1000,
      "target_accept": 0.8,
      "gamma": 0.05,
      "t0": 10,
      "kappa": 0.75
    },
    "Hamiltonian Walk Move": {
      "distribution": "Gaussian",
      "tau": 1.275465569580844,
      "tau_std": 0.00780022308184828,
      "ess": 784027.4358237908,
      "ess_by_coordinate": [
        797180.7544782262,
        787218.0064058787,
        785120.5609947791,
        799200.4716294357,
        792692.6694439222,
        793959.4094840931,
        793330.1949173111,
        789716.6543314079,
        784027.4358237908,
        799326.6822923021,
        788536.60937008,
        794448.9365309123,
        798049.5405852308,
        787865.6890728467,
        785138.5119950615,
        793874.6966724558,
        786941.5509323083,
        803151.7456353632,
        796691.7792289142,
        787996.0462242722,
        792921.34435322,
        787226.318517764,
        791704.0817030361,
        790598.0665549535,
        792102.352573908,
        790308.914458745,
        798553.7393656973,
        787875.1719726177,
        786522.2106081622,
        789096.571366819,
        792371.5709546529,
        784163.1468027863
      ],
      "ess_valid_fraction": [
        1.0,
        1.0,
        1.0,
        1.0,
        1.0,
        1.0,
        1.0,
        1.0,
        1.0,
        1.0,
        1.0,
        1.0,
        1.0,
        1.0,
        1.0,
        1.0,
        1.0,
        1.0,
        1.0,
        1.0,
        1.0,
        1.0,
        1.0,
        1.0,
        1.0,
        1.0,
        1.0,
        1.0,
        1.0,
        1.0,
        1.0,
        1.0
      ],
      "n_evaluations": 10000000.0,
      "evaluation_type": "gradient",
      "ess_per_eval": 0.07840274358237909,
      "time": 23.912195920944214,
      "sigma": 0.0,
      "epsilon": 0.6355838179588318,
      "n_leapfrog": 9,
      "n_warmup": 1000,
      "target_accept": 0.651,
      "gamma": 0.05,
      "t0": 10,
      "kappa": 0.75
    },
    "Stretch Move": {
      "distribution": "Gaussian",
      "tau": 266.5306685876145,
      "tau_std": 15.94323241763913,
      "ess": 3751.9134488317914,
      "ess_by_coordinate": [
        4644.979030567074,
        3751.9134488317914,
        4275.0263963265115,
        4776.1797705459085,
        4555.2417655132795,
        4674.741615908493,
        4136.225469275284,
        4549.077001953987,
        4473.21731058107,
        3951.076191389881,
        4045.1200083163503,
        4034.292458025807,
        4373.001067989913,
        4498.903308028576,
        5034.302962487291,
        4115.430727273073,
        4133.491842307946,
        4175.048816783801,
        4487.465845051945,
        4535.070903183318,
        3967.9396275390154,
        3782.067100457526,
        4633.650941446142,
        4456.846998031595,
        4285.728666071781,
        4323.4963412137295,
        4182.676584874682,
        4402.215660531857,
        4676.987402831311,
        4049.113577871229,
        4174.469549391278,
        4628.959447794426
      ],
      "ess_valid_fraction": [
        0.76,
        0.69,
        0.74,
        0.8,
        0.77,
        0.81,
        0.75,
        0.77,
        0.79,
        0.73,
        0.78,
        0.75,
        0.77,
        0.79,
        0.88,
        0.69,
        0.78,
        0.79,
        0.78,
        0.8,
        0.72,
        0.67,
        0.8,
        0.78,
        0.75,
        0.75,
        0.71,
        0.77,
        0.77,
        0.76,
        0.78,
        0.77
      ],
      "n_evaluations": 1000000.0,
      "evaluation_type": "function",
      "ess_per_eval": 0.0037519134488317916,
      "time": 5.98035740852356,
      "sigma": 0.0,
      "epsilon": 0.0,
      "n_leapfrog": null,
      "n_warmup": null,
      "target_accept": null,
      "gamma": null,
      "t0": null,
      "kappa": null
    },
    "HMC": {
      "distribution": "Gaussian",
      "tau": 3624.67110359192,
      "tau_std": 926.2907333205941,
      "ess": 275.8871002141506,
      "ess_by_coordinate": [
        1000000.0,
        1000000.0,
        1000000.0,
        976997.6244212205,
        611986.8999665744,
        384164.5134878789,
        246386.9656394741,
        162164.81393587342,
        108288.61874213062,
        75440.07243094679,
        51526.809693615265,
        34611.72827804772,
        25371.832285716857,
        18464.26540509605,
        13845.716835009094,
        10928.599606539477,
        8056.340287046118,
        6652.3107690082115,
        5064.3388293666885,
        3474.036598566505,
        2722.7305524628246,
        1971.1122102044937,
        1441.8357713912612,
        877.9977981044607,
        1118.640329415437,
        869.0791692160785,
        508.6615959936889,
        725.6332696090554,
        372.004992706131,
        436.4400704286344,
        275.8871002141506,
        512.8597644059419
      ],
      "ess_valid_fraction": [
        1.0,
        1.0,
        1.0,
        1.0,
        1.0,
        1.0,
        1.0,
        1.0,
        1.0,
        1.0,
        1.0,
        1.0,
        1.0,
        1.0,
        1.0,
        0.99,
        0.95,
        0.91,
        0.83,
        0.67,
        0.55,
        0.43,
        0.33,
        0.21,
        0.28,
        0.21,
        0.12,
        0.18,
        0.1,
        0.11,
        0.08,
        0.14
      ],
      "n_evaluations": 3000000.0,
      "evaluation_type": "gradient",
      "ess_per_eval": 9.19623667380502e-05,
      "time": 13.082565784454346,
      "sigma": 0.0,
      "epsilon": 4.413292407989502,
      "n_leapfrog": 2,
      "n_warmup": 1000,
      "target_accept": 0.651,
      "gamma": 0.05,
      "t0": 10,
      "kappa": 0.75
    }
  }
}