{
  "dim": 32,
  "seed": 4,
  "n_samples": 10000,
  "burn_in": 2000,
  "n_thin": 1,
  "n_chains": 100,
  "hwm_walkers_requested": 300,
  "jax_enable_x64": true,
  "af": true,
  "initialization_mode": "agnostic",
  "initialization_description": "independent N(0, 2^2) coordinates in the intrinsic Rosenbrock frame",
  "transform_affine": true,
  "overlay_rosenbrock": {
    "a": 1.0,
    "b": 100.0,
    "sigma": 1.5
  },
  "summary": {
    "Dense-mass NUTS": {
      "distribution": "Paired Rosenbrock",
      "tau": 9.442486888179744,
      "tau_std": 1.426642884745782,
      "ess": 105904.30379647294,
      "ess_by_coordinate": [
        254407.37923144587,
        204539.12781993212,
        237540.6325721094,
        192083.97534400297,
        253185.8217835969,
        208202.37195971212,
        245279.60931978433,
        199947.2963951341,
        243011.18130741068,
        196811.34224134448,
        228287.97265775714,
        185948.9485804225,
        229576.54130817734,
        190013.27989503203,
        220429.80737310665,
        179308.1451968783,
        216218.49509756907,
        185148.18840334655,
        199337.11270818053,
        166843.99934714873,
        176598.40228815132,
        157753.9279614371,
        172284.23482825313,
        148896.1626521223,
        156956.4748502846,
        146890.22496830422,
        140090.03360925324,
        119273.27567490481,
        141754.0750952913,
        125829.81003239218,
        115636.50928418782,
        105904.30379647294
      ],
      "ess_valid_fraction": [
        1.0,
        1.0,
        1.0,
        1.0,
        1.0,
        1.0,
        1.0,
        1.0,
        1.0,
        1.0,
        1.0,
        1.0,
        1.0,
        1.0,
        1.0,
        1.0,
        1.0,
        1.0,
        1.0,
        1.0,
        1.0,
        1.0,
        1.0,
        1.0,
        1.0,
        1.0,
        1.0,
        1.0,
        1.0,
        1.0,
        1.0,
        1.0
      ],
      "n_evaluations": 252114580.8333333,
      "evaluation_type": "gradient",
      "ess_per_eval": 0.0004200641765597986,
      "time": 351.49036407470703,
      "sigma": 1.5,
      "epsilon": 0.01499505727809412,
      "n_leapfrog": 252.11458083333332,
      "n_warmup": 2000,
      "target_accept": 0.8,
      "cond": 31.62,
      "mean_mse": 0.0004391305033458765,
      "cov_mse": 0.0015299551487554677,
      "acceptance_rate_mean": 0.8935153309779191,
      "acceptance_rate_min": 0.8035423925463583,
      "acceptance_rate_max": 0.9516836758475365,
      "n_divergent": 1486,
      "actual_n_chains": 100,
      "diagnostic_draws_per_chain": 200,
      "sample_finite_fraction": 1.0,
      "finite_draw_fraction": 1.0,
      "sample_covariance_rank": 32,
      "sample_covariance_full_rank": true
    },
    "Hamiltonian Walk Move": {
      "distribution": "Paired Rosenbrock",
      "tau": 5.685306201772006,
      "tau_std": 1.0863901128686946,
      "ess": 527676.0641432039,
      "ess_by_coordinate": [
        927096.746348344,
        557639.260211896,
        894907.6400084695,
        543513.8618287456,
        892000.5097302304,
        541049.9891900031,
        941852.1083335646,
        567974.8128395854,
        866261.3833074489,
        533348.9991268376,
        895765.1840474654,
        544193.0259930696,
        905631.8726958737,
        537934.2786804836,
        923227.8020121667,
        563758.3081987887,
        900899.00787425,
        540383.9991291434,
        940097.3415547867,
        562217.7811846569,
        868708.4224624018,
        536095.9198326606,
        929639.0352718437,
        570920.9409084996,
        865799.7519980435,
        527676.0641432039,
        913225.041096369,
        561004.7673427385,
        913630.7311864828,
        539424.9103913824,
        913867.5303137979,
        543651.9196009267
      ],
      "ess_valid_fraction": [
        1.0,
        1.0,
        1.0,
        1.0,
        0.9966666666666667,
        1.0,
        0.9966666666666667,
        0.9966666666666667,
        1.0,
        1.0,
        1.0,
        0.9933333333333333,
        1.0,
        0.9966666666666667,
        1.0,
        1.0,
        1.0,
        1.0,
        1.0,
        1.0,
        0.9966666666666667,
        0.9966666666666667,
        0.9966666666666667,
        1.0,
        1.0,
        0.9966666666666667,
        1.0,
        1.0,
        1.0,
        0.9966666666666667,
        0.9966666666666667,
        0.9966666666666667
      ],
      "n_evaluations": 998422749.9999999,
      "evaluation_type": "gradient",
      "ess_per_eval": 0.000528509655998127,
      "time": 354.0715615749359,
      "sigma": 1.5,
      "epsilon": 0.021128375747762863,
      "n_leapfrog": 331.8075833333333,
      "n_warmup": 2000,
      "target_accept": 0.651,
      "cond": 31.62,
      "mean_mse": 0.00018595669577614387,
      "cov_mse": 0.0008860875236648331,
      "acceptance_rate_mean": 0.6268777777777778,
      "acceptance_rate_min": 0.6268777777777778,
      "acceptance_rate_max": 0.6268777777777778,
      "n_divergent": null,
      "actual_n_chains": 300,
      "diagnostic_draws_per_chain": 200,
      "sample_finite_fraction": 1.0,
      "finite_draw_fraction": 1.0,
      "sample_covariance_rank": 32,
      "sample_covariance_full_rank": true
    },
    "Stretch Move": {
      "distribution": "Paired Rosenbrock",
      "tau": 3939.646564049975,
      "tau_std": 626.3267431179293,
      "ess": 253.82987629529777,
      "ess_by_coordinate": [
        485.53359285222075,
        1146.889998792986,
        502.83857754488963,
        780.2243006076608,
        556.5721145056544,
        1274.279841448742,
        656.3281306280414,
        1272.0497213148801,
        656.7139971143612,
        918.2857524106051,
        843.9773058752882,
        1122.4011721635495,
        413.4215860542818,
        1010.1345165463001,
        468.238443246581,
        991.7433941497295,
        551.1004772645227,
        728.3244740594766,
        253.82987629529777,
        783.0154311602532,
        514.5429228868396,
        812.8992109083482,
        483.6602067466764,
        776.6147488234226,
        439.63556211314375,
        737.8020744423237,
        611.3265026186273,
        635.0822498468865,
        570.4994544057747,
        1245.4235242445282,
        703.3212498566154,
        502.65875433175825
      ],
      "ess_valid_fraction": [
        0.12,
        0.26,
        0.13,
        0.17,
        0.12,
        0.26,
        0.15,
        0.3,
        0.14,
        0.2,
        0.23,
        0.27,
        0.11,
        0.2,
        0.1,
        0.19,
        0.13,
        0.18,
        0.06,
        0.17,
        0.12,
        0.2,
        0.11,
        0.19,
        0.12,
        0.15,
        0.15,
        0.13,
        0.15,
        0.29,
        0.18,
        0.13
      ],
      "n_evaluations": 1000000.0,
      "evaluation_type": "function",
      "ess_per_eval": 0.0002538298762952978,
      "time": 4.825337886810303,
      "sigma": 1.5,
      "epsilon": 0.0,
      "n_leapfrog": null,
      "n_warmup": null,
      "target_accept": null,
      "cond": 31.62,
      "mean_mse": 4.408923313746044,
      "cov_mse": 0.9659677701880574,
      "acceptance_rate_mean": 0.17320666666666668,
      "acceptance_rate_min": 0.1355,
      "acceptance_rate_max": 0.21475,
      "n_divergent": null,
      "actual_n_chains": 100,
      "diagnostic_draws_per_chain": 200,
      "sample_finite_fraction": 1.0,
      "finite_draw_fraction": 1.0,
      "sample_covariance_rank": 32,
      "sample_covariance_full_rank": true
    },
    "HMC": {
      "distribution": "Paired Rosenbrock",
      "tau": 1256.6241153589842,
      "tau_std": 289.6417416484025,
      "ess": 795.7829137429267,