{
  "dim": 32,
  "seed": 4,
  "n_samples": 10000,
  "burn_in": 1000,
  "n_thin": 1,
  "n_chains": 100,
  "af": true,
  "initialization_mode": "agnostic",
  "initialization_description": "independent N(0, 2^2) coordinates in the intrinsic Rosenbrock frame",
  "transform_affine": true,
  "overlay_rosenbrock": {
    "a": 1.0,
    "b": 100.0,
    "sigma": 0.7
  },
  "summary": {
    "Dense-mass NUTS": {
      "distribution": "Paired Rosenbrock",
      "tau": 612.3070446113984,
      "tau_std": 171.6474018439428,
      "ess": 1633.1675567029472,
      "ess_by_coordinate": [
        11862.904641011122,
        12628.275292401555,
        9568.207837300768,
        11220.279663855124,
        9175.655297712012,
        9766.866041263253,
        6309.80679461314,
        6622.145581402272,
        5964.717944724876,
        5671.405423598829,
        4992.243690851721,
        5999.48339431548,
        4609.774056829426,
        5039.367374732948,
        3285.203029599171,
        3442.844559510648,
        2754.5304250470776,
        3588.1831129381394,
        3339.898940161616,
        3577.882970676081,
        2245.144911643406,
        2542.9051512382352,
        2228.764084510406,
        2889.9472981426115,
        1829.2331591272878,
        2238.35375338736,
        1812.6962495474195,
        2142.0758308540717,
        1656.6476957465538,
        1633.1675567029472,
        1678.373469608611,
        1827.5682925146496
      ],
      "ess_valid_fraction": [
        0.6,
        0.58,
        0.61,
        0.61,
        0.52,
        0.57,
        0.53,
        0.53,
        0.52,
        0.45,
        0.51,
        0.54,
        0.48,
        0.51,
        0.44,
        0.42,
        0.41,
        0.49,
        0.44,
        0.44,
        0.34,
        0.36,
        0.35,
        0.39,
        0.3,
        0.39,
        0.34,
        0.38,
        0.3,
        0.31,
        0.31,
        0.33
      ],
      "n_evaluations": 254865099.0909091,
      "evaluation_type": "gradient",
      "ess_per_eval": 6.407968617627024e-06,
      "time": 3280.4688935279846,
      "sigma": 0.7,
      "epsilon": 0.003156584920361638,
      "n_leapfrog": 254.8650990909091,
      "n_warmup": 1000,
      "target_accept": 0.8,
      "cond": 31.62
    },
    "Hamiltonian Walk Move": {
      "distribution": "Paired Rosenbrock",
      "tau": 4407.973826817367,
      "tau_std": 915.6556212765663,
      "ess": 226.86160110937345,
      "ess_by_coordinate": [
        427.7555114165562,
        651.782081458036,
        484.1209291371868,
        999.8989386031017,
        301.65757544281814,
        584.1974757756936,
        378.5718017130604,
        696.6256961224883,
        330.545020697193,
        1423.9722467421805,
        440.32617837626407,
        1049.361843395488,
        501.79067209970856,
        1357.2187721789055,
        497.0074388037699,
        1022.0680844163826,
        290.68810905154356,
        931.9484152008199,
        436.18607601881433,
        813.9477268353263,
        275.22566483712535,
        627.9809141942975,
        380.41569347719394,
        1029.563039112984,
        556.417588461052,
        831.4404531824187,
        392.4722534923078,
        1022.0908400505892,
        226.86160110937345,
        640.582759066188,
        733.0470690875543,
        736.1126759008007
      ],
      "ess_valid_fraction": [
        0.09,
        0.15,
        0.11,
        0.21,
        0.07,
        0.13,
        0.1,
        0.12,
        0.09,
        0.28,
        0.11,
        0.22,
        0.12,
        0.25,
        0.13,
        0.23,
        0.08,
        0.2,
        0.11,
        0.18,
        0.07,
        0.14,
        0.1,
        0.21,
        0.14,
        0.18,
        0.09,
        0.16,
        0.06,
        0.12,
        0.18,
        0.16
      ],
      "n_evaluations": 1001000000.0,
      "evaluation_type": "gradient",
      "ess_per_eval": 2.2663496614323023e-07,
      "time": 967.8863275051117,
      "sigma": 0.7,
      "epsilon": 5.660707302013179e-06,
      "n_leapfrog": 1000,
      "n_warmup": 1000,
      "target_accept": 0.651,
      "cond": 31.62
    },
    "Stretch Move": {
      "distribution": "Paired Rosenbrock",
      "tau": 3005.532123141798,
      "tau_std": 634.8103853063764,
      "ess": 332.71978439367393,
      "ess_by_coordinate": [
        510.051334718332,
        1048.2006624078124,
        516.6280567309159,
        984.0687155676088,
        394.1927523254981,
        431.43797388549115,
        567.9527875232881,
        949.1048948644485,
        1006.8988878188524,
        1359.6407095878142,
        377.2200699153947,
        598.5310798954919,
        332.71978439367393,
        377.16915031188984,
        501.02155006331395,
        1424.4116454063292,
        415.2103093138408,
        970.3066703997264,
        418.4976291017242,
        938.445659543147,
        738.0987658646756,
        546.1682981358124,
        418.74110671569406,
        645.8872391663197,
        766.6621084113707,
        895.2577765046182,
        415.77030192913736,
        860.2040795724239,
        722.5195194360592,
        859.9165765100853,
        724.3906781351329,
        573.3503487470821
      ],
      "ess_valid_fraction": [
        0.14,
        0.25,
        0.14,
        0.22,
        0.1,
        0.1,
        0.14,
        0.21,
        0.25,
        0.3,
        0.09,
        0.15,
        0.09,
        0.1,
        0.12,
        0.32,
        0.09,
        0.21,
        0.1,
        0.19,
        0.18,
        0.12,
        0.09,
        0.16,
        0.18,
        0.2,
        0.11,
        0.2,
        0.18,
        0.18,
        0.15,
        0.15
      ],
      "n_evaluations": 1000000.0,
      "evaluation_type": "function",
      "ess_per_eval": 0.0003327197843936739,
      "time": 4.52073073387146,
      "sigma": 0.7,
      "epsilon": 0.0,
      "n_leapfrog": null,
      "n_warmup": null,
      "target_accept": null,
      "cond": 31.62
    },
    "HMC": {
      "distribution": "Paired Rosenbrock",
      "tau": 1551.351890670612,
      "tau_std": 425.5311599337968,
      "ess": 644.599079044358,
      "ess_by_coordinate": [
        10528.72471403682,
        8745.196266022185,
        8750.043150632218,
        7559.392096989527,
        6294.692399763051,
        5229.145220010525,
        4862.104242917812,
        4099.388427287535,
        3959.7952186882235,
        4189.450143140839,
        3359.138008415878,
        3372.0256142373432,
        2811.6114660262488,
        2940.7712255117976,
        2035.5983641692399,
        2288.4876635837786,
        1545.8741875891708,
        1597.1236035363675,
        1358.74960624416,
        1440.4447135694986,
        1223.0386282175095,
        1695.0554535427536,
        644.599079044358,
        1008.9127707203523,
        757.7088549770319,
        1194.9600935105493,
        1199.4872928310458,
        1429.2121311875683,
        679.6995805667359,
        1241.4566207524108,
        651.9471859328307,
        1004.0066478976954
      ],
      "ess_valid_fraction": [
        0.94,
        0.9,
        0.96,
        0.91,
        0.84,
        0.82,
        0.75,
        0.69,
        0.67,
        0.72,
        0.64,
        0.62,
        0.51,
        0.54,
        0.41,
        0.5,
        0.32,
        0.34,
        0.31,
        0.3,
        0.26,
        0.35,
        0.16,
        0.23,
        0.2,
        0.27,
        0.27,
        0.22,
        0.17,
        0.29,
        0.17,
        0.2
      ],
      "n_evaluations": 1001000000.0,
      "evaluation_type": "gradient",
      "ess_per_eval": 6.439551239204375e-07,
      "time": 359.37049412727356,
      "sigma": 0.7,
      "epsilon": 0.0010376317659392953,
      "n_leapfrog": 1000,
      "n_warmup": 1000,
      "target_accept": 0.651,
      "cond": 31.62
    }
  }
}