{
  "dim": 16,
  "seed": 4,
  "condition_number": 50.0,
  "n_samples": 10000,
  "burn_in": 1000,
  "n_thin": 1,
  "n_chains": 16,
  "af": false,
  "transform_affine": false,
  "summary": {
    "Dense-mass NUTS": {
      "distribution": "Gaussian",
      "tau": 1.0,
      "tau_std": 0.0,
      "ess": 160000.0,
      "ess_by_coordinate": [
        160000.0,
        160000.0,
        160000.0,
        160000.0,
        160000.0,
        160000.0,
        160000.0,
        160000.0,
        160000.0,
        160000.0,
        160000.0,
        160000.0,
        160000.0,
        160000.0,
        160000.0,
        160000.0
      ],
      "ess_valid_fraction": [
        1.0,
        1.0,
        1.0,
        1.0,
        1.0,
        1.0,
        1.0,
        1.0,
        1.0,
        1.0,
        1.0,
        1.0,
        1.0,
        1.0,
        1.0,
        1.0
      ],
      "n_evaluations": 1110800.0,
      "evaluation_type": "gradient",
      "ess_per_eval": 0.14404033129276198,
      "time": 18.03934335708618,
      "sigma": 0.0,
      "epsilon": 0.5860027074813843,
      "n_leapfrog": 6.9425,
      "n_warmup": 1000,
      "target_accept": 0.8,
      "gamma": 0.05,
      "t0": 10,
      "kappa": 0.75
    },
    "Hamiltonian Walk Move": {
      "distribution": "Gaussian",
      "tau": 5.316784229801182,
      "tau_std": 0.15980645470751317,
      "ess": 30093.378456696017,
      "ess_by_coordinate": [
        30479.62107511056,
        31339.704819206832,
        33508.14095750202,
        30721.13884806164,
        33064.0460694198,
        31557.134770790442,
        30743.528029458794,
        33288.91535557956,
        30970.03679021181,
        31463.34656565207,
        31137.035953319857,
        31931.68484069321,
        30093.378456696017,
        31551.51421833453,
        32406.51476424869,
        30470.179085509502
      ],
      "ess_valid_fraction": [
        1.0,
        1.0,
        1.0,
        1.0,
        1.0,
        1.0,
        1.0,
        1.0,
        1.0,
        1.0,
        1.0,
        1.0,
        1.0,
        1.0,
        1.0,
        1.0
      ],
      "n_evaluations": 1920000.0,
      "evaluation_type": "gradient",
      "ess_per_eval": 0.01567363461286251,
      "time": 19.721067905426025,
      "sigma": 0.0,
      "epsilon": 0.6473540663719177,
      "n_leapfrog": 11,
      "n_warmup": 1000,
      "target_accept": 0.651,
      "gamma": 0.05,
      "t0": 10,
      "kappa": 0.75
    },
    "Stretch Move": {
      "distribution": "Gaussian",
      "tau": 230.095875713037,
      "tau_std": 21.03629599904904,
      "ess": 695.3623114894212,
      "ess_by_coordinate": [
        901.0010936722639,
        835.9171952652484,
        796.815107478012,
        734.2591415182964,
        708.1957522526089,
        714.2788349878559,
        899.6079502558339,
        695.3623114894212,
        957.7618313363444,
        984.0793436612709,
        726.6242012762489,
        822.3608481146318,
        898.7606180769337,
        851.5885963773401,
        774.5734714894973,
        836.7371398945425
      ],
      "ess_valid_fraction": [
        0.8125,
        0.9375,
        0.875,
        0.8125,
        0.6875,
        0.6875,
        0.875,
        0.875,
        0.9375,
        0.875,
        0.6875,
        0.875,
        0.875,
        0.8125,
        0.6875,
        0.8125
      ],
      "n_evaluations": 160000.0,
      "evaluation_type": "function",
      "ess_per_eval": 0.004346014446808883,
      "time": 0.942622184753418,
      "sigma": 0.0,
      "epsilon": 0.0,
      "n_leapfrog": null,
      "n_warmup": null,
      "target_accept": null,
      "gamma": null,
      "t0": null,
      "kappa": null
    },
    "HMC": {
      "distribution": "Gaussian",
      "tau": 2.1987889383618984,
      "tau_std": 0.04532143833162658,
      "ess": 72767.32987350768,
      "ess_by_coordinate": [
        74736.89091999427,
        77687.76426529387,
        75614.35641775036,
        78920.66215020661,
        76860.5643508206,
        75879.57231232483,
        78050.88251216867,
        78794.83610062888,
        78890.56772174081,
        75931.98149370315,
        72767.32987350768,
        77448.42457362844,
        75431.52532018829,
        76953.48473614748,
        78044.24665263871,
        75949.21817895045
      ],
      "ess_valid_fraction": [
        1.0,
        1.0,
        1.0,
        1.0,
        1.0,
        1.0,
        1.0,
        1.0,
        1.0,
        1.0,
        1.0,
        1.0,
        1.0,
        1.0,
        1.0,
        1.0
      ],
      "n_evaluations": 480000.0,
      "evaluation_type": "gradient",
      "ess_per_eval": 0.151598603903141,
      "time": 8.807412147521973,
      "sigma": 0.0,
      "epsilon": 2.4627630710601807,
      "n_leapfrog": 2,
      "n_warmup": 1000,
      "target_accept": 0.651,
      "gamma": 0.05,
      "t0": 10,
      "kappa": 0.75
    }
  }
}