{
  "dim": 16,
  "seed": 4,
  "condition_number": 50.0,
  "n_samples": 10000,
  "burn_in": 2000,
  "n_thin": 1,
  "n_chains": 150,
  "hwm_walkers_requested": 300,
  "jax_enable_x64": true,
  "af": false,
  "transform_affine": false,
  "summary": {
    "Dense-mass NUTS": {
      "distribution": "Gaussian",
      "tau": 1.0,
      "tau_std": 0.0,
      "ess": 1500000.0,
      "ess_by_coordinate": [
        1500000.0,
        1500000.0,
        1500000.0,
        1500000.0,
        1500000.0,
        1500000.0,
        1500000.0,
        1500000.0,
        1500000.0,
        1500000.0,
        1500000.0,
        1500000.0,
        1500000.0,
        1500000.0,
        1500000.0,
        1500000.0
      ],
      "ess_valid_fraction": [
        1.0,
        1.0,
        1.0,
        1.0,
        1.0,
        1.0,
        1.0,
        1.0,
        1.0,
        1.0,
        1.0,
        1.0,
        1.0,
        1.0,
        1.0,
        1.0
      ],
      "n_evaluations": 10395973.333333334,
      "evaluation_type": "gradient",
      "ess_per_eval": 0.1442866340557498,
      "time": 29.520037412643433,
      "sigma": 0.0,
      "epsilon": 0.5677406027820631,
      "n_leapfrog": 6.930648888888889,
      "n_warmup": 2000,
      "target_accept": 0.8,
      "gamma": 0.05,
      "t0": 10,
      "kappa": 0.75,
      "mean_mse": 1.8213293559410707e-06,
      "cov_mse": 2.7715651610735135e-05,
      "acceptance_rate_mean": 0.8793128489376086,
      "acceptance_rate_min": 0.8089538579168266,
      "acceptance_rate_max": 0.9265223717913869,
      "n_divergent": 0,
      "actual_n_chains": 150,
      "diagnostic_draws_per_chain": 200,
      "sample_finite_fraction": 1.0,
      "finite_draw_fraction": 1.0,
      "sample_covariance_rank": 16,
      "sample_covariance_full_rank": true
    },
    "Hamiltonian Walk Move": {
      "distribution": "Gaussian",
      "tau": 1.7666923532788652,
      "tau_std": 0.010396271488745846,
      "ess": 1698088.5180332595,
      "ess_by_coordinate": [
        1717287.8625510475,
        1714583.1563757253,
        1703222.1588078164,
        1703012.1629871954,
        1711755.8578988519,
        1715843.5928798537,
        1708234.0935949718,
        1729319.5131113168,
        1704993.6708171568,
        1698088.5180332595,
        1711447.904408104,
        1708621.1708266248,
        1719295.1968942485,
        1700672.044876089,
        1738553.057725219,
        1708959.1892358009
      ],
      "ess_valid_fraction": [
        1.0,
        1.0,
        1.0,
        1.0,
        1.0,
        1.0,
        1.0,
        1.0,
        1.0,
        1.0,
        1.0,
        1.0,
        1.0,
        1.0,
        1.0,
        1.0
      ],
      "n_evaluations": 7916750.0,
      "evaluation_type": "gradient",
      "ess_per_eval": 0.2144931339291072,
      "time": 20.83032774925232,
      "sigma": 0.0,
      "epsilon": 0.9549747240113308,
      "n_leapfrog": 1.6389166666666666,
      "n_warmup": 2000,
      "target_accept": 0.651,
      "gamma": 0.05,
      "t0": 10,
      "kappa": 0.75,
      "mean_mse": 6.380407035341569e-06,
      "cov_mse": 1.1952289473305818e-05,
      "acceptance_rate_mean": 0.6555597222222221,
      "acceptance_rate_min": 0.6555597222222221,
      "acceptance_rate_max": 0.6555597222222221,
      "n_divergent": null,
      "actual_n_chains": 300,
      "diagnostic_draws_per_chain": 200,
      "sample_finite_fraction": 1.0,
      "finite_draw_fraction": 1.0,
      "sample_covariance_rank": 16,
      "sample_covariance_full_rank": true
    },
    "Stretch Move": {
      "distribution": "Gaussian",
      "tau": 138.18053979020496,
      "tau_std": 4.379971993700343,
      "ess": 10855.363586489108,
      "ess_by_coordinate": [
        12396.999414014845,
        11594.893578090365,
        11442.478005278605,
        11850.013816511255,
        12117.27939370156,
        11672.835652575966,
        10855.363586489108,
        11940.888008706568,
        11771.833761145526,
        11693.118833066688,
        11678.203018466465,
        12056.265191190341,
        11537.640377045434,
        11320.487967689794,
        12184.919058244506,
        11062.73082311602
      ],
      "ess_valid_fraction": [
        0.9533333333333334,
        0.94,
        0.9266666666666666,
        0.9533333333333334,
        0.9533333333333334,
        0.9666666666666667,
        0.9266666666666666,
        0.9266666666666666,
        0.94,
        0.9666666666666667,
        0.9333333333333333,
        0.9666666666666667,
        0.9066666666666666,
        0.92,
        0.9533333333333334,
        0.9266666666666666
      ],
      "n_evaluations": 1500000.0,
      "evaluation_type": "function",
      "ess_per_eval": 0.007236909057659405,
      "time": 4.444255590438843,
      "sigma": 0.0,
      "epsilon": 0.0,
      "n_leapfrog": null,
      "n_warmup": null,
      "target_accept": null,
      "gamma": null,
      "t0": null,
      "kappa": null,
      "mean_mse": 0.001897434755538349,
      "cov_mse": 0.0011753343815472774,
      "acceptance_rate_mean": 0.5018872222222223,
      "acceptance_rate_min": 0.48983333333333334,
      "acceptance_rate_max": 0.5134166666666666,
      "n_divergent": null,
      "actual_n_chains": 150,
      "diagnostic_draws_per_chain": 200,
      "sample_finite_fraction": 1.0,
      "finite_draw_fraction": 1.0,
      "sample_covariance_rank": 16,
      "sample_covariance_full_rank": true
    },
    "HMC": {
      "distribution": "Gaussian",
      "tau": 2.401155096674056,
      "tau_std": 0.016166423795040578,
      "ess": 624699.3382800282,
      "ess_by_coordinate": [
        624699.3382800282,
        634012.2994789549,
        627643.80008482,
        629571.7870843917,
        642325.4179387651,
        631094.110457096,
        628385.966225971,
        631196.7437407962,
        633050.9059823523,
        635976.2850528137,
        629631.2249383118,
        628968.9127789058,
        638319.6627598547,
        636258.7235946469,
        634845.9797332363,
        632775.4757939132
      ],
      "ess_valid_fraction": [
        1.0,
        1.0,
        1.0,
        1.0,
        1.0,
        1.0,
        1.0,
        1.0,
        1.0,
        1.0,
        1.0,
        1.0,
        1.0,
        1.0,
        1.0,
        1.0
      ],
      "n_evaluations": 3518750.0,
      "evaluation_type": "gradient",
      "ess_per_eval": 0.1775344478238091,
      "time": 12.324172496795654,
      "sigma": 0.0,
      "epsilon": 3.051356605697457,
      "n_leapfrog": 1.3458333333333332,
      "n_warmup": 2000,
      "target_accept": 0.651,
      "gamma": 0.05,
      "t0": 10,
      "kappa": 0.75,
      "mean_mse": 5.4649343067616695e-06,
      "cov_mse": 2.8571328094792835e-05,
      "acceptance_rate_mean": 0.6515722222222222,
      "acceptance_rate_min": 0.6515722222222222,
      "acceptance_rate_max": 0.6515722222222222,
      "n_divergent": null,
      "actual_n_chains": 150,
      "diagnostic_draws_per_chain": 200,
      "sample_finite_fraction": 1.0,
      "finite_draw_fraction": 1.0,
      "sample_covariance_rank": 16,
      "sample_covariance_full_rank": true
    }
  }
}