{
  "dim": 4,
  "seed": 0,
  "condition_number": 50,
  "n_samples": 10000,
  "burn_in": 2000,
  "n_thin": 1,
  "n_chains": 150,
  "hwm_walkers_requested": 300,
  "jax_enable_x64": true,
  "af": false,
  "initialization_mode": "agnostic",
  "initialization_description": "independent N(0, 2^2) coordinates in the intrinsic Rosenbrock frame",
  "transform_affine": false,
  "overlay_rosenbrock": {
    "a": 1.0,
    "b": 100.0,
    "sigma": 1.5
  },
  "summary": {
    "Dense-mass NUTS": {
      "distribution": "Paired Rosenbrock",
      "tau": 12.905284506252586,
      "tau_std": 0.4316387512917943,
      "ess": 116231.45536026367,
      "ess_by_coordinate": [
        127220.14641295644,
        123836.45648090255,
        125746.47526691553,
        116231.45536026367
      ],
      "ess_valid_fraction": [
        0.9533333333333334,
        0.94,
        0.96,
        0.96
      ],
      "n_evaluations": 93321056.66666666,
      "evaluation_type": "gradient",
      "ess_per_eval": 0.0012455008495610015,
      "time": 336.9010992050171,
      "sigma": 1.5,
      "epsilon": 0.030087741425099884,
      "n_leapfrog": 62.214037777777776,
      "n_warmup": 2000,
      "target_accept": 0.8,
      "gamma": 0.05,
      "t0": 10,
      "kappa": 0.75,
      "mean_mse": 0.010417911677666777,
      "cov_mse": 0.020325236769432684,
      "acceptance_rate_mean": 0.834118067660008,
      "acceptance_rate_min": 0.3451259860196559,
      "acceptance_rate_max": 0.9730907479604254,
      "n_divergent": 26353,
      "actual_n_chains": 150,
      "diagnostic_draws_per_chain": 200,
      "sample_finite_fraction": 1.0,
      "finite_draw_fraction": 1.0,
      "sample_covariance_rank": 4,
      "sample_covariance_full_rank": true
    },
    "Hamiltonian Walk Move": {
      "distribution": "Paired Rosenbrock",
      "tau": 943.6162682489766,
      "tau_std": 139.62314506937665,
      "ess": 3179.2584559473057,
      "ess_by_coordinate": [
        3443.6220526380016,
        4361.5073250434925,
        3179.2584559473057,
        5049.124064422366
      ],
      "ess_valid_fraction": [
        0.26,
        0.3233333333333333,
        0.24,
        0.36
      ],
      "n_evaluations": 3000000.0,
      "evaluation_type": "gradient",
      "ess_per_eval": 0.0010597528186491018,
      "time": 19.05414628982544,
      "sigma": 1.5,
      "epsilon": 0.06101434645345355,
      "n_leapfrog": 0.0,
      "n_warmup": 2000,
      "target_accept": 0.651,
      "gamma": 0.05,
      "t0": 10,
      "kappa": 0.75,
      "mean_mse": 0.3403925372678168,
      "cov_mse": 0.29630019349321984,
      "acceptance_rate_mean": 0.5395041666666668,
      "acceptance_rate_min": 0.5395041666666667,
      "acceptance_rate_max": 0.5395041666666667,
      "n_divergent": null,
      "actual_n_chains": 300,
      "diagnostic_draws_per_chain": 200,
      "sample_finite_fraction": 1.0,
      "finite_draw_fraction": 1.0,
      "sample_covariance_rank": 4,
      "sample_covariance_full_rank": true
    },
    "Stretch Move": {
      "distribution": "Paired Rosenbrock",
      "tau": 980.2932813430326,
      "tau_std": 149.63975811368496,
      "ess": 1530.1543206997735,
      "ess_by_coordinate": [
        1767.8239902238179,
        2470.975836972363,
        1530.1543206997735,
        2281.6288952725367
      ],
      "ess_valid_fraction": [
        0.26666666666666666,
        0.3466666666666667,
        0.26666666666666666,
        0.3466666666666667
      ],
      "n_evaluations": 1500000.0,
      "evaluation_type": "function",
      "ess_per_eval": 0.0010201028804665156,
      "time": 1.415273666381836,
      "sigma": 1.5,
      "epsilon": 0.0,
      "n_leapfrog": null,
      "n_warmup": null,
      "target_accept": null,
      "gamma": null,
      "t0": null,
      "kappa": null,
      "mean_mse": 0.2038944899525773,
      "cov_mse": 0.17993024070002187,
      "acceptance_rate_mean": 0.14922166666666667,
      "acceptance_rate_min": 0.08941666666666667,
      "acceptance_rate_max": 0.18675,
      "n_divergent": null,
      "actual_n_chains": 150,
      "diagnostic_draws_per_chain": 200,
      "sample_finite_fraction": 1.0,
      "finite_draw_fraction": 1.0,
      "sample_covariance_rank": 4,
      "sample_covariance_full_rank": true
    },
    "HMC": {
      "distribution": "Paired Rosenbrock",
      "tau": 289.3990279857644,
      "tau_std": 13.821489954242264,
      "ess": 5183.154934693786,
      "ess_by_coordinate": [
        5413.359118362383,
        5707.952669841425,
        5183.154934693786,
        5927.417186551122
      ],
      "ess_valid_fraction": [
        0.5866666666666667,
        0.6333333333333333,
        0.56,
        0.6666666666666666
      ],
      "n_evaluations": 6405124.999999999,
      "evaluation_type": "gradient",
      "ess_per_eval": 0.000809219950382512,
      "time": 12.495275974273682,
      "sigma": 1.5,
      "epsilon": 0.07522243542520203,
      "n_leapfrog": 3.270083333333333,
      "n_warmup": 2000,
      "target_accept": 0.651,
      "gamma": 0.05,
      "t0": 10,
      "kappa": 0.75,
      "mean_mse": 1.3216027868898474,
      "cov_mse": 0.6784639707262203,
      "acceptance_rate_mean": 0.5882066666666665,
      "acceptance_rate_min": 0.5882066666666667,
      "acceptance_rate_max": 0.5882066666666667,
      "n_divergent": null,
      "actual_n_chains": 150,
      "diagnostic_draws_per_chain": 200,
      "sample_finite_fraction": 1.0,
      "finite_draw_fraction": 1.0,
      "sample_covariance_rank": 4,
      "sample_covariance_full_rank": true
    }
  }
}