{
  "dim": 32,
  "seed": 0,
  "condition_number": 50.0,
  "n_samples": 10000,
  "burn_in": 1000,
  "n_thin": 1,
  "n_chains": 16,
  "af": false,
  "transform_affine": false,
  "summary": {
    "Dense-mass NUTS": {
      "distribution": "Gaussian",
      "tau": 1.0,
      "tau_std": 0.0,
      "ess": 160000.0,
      "ess_by_coordinate": [
        160000.0,
        160000.0,
        160000.0,
        160000.0,
        160000.0,
        160000.0,
        160000.0,
        160000.0,
        160000.0,
        160000.0,
        160000.0,
        160000.0,
        160000.0,
        160000.0,
        160000.0,
        160000.0,
        160000.0,
        160000.0,
        160000.0,
        160000.0,
        160000.0,
        160000.0,
        160000.0,
        160000.0,
        160000.0,
        160000.0,
        160000.0,
        160000.0,
        160000.0,
        160000.0,
        160000.0,
        160000.0
      ],
      "ess_valid_fraction": [
        1.0,
        1.0,
        1.0,
        1.0,
        1.0,
        1.0,
        1.0,
        1.0,
        1.0,
        1.0,
        1.0,
        1.0,
        1.0,
        1.0,
        1.0,
        1.0,
        1.0,
        1.0,
        1.0,
        1.0,
        1.0,
        1.0,
        1.0,
        1.0,
        1.0,
        1.0,
        1.0,
        1.0,
        1.0,
        1.0,
        1.0,
        1.0
      ],
      "n_evaluations": 1129192.7272727273,
      "evaluation_type": "gradient",
      "ess_per_eval": 0.1416941467436109,
      "time": 48.77098035812378,
      "sigma": 0.0,
      "epsilon": 0.5447782874107361,
      "n_leapfrog": 7.057454545454545,
      "n_warmup": 1000,
      "target_accept": 0.8,
      "gamma": 0.05,
      "t0": 10,
      "kappa": 0.75
    },
    "Hamiltonian Walk Move": {
      "distribution": "Gaussian",
      "tau": 8.259038832313749,
      "tau_std": 0.30309900499029485,
      "ess": 19372.714337411147,
      "ess_by_coordinate": [
        20683.21616908079,
        20488.085886484794,
        21780.900683517615,
        20710.018159405634,
        21077.059544216376,
        20631.21098545219,
        20746.199947751833,
        20277.540418047774,
        19432.68059440694,
        20931.897220604937,
        20092.03216778378,
        20269.60518456201,
        19433.725866476634,
        20508.37599063194,
        21920.307354635257,
        20675.784164926474,
        19461.190219845852,
        20332.350243798275,
        22944.36033152681,
        19372.714337411147,
        21156.18235086032,
        20382.197078568683,
        20557.92445522493,
        19805.713085556334,
        20363.934383277912,
        20772.933125157502,
        21219.365680749666,
        22734.484161594824,
        21034.38598566253,
        21643.5826181692,
        20989.369232718225,
        20796.636066121842
      ],
      "ess_valid_fraction": [
        1.0,
        1.0,
        1.0,
        1.0,
        1.0,
        1.0,
        1.0,
        1.0,
        1.0,
        1.0,
        1.0,
        1.0,
        1.0,
        1.0,
        1.0,
        1.0,
        1.0,
        1.0,
        1.0,
        1.0,
        1.0,
        1.0,
        1.0,
        1.0,
        1.0,
        1.0,
        1.0,
        1.0,
        1.0,
        1.0,
        1.0,
        1.0
      ],
      "n_evaluations": 800000.0,
      "evaluation_type": "gradient",
      "ess_per_eval": 0.024215892921763935,
      "time": 17.300901174545288,
      "sigma": 0.0,
      "epsilon": 0.5028901696205139,
      "n_leapfrog": 4,
      "n_warmup": 1000,
      "target_accept": 0.651,
      "gamma": 0.05,
      "t0": 10,
      "kappa": 0.75
    },
    "Stretch Move": {
      "distribution": "Gaussian",
      "tau": 624.5875648425346,
      "tau_std": 101.37232615210584,
      "ess": 256.1690449926549,
      "ess_by_coordinate": [
        450.0636230336404,
        547.854266631616,
        581.0870359426708,
        879.9874396251556,
        549.9234302136002,
        638.2141125757333,
        624.8425154842284,
        705.8386261791911,
        400.8866861890774,
        511.2225671060653,
        486.9271480849413,
        413.0389336728221,
        307.8455039181753,
        263.49845507514283,
        689.1973234320018,
        644.4904349043758,
        462.09797466802854,
        593.5871201525638,
        504.3174358161267,
        256.1690449926549,
        465.55527323961746,
        520.0389409523342,
        404.8246912232148,
        499.3299629965293,
        510.4688585989651,
        485.17517028352273,
        391.0834054267999,
        513.8428931576148,
        511.599223329252,
        380.2268169311225,
        937.3821266355625,
        596.6217559976673
      ],
      "ess_valid_fraction": [
        0.5625,
        0.75,
        0.6875,
        0.8125,
        0.625,
        0.8125,
        0.75,
        0.6875,
        0.5,
        0.6875,
        0.625,
        0.625,
        0.5,
        0.3125,
        0.75,
        0.8125,
        0.5625,
        0.6875,
        0.6875,
        0.4375,
        0.625,
        0.5625,
        0.625,
        0.6875,
        0.5625,
        0.5625,
        0.5625,
        0.5625,
        0.6875,
        0.4375,
        0.9375,
        0.6875
      ],
      "n_evaluations": 160000.0,
      "evaluation_type": "function",
      "ess_per_eval": 0.001601056531204093,
      "time": 2.0945565700531006,
      "sigma": 0.0,
      "epsilon": 0.0,
      "n_leapfrog": null,
      "n_warmup": null,
      "target_accept": null,
      "gamma": null,
      "t0": null,
      "kappa": null
    },
    "HMC": {
      "distribution": "Gaussian",
      "tau": 1.8080855276031296,
      "tau_std": 0.03302627914936569,
      "ess": 88491.38912809196,
      "ess_by_coordinate": [
        91640.87296397788,
        89367.9161020139,
        90250.04953218199,
        94852.24103327304,
        93088.22359710289,
        91832.99709186266,
        91947.87336297547,
        92933.39561993419,
        94550.56365617501,
        91460.36718661874,
        92935.07455678863,
        92213.40274587017,
        89479.54042023738,
        92100.45015223247,
        90655.04665333615,
        92492.08588821613,
        90525.29977089162,
        91454.74964819463,
        91896.72045962545,
        93698.05306125776,
        96503.32550870192,
        95938.5835817779,
        93205.62255230713,
        92742.0502860411,
        90492.85862503381,
        93949.1016850889,
        93042.53864959741,
        92665.19660536204,
        92553.8996854418,
        93772.07126674485,
        92178.74595158757,
        88491.38912809196
      ],
      "ess_valid_fraction": [
        1.0,
        1.0,
        1.0,
        1.0,
        1.0,
        1.0,
        1.0,
        1.0,
        1.0,
        1.0,
        1.0,
        1.0,
        1.0,
        1.0,
        1.0,
        1.0,
        1.0,
        1.0,
        1.0,
        1.0,
        1.0,
        1.0,
        1.0,
        1.0,
        1.0,
        1.0,
        1.0,
        1.0,
        1.0,
        1.0,
        1.0,
        1.0
      ],
      "n_evaluations": 480000.0,
      "evaluation_type": "gradient",
      "ess_per_eval": 0.18435706068352492,
      "time": 9.767649173736572,
      "sigma": 0.0,
      "epsilon": 2.0873477458953857,
      "n_leapfrog": 2,
      "n_warmup": 1000,
      "target_accept": 0.651,
      "gamma": 0.05,
      "t0": 10,
      "kappa": 0.75
    }
  }
}