{
  "dim": 32,
  "seed": 0,
  "condition_number": 50.0,
  "n_samples": 10000,
  "burn_in": 2000,
  "n_thin": 1,
  "n_chains": 150,
  "hwm_walkers_requested": 300,
  "jax_enable_x64": true,
  "af": false,
  "transform_affine": false,
  "summary": {
    "Dense-mass NUTS": {
      "distribution": "Gaussian",
      "tau": 1.0,
      "tau_std": 0.0,
      "ess": 1500000.0,
      "ess_by_coordinate": [
        1500000.0,
        1500000.0,
        1500000.0,
        1500000.0,
        1500000.0,
        1500000.0,
        1500000.0,
        1500000.0,
        1500000.0,
        1500000.0,
        1500000.0,
        1500000.0,
        1500000.0,
        1500000.0,
        1500000.0,
        1500000.0,
        1500000.0,
        1500000.0,
        1500000.0,
        1500000.0,
        1500000.0,
        1500000.0,
        1500000.0,
        1500000.0,
        1500000.0,
        1500000.0,
        1500000.0,
        1500000.0,
        1500000.0,
        1500000.0,
        1500000.0,
        1500000.0
      ],
      "ess_valid_fraction": [
        1.0,
        1.0,
        1.0,
        1.0,
        1.0,
        1.0,
        1.0,
        1.0,
        1.0,
        1.0,
        1.0,
        1.0,
        1.0,
        1.0,
        1.0,
        1.0,
        1.0,
        1.0,
        1.0,
        1.0,
        1.0,
        1.0,
        1.0,
        1.0,
        1.0,
        1.0,
        1.0,
        1.0,
        1.0,
        1.0,
        1.0,
        1.0
      ],
      "n_evaluations": 10505136.666666668,
      "evaluation_type": "gradient",
      "ess_per_eval": 0.14278729040808924,
      "time": 64.29953145980835,
      "sigma": 0.0,
      "epsilon": 0.5924051209884156,
      "n_leapfrog": 7.003424444444445,
      "n_warmup": 2000,
      "target_accept": 0.8,
      "gamma": 0.05,
      "t0": 10,
      "kappa": 0.75,
      "mean_mse": 2.667791996157654e-06,
      "cov_mse": 4.986238412797615e-05,
      "acceptance_rate_mean": 0.8697792396533053,
      "acceptance_rate_min": 0.8087168978365334,
      "acceptance_rate_max": 0.9083539462594614,
      "n_divergent": 0,
      "actual_n_chains": 150,
      "diagnostic_draws_per_chain": 200,
      "sample_finite_fraction": 1.0,
      "finite_draw_fraction": 1.0,
      "sample_covariance_rank": 32,
      "sample_covariance_full_rank": true
    },
    "Hamiltonian Walk Move": {
      "distribution": "Gaussian",
      "tau": 1.2521320321013514,
      "tau_std": 0.006124042267276425,
      "ess": 2395913.468458549,
      "ess_by_coordinate": [
        2419984.232254238,
        2428742.827008684,
        2431168.8164640022,
        2403886.148051656,
        2415020.089767619,
        2420322.4566404345,
        2438614.862228644,
        2427824.6865836275,
        2432754.106222508,
        2437970.663492235,
        2414918.365388513,
        2416029.423183853,
        2418672.9884558097,
        2408781.7888160497,
        2422193.3022195757,
        2447623.149157084,
        2407092.8430116475,
        2395913.468458549,
        2412302.562563494,
        2415524.2357985885,
        2407510.1137808943,
        2423983.1840515165,
        2437987.203025037,
        2404064.2089678296,
        2424549.332077137,
        2429758.1209059376,
        2413656.9460701915,
        2402177.173248725,
        2421781.499958424,
        2425098.5201091887,
        2408427.5794526376,
        2412354.026390845
      ],
      "ess_valid_fraction": [
        1.0,
        1.0,
        1.0,
        1.0,
        1.0,
        1.0,
        1.0,
        1.0,
        1.0,
        1.0,
        1.0,
        1.0,
        1.0,
        1.0,
        1.0,
        1.0,
        1.0,
        1.0,
        1.0,
        1.0,
        1.0,
        1.0,
        1.0,
        1.0,
        1.0,
        1.0,
        1.0,
        1.0,
        1.0,
        1.0,
        1.0,
        1.0
      ],
      "n_evaluations": 10033000.0,
      "evaluation_type": "gradient",
      "ess_per_eval": 0.2388032959691567,
      "time": 24.93785810470581,
      "sigma": 0.0,
      "epsilon": 0.8478315605775568,
      "n_leapfrog": 2.344333333333333,
      "n_warmup": 2000,
      "target_accept": 0.651,
      "gamma": 0.05,
      "t0": 10,
      "kappa": 0.75,
      "mean_mse": 4.198585671082896e-06,
      "cov_mse": 2.594319872683399e-05,
      "acceptance_rate_mean": 0.6566797222222222,
      "acceptance_rate_min": 0.6566797222222222,
      "acceptance_rate_max": 0.6566797222222222,
      "n_divergent": null,
      "actual_n_chains": 300,
      "diagnostic_draws_per_chain": 200,
      "sample_finite_fraction": 1.0,
      "finite_draw_fraction": 1.0,
      "sample_covariance_rank": 32,
      "sample_covariance_full_rank": true
    },
    "Stretch Move": {
      "distribution": "Gaussian",
      "tau": 248.1191773638286,
      "tau_std": 13.503611337799756,
      "ess": 6045.481916943811,
      "ess_by_coordinate": [
        6302.096650416978,
        6976.956454311409,
        6910.8836250529375,
        6398.273113973465,
        7010.98997563534,
        7707.141163018237,
        6633.909382849631,
        6508.306186500907,
        6397.187705943436,
        6705.07951363867,
        6633.514063071418,
        7443.845364140232,
        6780.030557845242,
        6875.5692616220895,
        6637.841304513882,
        6045.481916943811,
        6851.653233734787,
        7161.961305556335,
        6730.243652351482,
        6579.297392559416,
        7160.917035061112,
        6468.1036115522065,
        6912.924481340075,
        8461.270237819606,
        7101.795570625603,
        6884.177720363925,
        6952.715952423087,
        6868.266429370891,
        6816.592985678626,
        7500.659803244041,
        7178.945313089959,
        6468.140600698363
      ],
      "ess_valid_fraction": [
        0.72,
        0.7733333333333333,
        0.7866666666666666,
        0.76,
        0.7666666666666667,
        0.84,
        0.78,
        0.7933333333333333,
        0.78,
        0.8,
        0.78,
        0.82,
        0.7866666666666666,
        0.7933333333333333,
        0.7466666666666667,
        0.7333333333333333,
        0.7666666666666667,
        0.78,
        0.8,
        0.8066666666666666,
        0.82,
        0.7533333333333333,
        0.7866666666666666,
        0.8466666666666667,
        0.78,
        0.8,
        0.78,
        0.7666666666666667,
        0.7933333333333333,
        0.8533333333333334,
        0.7733333333333333,
        0.8
      ],
      "n_evaluations": 1500000.0,
      "evaluation_type": "function",
      "ess_per_eval": 0.00403032127796254,
      "time": 7.915882349014282,
      "sigma": 0.0,
      "epsilon": 0.0,
      "n_leapfrog": null,
      "n_warmup": null,
      "target_accept": null,
      "gamma": null,
      "t0": null,
      "kappa": null,
      "mean_mse": 0.002370040525051832,
      "cov_mse": 0.00462767182886946,
      "acceptance_rate_mean": 0.47751055555555555,
      "acceptance_rate_min": 0.46458333333333335,
      "acceptance_rate_max": 0.4875,
      "n_divergent": null,
      "actual_n_chains": 150,
      "diagnostic_draws_per_chain": 200,
      "sample_finite_fraction": 1.0,
      "finite_draw_fraction": 1.0,
      "sample_covariance_rank": 32,
      "sample_covariance_full_rank": true
    },
    "HMC": {
      "distribution": "Gaussian",
      "tau": 2.7915975831196627,
      "tau_std": 0.016080270799159236,
      "ess": 537326.729708557,