{
  "dim": 2,
  "seed": 1,
  "condition_number": 50.0,
  "n_samples": 10000,
  "burn_in": 2000,
  "n_thin": 1,
  "n_chains": 150,
  "hwm_walkers_requested": 300,
  "jax_enable_x64": true,
  "af": false,
  "transform_affine": false,
  "summary": {
    "Dense-mass NUTS": {
      "distribution": "Gaussian",
      "tau": 1.1284706146867465,
      "tau_std": 0.0014376354767976496,
      "ess": 1329232.6627542595,
      "ess_by_coordinate": [
        1329232.6627542595,
        1332628.1139588743
      ],
      "ess_valid_fraction": [
        1.0,
        1.0
      ],
      "n_evaluations": 5703223.333333334,
      "evaluation_type": "gradient",
      "ess_per_eval": 0.23306691410546074,
      "time": 332.2286205291748,
      "sigma": 0.0,
      "epsilon": 0.9058196095598964,
      "n_leapfrog": 3.802148888888889,
      "n_warmup": 2000,
      "target_accept": 0.8,
      "gamma": 0.05,
      "t0": 10,
      "kappa": 0.75,
      "mean_mse": 2.6187985355175703e-06,
      "cov_mse": 5.358616188175211e-06,
      "acceptance_rate_mean": 0.9163404737928511,
      "acceptance_rate_min": 0.8703628979951766,
      "acceptance_rate_max": 0.9542978522496541,
      "n_divergent": 0,
      "actual_n_chains": 150,
      "diagnostic_draws_per_chain": 200,
      "sample_finite_fraction": 1.0,
      "finite_draw_fraction": 1.0,
      "sample_covariance_rank": 2,
      "sample_covariance_full_rank": true
    },
    "Hamiltonian Walk Move": {
      "distribution": "Gaussian",
      "tau": 1.3785716195215518,
      "tau_std": 0.00809446265638225,
      "ess": 2176165.501681503,
      "ess_by_coordinate": [
        2176165.501681503,
        2202024.447867983
      ],
      "ess_valid_fraction": [
        1.0,
        1.0
      ],
      "n_evaluations": 10131000.0,
      "evaluation_type": "gradient",
      "ess_per_eval": 0.2148026356412499,
      "time": 110.22161960601807,
      "sigma": 0.0,
      "epsilon": 1.6235306513038448,
      "n_leapfrog": 2.377,
      "n_warmup": 2000,
      "target_accept": 0.651,
      "gamma": 0.05,
      "t0": 10,
      "kappa": 0.75,
      "mean_mse": 5.7668818110357e-06,
      "cov_mse": 5.720876897995141e-06,
      "acceptance_rate_mean": 0.6647194444444445,
      "acceptance_rate_min": 0.6647194444444444,
      "acceptance_rate_max": 0.6647194444444444,
      "n_divergent": null,
      "actual_n_chains": 300,
      "diagnostic_draws_per_chain": 200,
      "sample_finite_fraction": 1.0,
      "finite_draw_fraction": 1.0,
      "sample_covariance_rank": 2,
      "sample_covariance_full_rank": true
    },
    "Stretch Move": {
      "distribution": "Gaussian",
      "tau": 21.640642909254474,
      "tau_std": 0.09617829722377991,
      "ess": 69314.02205978526,
      "ess_by_coordinate": [
        69314.02205978526,
        69935.65723544397
      ],
      "ess_valid_fraction": [
        1.0,
        1.0
      ],
      "n_evaluations": 1500000.0,
      "evaluation_type": "function",
      "ess_per_eval": 0.04620934803985684,
      "time": 1.1966438293457031,
      "sigma": 0.0,
      "epsilon": 0.0,
      "n_leapfrog": null,
      "n_warmup": null,
      "target_accept": null,
      "gamma": null,
      "t0": null,
      "kappa": null,
      "mean_mse": 0.0003493928863332128,
      "cov_mse": 1.472946295631079e-05,
      "acceptance_rate_mean": 0.6321811111111111,
      "acceptance_rate_min": 0.615,
      "acceptance_rate_max": 0.6450833333333333,
      "n_divergent": null,
      "actual_n_chains": 150,
      "diagnostic_draws_per_chain": 200,
      "sample_finite_fraction": 1.0,
      "finite_draw_fraction": 1.0,
      "sample_covariance_rank": 2,
      "sample_covariance_full_rank": true
    },
    "HMC": {
      "distribution": "Gaussian",
      "tau": 1.6165473992934754,
      "tau_std": 0.002642086800424881,
      "ess": 927903.5063590382,
      "ess_by_coordinate": [
        927903.5063590382,
        930946.586554908
      ],
      "ess_valid_fraction": [
        1.0,
        1.0
      ],
      "n_evaluations": 3000000.0,
      "evaluation_type": "gradient",
      "ess_per_eval": 0.30930116878634606,
      "time": 71.28213214874268,
      "sigma": 0.0,
      "epsilon": 4.543440489878845,
      "n_leapfrog": 1.0,
      "n_warmup": 2000,
      "target_accept": 0.651,
      "gamma": 0.05,
      "t0": 10,
      "kappa": 0.75,
      "mean_mse": 1.1284977924148827e-05,
      "cov_mse": 4.2330752761782325e-06,
      "acceptance_rate_mean": 0.6521027777777776,
      "acceptance_rate_min": 0.6521027777777777,
      "acceptance_rate_max": 0.6521027777777777,
      "n_divergent": null,
      "actual_n_chains": 150,
      "diagnostic_draws_per_chain": 200,
      "sample_finite_fraction": 1.0,
      "finite_draw_fraction": 1.0,
      "sample_covariance_rank": 2,
      "sample_covariance_full_rank": true
    }
  }
}