{
  "dim": 32,
  "seed": 0,
  "n_samples": 10000,
  "burn_in": 2000,
  "n_thin": 1,
  "n_chains": 100,
  "hwm_walkers_requested": 300,
  "jax_enable_x64": true,
  "af": true,
  "initialization_mode": "agnostic",
  "initialization_description": "independent N(0, 2^2) coordinates in the intrinsic Rosenbrock frame",
  "transform_affine": true,
  "overlay_rosenbrock": {
    "a": 1.0,
    "b": 100.0,
    "sigma": 1.5
  },
  "summary": {
    "Dense-mass NUTS": {
      "distribution": "Paired Rosenbrock",
      "tau": 6.996820753776797,
      "tau_std": 0.7507836586077392,
      "ess": 142922.05491475717,
      "ess_by_coordinate": [
        239511.2144088895,
        192968.78542711807,
        255457.37976095182,
        210757.40749677323,
        255030.356607714,
        217859.81307900252,
        230608.58281814784,
        193171.4845471536,
        248587.50367267246,
        199965.2840504169,
        248451.13495266493,
        201720.2220369146,
        241676.8631968814,
        197275.8898520929,
        241975.04610085482,
        205431.5898324341,
        244105.07536835555,
        206647.95000249214,
        236545.92041519968,
        196442.63473042194,
        220691.39803081637,
        179989.94525976342,
        227061.2620843503,
        191558.8169511776,
        196920.22751778498,
        172009.426312758,
        179620.42730749806,
        152032.27155128447,
        169456.26008030464,
        142922.05491475717,
        207467.82734433422,
        175111.18595139662
      ],
      "ess_valid_fraction": [
        1.0,
        1.0,
        1.0,
        1.0,
        1.0,
        1.0,
        1.0,
        1.0,
        1.0,
        1.0,
        1.0,
        1.0,
        1.0,
        1.0,
        1.0,
        1.0,
        1.0,
        1.0,
        1.0,
        1.0,
        1.0,
        1.0,
        1.0,
        1.0,
        1.0,
        1.0,
        1.0,
        1.0,
        1.0,
        1.0,
        1.0,
        1.0
      ],
      "n_evaluations": 251634854.16666666,
      "evaluation_type": "gradient",
      "ess_per_eval": 0.0005679740010105867,
      "time": 368.9311637878418,
      "sigma": 1.5,
      "epsilon": 0.015044298548794202,
      "n_leapfrog": 251.63485416666666,
      "n_warmup": 2000,
      "target_accept": 0.8,
      "cond": 10.0,
      "mean_mse": 0.0004940706894797314,
      "cov_mse": 0.001357859872478882,
      "acceptance_rate_mean": 0.89512147195412,
      "acceptance_rate_min": 0.817026110585665,
      "acceptance_rate_max": 0.9577640238508859,
      "n_divergent": 1502,
      "actual_n_chains": 100,
      "diagnostic_draws_per_chain": 200,
      "sample_finite_fraction": 1.0,
      "finite_draw_fraction": 1.0,
      "sample_covariance_rank": 32,
      "sample_covariance_full_rank": true
    },
    "Hamiltonian Walk Move": {
      "distribution": "Paired Rosenbrock",
      "tau": 5.8212369143095835,
      "tau_std": 1.1726445777084626,
      "ess": 515354.3901684354,
      "ess_by_coordinate": [
        919589.6607109236,
        515354.3901684354,
        988286.1709271122,
        555949.9901863763,
        922468.9395965908,
        551322.980933988,
        947005.6635784674,
        526286.5200115872,
        991399.2397173063,
        551992.7800669407,
        939563.9369503409,
        528409.0878637531,
        946556.7074950774,
        552132.3453284348,
        978268.8579491114,
        550397.4987712349,
        983255.5522787746,
        562418.9826864677,
        950063.4610650258,
        589255.147937655,
        902898.2342899977,
        523961.8443879051,
        937711.2272260819,
        542014.1077208128,
        946775.2956573148,
        552515.9942300062,
        953565.1781627419,
        556655.2664892918,
        965186.3883239259,
        551400.1792876269,
        973788.8954973817,
        557583.5737862546
      ],
      "ess_valid_fraction": [
        0.9866666666666667,
        0.99,
        0.9933333333333333,
        0.99,
        0.9933333333333333,
        0.99,
        0.9933333333333333,
        0.9933333333333333,
        0.99,
        0.99,
        0.9933333333333333,
        0.9933333333333333,
        0.99,
        0.99,
        0.99,
        0.9933333333333333,
        0.99,
        0.9933333333333333,
        0.99,
        0.99,
        0.9933333333333333,
        0.99,
        0.9866666666666667,
        0.9866666666666667,
        0.99,
        0.99,
        0.99,
        0.9866666666666667,
        0.9933333333333333,
        0.99,
        0.9866666666666667,
        0.99
      ],
      "n_evaluations": 698804500.0,
      "evaluation_type": "gradient",
      "ess_per_eval": 0.0007374800679853026,
      "time": 375.53786444664,
      "sigma": 1.5,
      "epsilon": 0.021106646085183915,
      "n_leapfrog": 231.93483333333333,
      "n_warmup": 2000,
      "target_accept": 0.651,
      "cond": 10.0,
      "mean_mse": 0.0029605309363226005,
      "cov_mse": 0.02596102970864706,
      "acceptance_rate_mean": 0.6281272222222222,
      "acceptance_rate_min": 0.6281272222222222,
      "acceptance_rate_max": 0.6281272222222222,
      "n_divergent": null,
      "actual_n_chains": 300,
      "diagnostic_draws_per_chain": 200,
      "sample_finite_fraction": 1.0,
      "finite_draw_fraction": 1.0,
      "sample_covariance_rank": 32,
      "sample_covariance_full_rank": true
    },
    "Stretch Move": {
      "distribution": "Paired Rosenbrock",
      "tau": 3923.4864772268515,
      "tau_std": 711.0756758720864,
      "ess": 254.87535277725928,
      "ess_by_coordinate": [
        604.8168061434577,
        954.3236593521561,
        773.4761326572727,
        934.2036576002839,
        695.3178417315332,
        849.0866301893135,
        529.7667906308353,
        884.0527231670069,
        417.04226400058167,
        735.8159012696042,
        664.777961933762,
        882.6321691819088,
        500.2781790879173,
        931.6669882082922,
        479.5257694127014,
        1048.359486394514,
        622.3344787920263,
        1124.106319237838,
        391.84478585515495,
        1028.6807207305803,
        254.87535277725928,
        701.9457241629115,
        536.763726017977,
        1033.297751959063,
        308.85296467610675,
        361.9769832742007,
        597.4805050873248,
        842.670808902811,
        470.22623491427595,
        988.4381660539234,
        632.7436082359594,
        1082.4194016726706
      ],
      "ess_valid_fraction": [
        0.14,
        0.23,
        0.19,
        0.23,
        0.17,
        0.21,
        0.13,
        0.21,
        0.11,
        0.16,
        0.17,
        0.21,
        0.12,
        0.22,
        0.12,
        0.24,
        0.15,
        0.25,
        0.1,
        0.22,
        0.07,
        0.17,
        0.15,
        0.23,
        0.07,
        0.09,
        0.15,
        0.2,
        0.11,
        0.22,
        0.16,
        0.26
      ],
      "n_evaluations": 1000000.0,
      "evaluation_type": "function",
      "ess_per_eval": 0.0002548753527772593,
      "time": 37.43013024330139,
      "sigma": 1.5,
      "epsilon": 0.0,
      "n_leapfrog": null,
      "n_warmup": null,
      "target_accept": null,
      "cond": 10.0,
      "mean_mse": 4.319453059762138,
      "cov_mse": 0.959202612687882,
      "acceptance_rate_mean": 0.17193416666666667,
      "acceptance_rate_min": 0.13283333333333333,
      "acceptance_rate_max": 0.19858333333333333,
      "n_divergent": null,
      "actual_n_chains": 100,
      "diagnostic_draws_per_chain": 200,
      "sample_finite_fraction": 1.0,
      "finite_draw_fraction": 1.0,
      "sample_covariance_rank": 32,
      "sample_covariance_full_rank": true
    },
    "HMC": {
      "distribution": "Paired Rosenbrock",
      "tau": 3330.297129909299,
      "tau_std": 537.4638949184553,
      "ess": 300.27350743542667,