{
  "dim": 32,
  "seed": 0,
  "n_samples": 10000,
  "burn_in": 1000,
  "n_thin": 1,
  "n_chains": 100,
  "af": true,
  "initialization_mode": "agnostic",
  "initialization_description": "independent N(0, 2^2) coordinates in the intrinsic Rosenbrock frame",
  "transform_affine": true,
  "overlay_rosenbrock": {
    "a": 1.0,
    "b": 100.0,
    "sigma": 0.7
  },
  "summary": {
    "Dense-mass NUTS": {
      "distribution": "Paired Rosenbrock",
      "tau": 211.16872403388476,
      "tau_std": 56.212022090634065,
      "ess": 4735.549758019739,
      "ess_by_coordinate": [
        29608.849416089288,
        32536.613124718166,
        28364.147042119286,
        27958.48003633556,
        23858.2106806379,
        25026.629798761078,
        20876.18899972528,
        21377.951325308954,
        19531.56493044143,
        20214.15581146534,
        15264.71461635088,
        15695.950964855814,
        12648.974024227246,
        14391.645410426523,
        12775.95356853251,
        13044.627998361559,
        12095.57506267005,
        13329.162411141975,
        10666.538529010351,
        10784.84850342389,
        8814.720655246561,
        8591.832460722922,
        7753.952693563459,
        7964.7570942481625,
        6596.011974424119,
        7127.381419534243,
        5390.032628591973,
        5701.291176563354,
        4809.0783699596695,
        5354.912240216259,
        4735.549758019739,
        5047.2931886172155
      ],
      "ess_valid_fraction": [
        0.91,
        0.93,
        0.92,
        0.92,
        0.91,
        0.9,
        0.89,
        0.91,
        0.87,
        0.91,
        0.89,
        0.91,
        0.83,
        0.9,
        0.88,
        0.86,
        0.85,
        0.87,
        0.83,
        0.83,
        0.82,
        0.77,
        0.73,
        0.77,
        0.73,
        0.75,
        0.66,
        0.67,
        0.63,
        0.68,
        0.58,
        0.65
      ],
      "n_evaluations": 254831056.36363634,
      "evaluation_type": "gradient",
      "ess_per_eval": 1.858309511248209e-05,
      "time": 289.60118794441223,
      "sigma": 0.7,
      "epsilon": 0.010833204723894596,
      "n_leapfrog": 254.83105636363635,
      "n_warmup": 1000,
      "target_accept": 0.8,
      "cond": 10.0
    },
    "Hamiltonian Walk Move": {
      "distribution": "Paired Rosenbrock",
      "tau": 17.490879075967385,
      "tau_std": 0.4188892997797586,
      "ess": 57172.65528260432,
      "ess_by_coordinate": [
        61606.48786721893,
        60481.753359694616,
        63600.14708934567,
        62262.33381937352,
        63685.490398331356,
        63558.329930245294,
        63629.11124510995,
        60717.658335607644,
        62710.85887138065,
        60917.81834016627,
        63941.342898621755,
        64729.62233741504,
        63576.81557091689,
        61610.491080006825,
        63922.005774484605,
        62078.19153746235,
        63753.30314314773,
        63560.7955838069,
        62932.25306323176,
        60988.802007100574,
        62051.31229388906,
        63715.61004750352,
        63699.82861199355,
        62721.00103740278,
        61645.22745081031,
        61698.28705136205,
        62618.95825698433,
        62475.32543466578,
        62636.79921748832,
        57172.65528260432,
        64208.63717391462,
        59106.503890150954
      ],
      "ess_valid_fraction": [
        1.0,
        1.0,
        1.0,
        1.0,
        1.0,
        1.0,
        1.0,
        1.0,
        1.0,
        1.0,
        1.0,
        1.0,
        1.0,
        1.0,
        1.0,
        1.0,
        1.0,
        1.0,
        1.0,
        1.0,
        1.0,
        1.0,
        1.0,
        1.0,
        1.0,
        1.0,
        1.0,
        1.0,
        1.0,
        1.0,
        1.0,
        1.0
      ],
      "n_evaluations": 1001000000.0,
      "evaluation_type": "gradient",
      "ess_per_eval": 5.711553974286146e-05,
      "time": 686.7606682777405,
      "sigma": 0.7,
      "epsilon": 0.0013147898716852069,
      "n_leapfrog": 1000,
      "n_warmup": 1000,
      "target_accept": 0.651,
      "cond": 10.0
    },
    "Stretch Move": {
      "distribution": "Paired Rosenbrock",
      "tau": 3984.3524738696387,
      "tau_std": 736.181772780304,
      "ess": 250.98181111190473,
      "ess_by_coordinate": [
        349.46234359077147,
        861.1599563646093,
        493.9337585389046,
        1131.8197015872438,
        472.7501351364023,
        1201.4060973818414,
        250.98181111190473,
        663.966323724677,
        476.7863540378045,
        827.6758598440421,
        501.065812637088,
        797.1252220632699,
        301.09209156269526,
        736.7353232048694,
        537.7604965176745,
        838.6764947079398,
        569.2456293340257,
        1156.8624650502998,
        733.1237652778324,
        1034.9507748588849,
        701.3193454837855,
        1159.094500932481,
        543.4727084846967,
        1089.1175652185307,
        442.6594554170061,
        460.56174250585656,
        375.0609494473849,
        600.5135306012046,
        837.9047177786374,
        693.9043197199699,
        513.6702053945968,
        954.7209453481419
      ],
      "ess_valid_fraction": [
        0.09,
        0.2,
        0.12,
        0.23,
        0.12,
        0.27,
        0.07,
        0.16,
        0.13,
        0.18,
        0.11,
        0.19,
        0.07,
        0.17,
        0.12,
        0.19,
        0.13,
        0.26,
        0.17,
        0.24,
        0.17,
        0.28,
        0.14,
        0.23,
        0.11,
        0.11,
        0.09,
        0.13,
        0.21,
        0.14,
        0.14,
        0.22
      ],
      "n_evaluations": 1000000.0,
      "evaluation_type": "function",
      "ess_per_eval": 0.00025098181111190475,
      "time": 4.561747312545776,
      "sigma": 0.7,
      "epsilon": 0.0,
      "n_leapfrog": null,
      "n_warmup": null,
      "target_accept": null,
      "cond": 10.0
    },
    "HMC": {
      "distribution": "Paired Rosenbrock",
      "tau": 1166.235361102506,
      "tau_std": 241.1639277065536,
      "ess": 857.4598518901412,
      "ess_by_coordinate": [
        8800.032101354558,
        7960.738875184781,
        7430.380523642742,
        6753.741953273855,
        6397.024271251906,
        5409.770286692063,
        5517.703017409014,
        4871.0399089522325,
        4164.501557821217,
        4271.218682406954,
        4040.566929113518,
        3520.142879519615,
        3105.229821287462,
        3321.017714505895,
        2420.5323709415798,
        2692.335899919808,
        2638.5915263499846,
        2572.782365407131,
        2488.1139748037963,
        2308.829674148877,
        2072.077365791512,
        1997.109785462476,
        2271.051215396664,
        2111.4129040161256,
        1378.0030126238235,
        1763.5090637239514,
        1509.7669900165254,
        1867.4393539971475,
        1114.0682572230235,
        1431.407522658729,
        857.4598518901412,
        1381.9912560735393
      ],
      "ess_valid_fraction": [
        0.93,
        0.89,
        0.91,
        0.87,
        0.89,
        0.8,
        0.77,
        0.74,
        0.66,
        0.68,
        0.65,
        0.57,
        0.62,
        0.61,
        0.46,
        0.53,
        0.45,
        0.46,
        0.49,
        0.45,
        0.41,
        0.36,
        0.47,
        0.42,
        0.33,
        0.34,
        0.33,
        0.38,
        0.23,
        0.31,
        0.19,
        0.28
      ],
      "n_evaluations": 44000000.0,
      "evaluation_type": "gradient",
      "ess_per_eval": 1.9487723906594118e-05,
      "time": 25.5337917804718,
      "sigma": 0.7,
      "epsilon": 0.021754154935479164,
      "n_leapfrog": 43,
      "n_warmup": 1000,
      "target_accept": 0.651,
      "cond": 10.0
    }
  }
}