{
  "dim": 32,
  "seed": 2,
  "n_samples": 10000,
  "burn_in": 2000,
  "n_thin": 1,
  "n_chains": 100,
  "hwm_walkers_requested": 300,
  "jax_enable_x64": true,
  "af": true,
  "initialization_mode": "agnostic",
  "initialization_description": "independent N(0, 2^2) coordinates in the intrinsic Rosenbrock frame",
  "transform_affine": true,
  "overlay_rosenbrock": {
    "a": 1.0,
    "b": 100.0,
    "sigma": 1.5
  },
  "summary": {
    "Dense-mass NUTS": {
      "distribution": "Paired Rosenbrock",
      "tau": 6.420309494912651,
      "tau_std": 0.6312502775601162,
      "ess": 155755.73121395218,
      "ess_by_coordinate": [
        239838.15758117582,
        197658.9503508448,
        243217.18439380368,
        193224.51917107086,
        242322.19488715995,
        195251.44760897817,
        253089.86646403495,
        210698.6141845434,
        245824.5535240549,
        201075.419364648,
        242817.99427673014,
        196836.10389872146,
        236700.6713894833,
        196291.1161177168,
        236934.4049755261,
        206016.04888499167,
        228135.49674309185,
        192241.54869251684,
        209942.04313159603,
        174260.05312030297,
        222482.6021372215,
        186232.12558319344,
        206295.15600680557,
        172327.81436928723,
        216598.09643616132,
        190696.19659781407,
        190870.6115028211,
        165368.56811282318,
        191421.60063025047,
        172178.07675979874,
        178102.90372278477,
        155755.73121395218
      ],
      "ess_valid_fraction": [
        1.0,
        1.0,
        1.0,
        1.0,
        1.0,
        1.0,
        1.0,
        1.0,
        1.0,
        1.0,
        1.0,
        1.0,
        1.0,
        1.0,
        1.0,
        1.0,
        1.0,
        1.0,
        1.0,
        1.0,
        1.0,
        1.0,
        1.0,
        1.0,
        1.0,
        1.0,
        1.0,
        1.0,
        1.0,
        1.0,
        1.0,
        1.0
      ],
      "n_evaluations": 251828648.3333333,
      "evaluation_type": "gradient",
      "ess_per_eval": 0.0006184988572379815,
      "time": 351.5512330532074,
      "sigma": 1.5,
      "epsilon": 0.012617938067271042,
      "n_leapfrog": 251.82864833333332,
      "n_warmup": 2000,
      "target_accept": 0.8,
      "cond": 10.0,
      "mean_mse": 0.0008654682948965591,
      "cov_mse": 0.001165327359469754,
      "acceptance_rate_mean": 0.8959895488231235,
      "acceptance_rate_min": 0.7954911148036525,
      "acceptance_rate_max": 0.9518628890853231,
      "n_divergent": 550,
      "actual_n_chains": 100,
      "diagnostic_draws_per_chain": 200,
      "sample_finite_fraction": 1.0,
      "finite_draw_fraction": 1.0,
      "sample_covariance_rank": 32,
      "sample_covariance_full_rank": true
    },
    "Hamiltonian Walk Move": {
      "distribution": "Paired Rosenbrock",
      "tau": 6.650646547600556,
      "tau_std": 0.7899564806570013,
      "ess": 451083.96281897597,
      "ess_by_coordinate": [
        592047.2300956595,
        451083.96281897597,
        618937.0978349131,
        468314.19977936824,
        613726.6049995688,
        465525.18930958596,
        596692.0488359615,
        457533.9908443278,
        604055.0238224245,
        452505.43860227906,
        618559.4386441346,
        478154.6224717271,
        650026.9942783224,
        464229.6396346601,
        614204.6429258855,
        481167.3549603177,
        622618.625148781,
        471859.64627364505,
        600758.397709094,
        458456.92544216954,
        626089.2523673687,
        478289.89334260486,
        630103.1853844712,
        480055.2477096672,
        606417.0545326319,
        458919.3870703619,
        689456.1938391288,
        537267.2945747084,
        629537.6990269023,
        478621.6436383659,
        613915.0218901376,
        470376.0087684841
      ],
      "ess_valid_fraction": [
        0.9933333333333333,
        0.9933333333333333,
        0.9933333333333333,
        0.9966666666666667,
        0.99,
        0.9933333333333333,
        0.99,
        0.9966666666666667,
        0.9933333333333333,
        0.9933333333333333,
        0.9933333333333333,
        0.9866666666666667,
        0.99,
        0.99,
        0.9933333333333333,
        0.9933333333333333,
        0.9866666666666667,
        0.9933333333333333,
        0.9933333333333333,
        0.9933333333333333,
        0.9866666666666667,
        0.9933333333333333,
        0.9933333333333333,
        0.99,
        0.9933333333333333,
        0.9933333333333333,
        0.9966666666666667,
        0.9933333333333333,
        0.9866666666666667,
        0.9866666666666667,
        0.9866666666666667,
        0.9866666666666667
      ],
      "n_evaluations": 392854999.99999994,
      "evaluation_type": "gradient",
      "ess_per_eval": 0.0011482199865573202,
      "time": 156.80702185630798,
      "sigma": 1.5,
      "epsilon": 0.021472083916527777,
      "n_leapfrog": 129.95166666666665,
      "n_warmup": 2000,
      "target_accept": 0.651,
      "cond": 10.0,
      "mean_mse": 0.0009325344783544786,
      "cov_mse": 0.009950367422350146,
      "acceptance_rate_mean": 0.6400819444444444,
      "acceptance_rate_min": 0.6400819444444444,
      "acceptance_rate_max": 0.6400819444444444,
      "n_divergent": null,
      "actual_n_chains": 300,
      "diagnostic_draws_per_chain": 200,
      "sample_finite_fraction": 1.0,
      "finite_draw_fraction": 1.0,
      "sample_covariance_rank": 32,
      "sample_covariance_full_rank": true
    },
    "Stretch Move": {
      "distribution": "Paired Rosenbrock",
      "tau": 4924.706479825763,
      "tau_std": 847.7637027917035,
      "ess": 203.05778711818377,
      "ess_by_coordinate": [
        364.47871919226725,
        719.9460832078032,
        476.31086077829417,
        520.982520409739,
        588.1558685777734,
        839.6882328786916,
        321.7707587990777,
        721.3778002192242,
        570.8427850642386,
        465.0661974955323,
        412.0233862046218,
        724.4461477047706,
        254.12547750945686,
        571.8453027622924,
        538.234197195404,
        736.0716332261247,
        594.9617672270756,
        915.2738455477751,
        391.62194956640514,
        689.8887378476866,
        203.05778711818377,
        642.6343287218423,
        522.9956468355317,
        817.9705450522215,
        657.8206268570367,
        951.0554018368292,
        651.1194614334867,
        1216.510239901912,
        654.2865156610637,
        926.1628804733726,
        410.5524823023766,
        761.8230700854442
      ],
      "ess_valid_fraction": [
        0.09,
        0.17,
        0.11,
        0.13,
        0.14,
        0.2,
        0.09,
        0.19,
        0.13,
        0.12,
        0.1,
        0.18,
        0.06,
        0.13,
        0.14,
        0.16,
        0.14,
        0.19,
        0.11,
        0.18,
        0.05,
        0.15,
        0.13,
        0.18,
        0.17,
        0.22,
        0.17,
        0.27,
        0.15,
        0.22,
        0.1,
        0.19
      ],
      "n_evaluations": 1000000.0,
      "evaluation_type": "function",
      "ess_per_eval": 0.00020305778711818376,
      "time": 4.4355714321136475,
      "sigma": 1.5,
      "epsilon": 0.0,
      "n_leapfrog": null,
      "n_warmup": null,
      "target_accept": null,
      "cond": 10.0,
      "mean_mse": 4.44116582147492,
      "cov_mse": 0.9681691470351433,
      "acceptance_rate_mean": 0.16511333333333333,
      "acceptance_rate_min": 0.12066666666666667,
      "acceptance_rate_max": 0.20216666666666666,
      "n_divergent": null,
      "actual_n_chains": 100,
      "diagnostic_draws_per_chain": 200,
      "sample_finite_fraction": 1.0,
      "finite_draw_fraction": 1.0,
      "sample_covariance_rank": 32,
      "sample_covariance_full_rank": true
    },
    "HMC": {
      "distribution": "Paired Rosenbrock",
      "tau": 1193.416966306635,
      "tau_std": 271.959732955519,