{
  "dim": 32,
  "seed": 2,
  "n_samples": 10000,
  "burn_in": 1000,
  "n_thin": 1,
  "n_chains": 100,
  "af": true,
  "initialization_mode": "agnostic",
  "initialization_description": "independent N(0, 2^2) coordinates in the intrinsic Rosenbrock frame",
  "transform_affine": true,
  "overlay_rosenbrock": {
    "a": 1.0,
    "b": 100.0,
    "sigma": 0.7
  },
  "summary": {
    "Dense-mass NUTS": {
      "distribution": "Paired Rosenbrock",
      "tau": 194.21323572762046,
      "tau_std": 47.212520985816035,
      "ess": 5148.979657609313,
      "ess_by_coordinate": [
        31106.881284696836,
        30863.35104735971,
        30463.50319974977,
        29611.194655211675,
        26516.99672232382,
        27307.22092582127,
        25009.828441051428,
        23902.947641120765,
        22883.638314348012,
        22166.93323501506,
        18370.320502421004,
        18713.473954423644,
        17130.488371083306,
        16670.143893455745,
        15001.749039816164,
        15627.923313568313,
        11465.599309904406,
        12408.563797877538,
        10737.881992478746,
        10732.967493679527,
        8888.879323838839,
        9470.667859995068,
        8837.915064211309,
        9657.368365941755,
        6968.441569353492,
        7499.546706775308,
        6778.87076034135,
        7238.471739462933,
        7017.7334042674975,
        6701.314592002223,
        5148.979657609313,
        5357.428342245407
      ],
      "ess_valid_fraction": [
        0.92,
        0.94,
        0.91,
        0.92,
        0.93,
        0.94,
        0.92,
        0.9,
        0.89,
        0.91,
        0.89,
        0.91,
        0.93,
        0.94,
        0.85,
        0.84,
        0.87,
        0.88,
        0.8,
        0.87,
        0.81,
        0.79,
        0.82,
        0.83,
        0.7,
        0.76,
        0.77,
        0.76,
        0.71,
        0.73,
        0.6,
        0.67
      ],
      "n_evaluations": 254817100.9090909,
      "evaluation_type": "gradient",
      "ess_per_eval": 2.0206570278210152e-05,
      "time": 287.74032282829285,
      "sigma": 0.7,
      "epsilon": 0.01680751144886017,
      "n_leapfrog": 254.8171009090909,
      "n_warmup": 1000,
      "target_accept": 0.8,
      "cond": 10.0
    },
    "Hamiltonian Walk Move": {
      "distribution": "Paired Rosenbrock",
      "tau": 16.028594248534365,
      "tau_std": 0.46215462288798964,
      "ess": 62388.50297751088,
      "ess_by_coordinate": [
        69558.72883251385,
        64853.53155733308,
        66943.90703788002,
        63743.153116193556,
        68941.16179699019,
        66102.38617430888,
        68322.72226901303,
        62388.50297751088,
        68075.92472032808,
        65449.81267751934,
        64117.06373735033,
        64713.9154462929,
        66518.79886237734,
        67440.97825557778,
        66838.20011783221,
        68024.42188359362,
        70493.6092945598,
        68752.68074077145,
        67438.34624632422,
        66981.91346740036,
        68812.39442431735,
        64794.68822564458,
        69252.3918644259,
        68658.28704612916,
        66511.84893232417,
        62705.009526653615,
        65380.93870400751,
        67544.36673526592,
        65922.54599630178,
        63328.026625940234,
        67035.0191988021,
        66603.27509448213
      ],
      "ess_valid_fraction": [
        1.0,
        1.0,
        1.0,
        1.0,
        1.0,
        1.0,
        1.0,
        1.0,
        1.0,
        1.0,
        1.0,
        1.0,
        1.0,
        1.0,
        1.0,
        1.0,
        1.0,
        1.0,
        1.0,
        1.0,
        1.0,
        1.0,
        1.0,
        1.0,
        1.0,
        1.0,
        1.0,
        1.0,
        1.0,
        1.0,
        1.0,
        1.0
      ],
      "n_evaluations": 1001000000.0,
      "evaluation_type": "gradient",
      "ess_per_eval": 6.232617680071017e-05,
      "time": 730.6433169841766,
      "sigma": 0.7,
      "epsilon": 0.001372368074953556,
      "n_leapfrog": 1000,
      "n_warmup": 1000,
      "target_accept": 0.651,
      "cond": 10.0
    },
    "Stretch Move": {
      "distribution": "Paired Rosenbrock",
      "tau": 4580.380915329218,
      "tau_std": 709.4745583987922,
      "ess": 218.3224536311571,
      "ess_by_coordinate": [
        364.95502076692844,
        755.4964066495518,
        779.1920431015309,
        912.3069281622724,
        586.2082972493914,
        1006.6486711540102,
        751.7583146490065,
        906.6899167861061,
        218.3224536311571,
        731.3775259176509,
        694.5383612719775,
        1419.355891568766,
        509.8695734771757,
        754.4428502063741,
        599.4441657374897,
        1090.4241948761153,
        622.341000444176,
        1211.912978247648,
        549.2838523130931,
        1206.2155732152246,
        800.2860764764442,
        843.9007576088219,
        536.9091404894023,
        888.8157255206307,
        606.068159467564,
        1059.6311262713918,
        391.62989164291275,
        550.6243848730996,
        532.6178925654006,
        616.8992270895258,
        616.9705464194247,
        681.5344456088151
      ],
      "ess_valid_fraction": [
        0.08,
        0.15,
        0.19,
        0.21,
        0.15,
        0.21,
        0.19,
        0.21,
        0.05,
        0.18,
        0.16,
        0.32,
        0.14,
        0.18,
        0.14,
        0.23,
        0.16,
        0.25,
        0.12,
        0.25,
        0.21,
        0.21,
        0.13,
        0.22,
        0.13,
        0.24,
        0.09,
        0.13,
        0.12,
        0.14,
        0.17,
        0.15
      ],
      "n_evaluations": 1000000.0,
      "evaluation_type": "function",
      "ess_per_eval": 0.0002183224536311571,
      "time": 4.684463739395142,
      "sigma": 0.7,
      "epsilon": 0.0,
      "n_leapfrog": null,
      "n_warmup": null,
      "target_accept": null,
      "cond": 10.0
    },
    "HMC": {
      "distribution": "Paired Rosenbrock",
      "tau": 1301.4181511883828,
      "tau_std": 269.7355695019491,
      "ess": 768.392540926877,
      "ess_by_coordinate": [
        7776.393129005826,
        7110.55022956219,
        7233.606761847521,
        6319.464424537804,
        6835.631550327276,
        6118.290347439378,
        4805.273657418735,
        5026.238949017669,
        4486.120647247769,
        4035.9603304833163,
        3728.5075367301965,
        3961.124571796244,
        2579.1607192008078,
        2434.123514517828,
        2315.465592846984,
        2463.8395438244165,
        2091.115740622482,
        2350.682054019399,
        2223.7884698877756,
        2577.090322110592,
        2010.9577579839672,
        2330.893958750513,
        1305.035180122785,
        1508.607621530095,
        1096.113514672095,
        2013.1786873041224,
        1261.457578046524,
        1830.3330678866084,
        1155.4179214108572,
        1653.510154022274,
        768.392540926877,
        1429.3058736535402
      ],
      "ess_valid_fraction": [
        0.94,
        0.91,
        0.9,
        0.84,
        0.89,
        0.88,
        0.77,
        0.73,
        0.76,
        0.71,
        0.66,
        0.65,
        0.51,
        0.51,
        0.46,
        0.46,
        0.4,
        0.45,
        0.42,
        0.49,
        0.39,
        0.5,
        0.29,
        0.35,
        0.25,
        0.39,
        0.29,
        0.39,
        0.25,
        0.3,
        0.2,
        0.29
      ],
      "n_evaluations": 32000000.0,
      "evaluation_type": "gradient",
      "ess_per_eval": 2.4012266903964906e-05,
      "time": 22.78402352333069,
      "sigma": 0.7,
      "epsilon": 0.027683760970830917,
      "n_leapfrog": 31,
      "n_warmup": 1000,
      "target_accept": 0.651,
      "cond": 10.0
    }
  }
}