{
  "dim": 32,
  "seed": 4,
  "condition_number": 50,
  "n_samples": 10000,
  "burn_in": 2000,
  "n_thin": 1,
  "n_chains": 150,
  "hwm_walkers_requested": 300,
  "jax_enable_x64": true,
  "af": false,
  "initialization_mode": "agnostic",
  "initialization_description": "independent N(0, 2^2) coordinates in the intrinsic Rosenbrock frame",
  "transform_affine": false,
  "overlay_rosenbrock": {
    "a": 1.0,
    "b": 100.0,
    "sigma": 1.5
  },
  "summary": {
    "Dense-mass NUTS": {
      "distribution": "Paired Rosenbrock",
      "tau": 5.463367430874023,
      "tau_std": 0.4417106139754415,
      "ess": 274555.94356025796,
      "ess_by_coordinate": [
        352925.6576259256,
        298407.075343234,
        372670.38841680693,
        305914.9931567312,
        358410.78020168596,
        300444.6940971848,
        347115.42899198865,
        292474.3322035297,
        333885.9132941039,
        274555.94356025796,
        353234.4393364526,
        296317.25156211766,
        358153.2175007083,
        305779.5777285709,
        338969.41242322273,
        286408.1161753064,
        350626.3447511115,
        286991.0622201379,
        352786.807411149,
        301724.4924428503,
        332988.48013063706,
        276990.93774709,
        339230.45558931044,
        282816.5178044542,
        331609.05101379135,
        285219.2225383534,
        333745.52541064494,
        287118.50246028905,
        337801.6648383504,
        279834.1036204281,
        343649.152179842,
        290413.0886114952
      ],
      "ess_valid_fraction": [
        1.0,
        1.0,
        1.0,
        1.0,
        1.0,
        1.0,
        1.0,
        1.0,
        1.0,
        1.0,
        1.0,
        1.0,
        1.0,
        1.0,
        1.0,
        1.0,
        1.0,
        1.0,
        1.0,
        1.0,
        1.0,
        1.0,
        1.0,
        1.0,
        1.0,
        1.0,
        1.0,
        1.0,
        1.0,
        1.0,
        1.0,
        1.0
      ],
      "n_evaluations": 377612593.3333334,
      "evaluation_type": "gradient",
      "ess_per_eval": 0.0007270836524191256,
      "time": 353.0790801048279,
      "sigma": 1.5,
      "epsilon": 0.01305795300429122,
      "n_leapfrog": 251.7417288888889,
      "n_warmup": 2000,
      "target_accept": 0.8,
      "gamma": 0.05,
      "t0": 10,
      "kappa": 0.75,
      "mean_mse": 0.00035611743395863214,
      "cov_mse": 0.0007939325715996386,
      "acceptance_rate_mean": 0.8975687214869275,
      "acceptance_rate_min": 0.7842655130747833,
      "acceptance_rate_max": 0.9644176588259993,
      "n_divergent": 718,
      "actual_n_chains": 150,
      "diagnostic_draws_per_chain": 200,
      "sample_finite_fraction": 1.0,
      "finite_draw_fraction": 1.0,
      "sample_covariance_rank": 32,
      "sample_covariance_full_rank": true
    },
    "Hamiltonian Walk Move": {
      "distribution": "Paired Rosenbrock",
      "tau": 5.33990872569728,
      "tau_std": 1.069227666873043,
      "ess": 561807.355538322,
      "ess_by_coordinate": [
        1052917.9876349384,
        609974.4709720886,
        1061059.541616714,
        598481.1886676827,
        1068589.1625564843,
        616859.8692376383,
        1045440.1813447496,
        601123.9000215927,
        1012740.0921752653,
        594962.0122676571,
        988161.4349552913,
        580290.9979185772,
        994636.0883381125,
        598508.8229073191,
        1008413.3196956016,
        597366.7479356485,
        989206.6757280794,
        586915.554631095,
        1004073.0771725837,
        583229.6205953121,
        982076.736955778,
        561807.355538322,
        1019459.1117533183,
        590840.2179253806,
        999998.5595711551,
        569202.5987526305,
        1042299.5042368657,
        601029.6697517625,
        1050141.3095482632,
        602632.1700358731,
        1048739.5005934034,
        591399.7126532189
      ],
      "ess_valid_fraction": [
        0.9966666666666667,
        1.0,
        1.0,
        1.0,
        1.0,
        1.0,
        1.0,
        1.0,
        1.0,
        1.0,
        1.0,
        0.9966666666666667,
        0.9933333333333333,
        0.9933333333333333,
        1.0,
        1.0,
        1.0,
        1.0,
        0.9966666666666667,
        0.9933333333333333,
        1.0,
        1.0,
        1.0,
        1.0,
        1.0,
        1.0,
        0.9966666666666667,
        0.9966666666666667,
        0.9966666666666667,
        1.0,
        1.0,
        1.0
      ],
      "n_evaluations": 957526250.0,
      "evaluation_type": "gradient",
      "ess_per_eval": 0.0005867278892232166,
      "time": 346.96104311943054,
      "sigma": 1.5,
      "epsilon": 0.020951326239410806,
      "n_leapfrog": 318.17541666666665,
      "n_warmup": 2000,
      "target_accept": 0.651,
      "gamma": 0.05,
      "t0": 10,
      "kappa": 0.75,
      "mean_mse": 0.0003702198241185936,
      "cov_mse": 0.0010422541584273197,
      "acceptance_rate_mean": 0.6393694444444443,
      "acceptance_rate_min": 0.6393694444444444,
      "acceptance_rate_max": 0.6393694444444444,
      "n_divergent": null,
      "actual_n_chains": 300,
      "diagnostic_draws_per_chain": 200,
      "sample_finite_fraction": 1.0,
      "finite_draw_fraction": 1.0,
      "sample_covariance_rank": 32,
      "sample_covariance_full_rank": true
    },
    "Stretch Move": {
      "distribution": "Paired Rosenbrock",
      "tau": 2489.010766181539,
      "tau_std": 475.4770314712319,
      "ess": 602.6490605748531,
      "ess_by_coordinate": [
        1007.8280776091082,
        1098.5346834835104,
        653.5760076730012,
        939.834565790985,
        918.628605217807,
        1492.7454191595607,
        1092.3601458998446,
        1105.7172225267414,
        650.7693869404035,
        1273.7491515443603,
        818.9630454592404,
        1132.8566776230566,
        643.4610999799283,
        772.2774694816776,
        715.5481957806941,
        1435.8141543037507,
        982.6204940986736,
        1478.1934608090548,
        1124.2080744896768,
        1496.521924543115,
        812.482681692211,
        1501.4313614752361,
        1055.489215861146,
        1593.1728590272887,
        680.0093808043582,
        1403.818589922137,
        687.3160752279495,
        1345.2657060809233,
        602.6490605748531,
        1250.343431637571,
        676.359330733399,
        892.1254343072258
      ],
      "ess_valid_fraction": [
        0.16666666666666666,
        0.19333333333333333,
        0.10666666666666667,
        0.15333333333333332,
        0.14666666666666667,
        0.23333333333333334,
        0.16666666666666666,
        0.18,
        0.10666666666666667,
        0.2,
        0.14,
        0.18,
        0.11333333333333333,
        0.14,
        0.11333333333333333,
        0.2,
        0.16666666666666666,
        0.23333333333333334,
        0.18,
        0.25333333333333335,
        0.14,
        0.22,
        0.16,
        0.23333333333333334,
        0.12,
        0.22,
        0.12,
        0.21333333333333335,
        0.08666666666666667,
        0.20666666666666667,
        0.11333333333333333,
        0.15333333333333332
      ],
      "n_evaluations": 1500000.0,
      "evaluation_type": "function",
      "ess_per_eval": 0.0004017660403832354,
      "time": 5.4162468910217285,
      "sigma": 1.5,
      "epsilon": 0.0,
      "n_leapfrog": null,
      "n_warmup": null,
      "target_accept": null,
      "gamma": null,
      "t0": null,
      "kappa": null,
      "mean_mse": 4.3004930140168875,
      "cov_mse": 0.9621984421797539,
      "acceptance_rate_mean": 0.16728222222222225,
      "acceptance_rate_min": 0.13358333333333333,
      "acceptance_rate_max": 0.208,
      "n_divergent": null,
      "actual_n_chains": 150,
      "diagnostic_draws_per_chain": 200,
      "sample_finite_fraction": 1.0,
      "finite_draw_fraction": 1.0,
      "sample_covariance_rank": 32,
      "sample_covariance_full_rank": true
    },