{
  "dim": 32,
  "seed": 4,
  "condition_number": 50,
  "n_samples": 10000,
  "burn_in": 1000,
  "n_thin": 1,
  "n_chains": 16,
  "af": false,
  "initialization_mode": "agnostic",
  "initialization_description": "independent N(0, 2^2) coordinates in the intrinsic Rosenbrock frame",
  "transform_affine": false,
  "overlay_rosenbrock": {
    "a": 1.0,
    "b": 100.0,
    "sigma": 0.7
  },
  "summary": {
    "Dense-mass NUTS": {
      "distribution": "Paired Rosenbrock",
      "tau": 5.785844836574181,
      "tau_std": 0.49324010806674046,
      "ess": 27653.697000062755,
      "ess_by_coordinate": [
        34805.18533445963,
        28843.561695734585,
        33797.69161474449,
        31035.219170037395,
        35311.468468404324,
        27653.697000062755,
        38083.99495795942,
        34703.97659897417,
        34509.19402100535,
        31774.19827135277,
        34247.80270916627,
        31350.428914996377,
        30640.02324553857,
        27924.217686405587,
        38776.483911008356,
        32664.590412183825,
        34554.882659324925,
        30726.18507091011,
        40760.07689933528,
        34698.94397668462,
        38155.5382989125,
        34750.83813955298,
        39392.56956685275,
        37503.97717166503,
        37328.99070332841,
        33410.05730904768,
        38644.2069640541,
        33547.89367447701,
        37644.228089358985,
        35280.98210174658,
        41997.57266776775,
        37838.75084166226
      ],
      "ess_valid_fraction": [
        0.625,
        0.6875,
        0.625,
        0.6875,
        0.625,
        0.625,
        0.625,
        0.6875,
        0.625,
        0.625,
        0.6875,
        0.6875,
        0.625,
        0.625,
        0.625,
        0.6875,
        0.625,
        0.625,
        0.625,
        0.625,
        0.6875,
        0.6875,
        0.6875,
        0.625,
        0.6875,
        0.75,
        0.625,
        0.625,
        0.625,
        0.6875,
        0.6875,
        0.6875
      ],
      "n_evaluations": 36314577.27272727,
      "evaluation_type": "gradient",
      "ess_per_eval": 0.0007615040316283964,
      "time": 268.58298778533936,
      "sigma": 0.7,
      "epsilon": 5.5884953326312825e-05,
      "n_leapfrog": 226.96610795454546,
      "n_warmup": 1000,
      "target_accept": 0.8,
      "gamma": 0.05,
      "t0": 10,
      "kappa": 0.75
    },
    "Hamiltonian Walk Move": {
      "distribution": "Paired Rosenbrock",
      "tau": 39.15778714259116,
      "tau_std": 6.101415827171944,
      "ess": 4086.0327325792914,
      "ess_by_coordinate": [
        34363.60609745534,
        35233.68046979886,
        36376.239519294664,
        18523.511817391995,
        18018.11586751699,
        12042.528511747563,
        37940.47562502494,
        28674.63504955019,
        16727.838795685966,
        28036.679243401115,
        19571.260520998072,
        39523.72755044148,
        21866.190549237137,
        34915.10111032276,
        33804.89369918769,
        27053.458582207968,
        23081.493322899725,
        4086.0327325792914,
        25315.958389761203,
        30810.033423950852,
        32204.040152399626,
        34380.417011443824,
        29647.895176674814,
        36656.63029620347,
        38670.39814413725,
        33558.39877942277,
        20644.0860605233,
        30360.585782133974,
        38479.19367059988,
        25843.720960835388,
        32534.972041208253,
        21601.57491137631
      ],
      "ess_valid_fraction": [
        1.0,
        1.0,
        1.0,
        1.0,
        1.0,
        1.0,
        1.0,
        1.0,
        1.0,
        1.0,
        1.0,
        1.0,
        1.0,
        1.0,
        1.0,
        1.0,
        1.0,
        1.0,
        1.0,
        1.0,
        1.0,
        1.0,
        1.0,
        1.0,
        1.0,
        1.0,
        1.0,
        1.0,
        1.0,
        1.0,
        1.0,
        1.0
      ],
      "n_evaluations": 960000.0,
      "evaluation_type": "gradient",
      "ess_per_eval": 0.004256284096436762,
      "time": 19.42270565032959,
      "sigma": 0.7,
      "epsilon": 0.6114470362663269,
      "n_leapfrog": 5,
      "n_warmup": 1000,
      "target_accept": 0.651,
      "gamma": 0.05,
      "t0": 10,
      "kappa": 0.75
    },
    "Stretch Move": {
      "distribution": "Paired Rosenbrock",
      "tau": 4424.781187355518,
      "tau_std": 719.0625524041537,
      "ess": 36.1599801719516,
      "ess_by_coordinate": [
        436.1741363134678,
        385.5832609513086,
        209.74914656686047,
        246.61371308622194,
        249.5873029579101,
        254.94822752349458,
        449.87238264068617,
        327.16627070343924,
        122.93473745890529,
        307.34725909132953,
        297.14415746229133,
        307.20181369773917,
        294.9542855866184,
        350.71343996524587,
        285.35243616420746,
        249.6963884150261,
        480.97532687329925,
        96.66679206097615,
        344.5989662108399,
        308.6395407444553,
        36.1599801719516,
        151.91243003221444,
        269.82038446321053,
        394.0281555668115,
        275.9078839730047,
        261.62586050299865,
        185.68733815783983,
        234.1346958724439,
        461.50029070224804,
        274.74302943144846,
        425.5670669449603,
        439.77633016697325
      ],
      "ess_valid_fraction": [
        0.625,
        0.5625,
        0.3125,
        0.3125,
        0.3125,
        0.3125,
        0.5625,
        0.375,
        0.1875,
        0.4375,
        0.375,
        0.4375,
        0.4375,
        0.4375,
        0.375,
        0.3125,
        0.5,
        0.1875,
        0.5,
        0.375,
        0.0625,
        0.25,
        0.375,
        0.5625,
        0.375,
        0.4375,
        0.25,
        0.25,
        0.5,
        0.4375,
        0.5625,
        0.5
      ],
      "n_evaluations": 160000.0,
      "evaluation_type": "function",
      "ess_per_eval": 0.00022599987607469752,
      "time": 1.8715565204620361,
      "sigma": 0.7,
      "epsilon": 0.0,
      "n_leapfrog": null,
      "n_warmup": null,
      "target_accept": null,
      "gamma": null,
      "t0": null,
      "kappa": null
    },
    "HMC": {
      "distribution": "Paired Rosenbrock",
      "tau": 2.260832803830689,
      "tau_std": 0.30225063908172467,
      "ess": 70770.38148460191,
      "ess_by_coordinate": [
        101999.19982429784,
        74509.33292361307,
        102612.3910334483,
        72435.38754600985,
        104768.669915362,
        73274.58809257892,
        96314.69082240899,
        72760.94900347717,
        98201.50518138293,
        72349.85151328988,
        106312.87930045428,
        75739.21152772,
        101300.20630774407,
        71122.49973096469,
        98151.53818204832,
        74541.91110934137,
        102801.83172792179,
        73245.85123081518,
        97386.57107049337,
        70770.38148460191,
        100416.60816156973,
        76400.57033348773,
        102349.77240928065,
        75110.67271916449,
        101463.18167910952,
        73516.99935239548,
        102678.12582911503,
        73579.53835380138,
        102721.65200994448,
        72469.2102284407,
        97764.93932134181,
        71866.2130934379
      ],
      "ess_valid_fraction": [
        1.0,
        1.0,
        1.0,
        1.0,
        1.0,
        1.0,
        1.0,
        1.0,
        1.0,
        1.0,
        1.0,
        1.0,
        1.0,
        1.0,
        1.0,
        1.0,
        1.0,
        1.0,
        1.0,
        1.0,
        1.0,
        1.0,
        1.0,
        1.0,
        1.0,
        1.0,
        1.0,
        1.0,
        1.0,
        1.0,
        1.0,
        1.0
      ],
      "n_evaluations": 160160000.0,
      "evaluation_type": "gradient",
      "ess_per_eval": 0.00044187301126749444,
      "time": 331.8368008136749,
      "sigma": 0.7,
      "epsilon": 0.005173127166926861,
      "n_leapfrog": 1000,