{
  "dim": 32,
  "seed": 0,
  "n_samples": 10000,
  "burn_in": 2000,
  "n_thin": 1,
  "n_chains": 100,
  "hwm_walkers_requested": 300,
  "jax_enable_x64": true,
  "af": true,
  "initialization_mode": "agnostic",
  "initialization_description": "independent N(0, 2^2) coordinates in the intrinsic Rosenbrock frame",
  "transform_affine": true,
  "overlay_rosenbrock": {
    "a": 1.0,
    "b": 100.0,
    "sigma": 1.5
  },
  "summary": {
    "Dense-mass NUTS": {
      "distribution": "Paired Rosenbrock",
      "tau": 9.482574808261232,
      "tau_std": 1.4388247462409245,
      "ess": 105456.58960990202,
      "ess_by_coordinate": [
        261303.0735907256,
        206658.22403601807,
        253718.94417469556,
        202975.45200702042,
        266050.9947876831,
        213747.76567606008,
        250208.87538096894,
        206308.6222955972,
        256148.1743222157,
        212816.14064720963,
        248754.27686388534,
        201273.07777090635,
        235656.28624896458,
        188750.759422624,
        237206.85079960647,
        200474.76551898764,
        230266.05182238613,
        193319.56252713178,
        205347.22433685415,
        170658.58379117004,
        193871.2587125824,
        163053.97345820098,
        181374.02711031417,
        150759.86016794425,
        162303.51307262087,
        140951.83418819538,
        155093.9002307313,
        135661.14756091242,
        144176.22620732806,
        127971.74767022664,
        114870.1331184568,
        105456.58960990202
      ],
      "ess_valid_fraction": [
        1.0,
        1.0,
        1.0,
        1.0,
        1.0,
        1.0,
        1.0,
        1.0,
        1.0,
        1.0,
        1.0,
        1.0,
        1.0,
        1.0,
        1.0,
        1.0,
        1.0,
        1.0,
        1.0,
        1.0,
        1.0,
        1.0,
        1.0,
        1.0,
        1.0,
        1.0,
        1.0,
        1.0,
        1.0,
        1.0,
        1.0,
        1.0
      ],
      "n_evaluations": 252153480.83333334,
      "evaluation_type": "gradient",
      "ess_per_eval": 0.0004182238105989343,
      "time": 349.32539463043213,
      "sigma": 1.5,
      "epsilon": 0.01625922890131615,
      "n_leapfrog": 252.15348083333333,
      "n_warmup": 2000,
      "target_accept": 0.8,
      "cond": 31.62,
      "mean_mse": 0.0004947064330845796,
      "cov_mse": 0.0013126306395691168,
      "acceptance_rate_mean": 0.8940537502029153,
      "acceptance_rate_min": 0.7711110934556404,
      "acceptance_rate_max": 0.9637129347930247,
      "n_divergent": 523,
      "actual_n_chains": 100,
      "diagnostic_draws_per_chain": 200,
      "sample_finite_fraction": 1.0,
      "finite_draw_fraction": 1.0,
      "sample_covariance_rank": 32,
      "sample_covariance_full_rank": true
    },
    "Hamiltonian Walk Move": {
      "distribution": "Paired Rosenbrock",
      "tau": 5.207653365862174,
      "tau_std": 1.1024219413546186,
      "ess": 576075.2087813593,
      "ess_by_coordinate": [
        1031670.3403117569,
        589023.3623680237,
        1069897.377386484,
        598895.1145491134,
        1051727.6098332312,
        594416.9742151891,
        1033406.5773093642,
        576483.143054794,
        1054163.9173290366,
        604144.7774257963,
        1058269.64659167,
        603801.2267532093,
        1046495.2747389695,
        590481.3466726224,
        1014693.0796065385,
        586324.3420677991,
        1048017.7888361239,
        595282.0819226118,
        1054419.1979902142,
        576075.2087813593,
        1046870.2929787746,
        582254.9146499028,
        1042542.1784372177,
        589557.1958747276,
        1085090.7276191746,
        593598.1094247985,
        1070305.1949779522,
        600148.2712677948,
        1047084.5431488589,
        611559.4731423613,
        1024930.3545931247,
        592290.5156938042
      ],
      "ess_valid_fraction": [
        0.9966666666666667,
        0.9966666666666667,
        0.9966666666666667,
        0.9966666666666667,
        0.9933333333333333,
        0.9966666666666667,
        1.0,
        1.0,
        0.9966666666666667,
        0.9966666666666667,
        0.9966666666666667,
        0.9966666666666667,
        0.9966666666666667,
        0.9966666666666667,
        0.9933333333333333,
        0.9933333333333333,
        0.9933333333333333,
        0.9933333333333333,
        0.9966666666666667,
        0.9966666666666667,
        0.9966666666666667,
        1.0,
        0.9966666666666667,
        0.9966666666666667,
        0.9966666666666667,
        1.0,
        0.9966666666666667,
        0.9933333333333333,
        0.9933333333333333,
        1.0,
        0.9966666666666667,
        0.9966666666666667
      ],
      "n_evaluations": 757655750.0,
      "evaluation_type": "gradient",
      "ess_per_eval": 0.0007603389913972925,
      "time": 276.4794340133667,
      "sigma": 1.5,
      "epsilon": 0.021098847065521103,
      "n_leapfrog": 251.55191666666667,
      "n_warmup": 2000,
      "target_accept": 0.651,
      "cond": 31.62,
      "mean_mse": 0.0005222085318774099,
      "cov_mse": 0.003597914377765906,
      "acceptance_rate_mean": 0.6430063888888888,
      "acceptance_rate_min": 0.6430063888888888,
      "acceptance_rate_max": 0.6430063888888888,
      "n_divergent": null,
      "actual_n_chains": 300,
      "diagnostic_draws_per_chain": 200,
      "sample_finite_fraction": 1.0,
      "finite_draw_fraction": 1.0,
      "sample_covariance_rank": 32,
      "sample_covariance_full_rank": true
    },
    "Stretch Move": {
      "distribution": "Paired Rosenbrock",
      "tau": 3923.486477226944,
      "tau_std": 711.0756758721425,
      "ess": 254.87535277725328,
      "ess_by_coordinate": [
        604.8168061428827,
        954.3236593519644,
        773.476132657973,
        934.2036576009247,
        695.3178417314169,
        849.0866301892788,
        529.766790630919,
        884.0527231668207,
        417.04226400068734,
        735.8159012690841,
        664.7779619338119,
        882.6321691818534,
        500.2781790879566,
        931.6669882084492,
        479.52576941273014,
        1048.3594863945104,
        622.3344787920959,
        1124.1063192378544,
        391.84478585505656,
        1028.6807207306094,
        254.87535277725328,
        701.9457241629219,
        536.763726017939,
        1033.2977519590668,
        308.85296467610544,
        361.97698327412144,
        597.4805050873158,
        842.6708089028334,
        470.2262349142588,
        988.438166053862,
        632.7436082359345,
        1082.419401672638
      ],
      "ess_valid_fraction": [
        0.14,
        0.23,
        0.19,
        0.23,
        0.17,
        0.21,
        0.13,
        0.21,
        0.11,
        0.16,
        0.17,
        0.21,
        0.12,
        0.22,
        0.12,
        0.24,
        0.15,
        0.25,
        0.1,
        0.22,
        0.07,
        0.17,
        0.15,
        0.23,
        0.07,
        0.09,
        0.15,
        0.2,
        0.11,
        0.22,
        0.16,
        0.26
      ],
      "n_evaluations": 1000000.0,
      "evaluation_type": "function",
      "ess_per_eval": 0.00025487535277725327,
      "time": 4.444324970245361,
      "sigma": 1.5,
      "epsilon": 0.0,
      "n_leapfrog": null,
      "n_warmup": null,
      "target_accept": null,
      "cond": 31.62,
      "mean_mse": 4.319453059762152,
      "cov_mse": 0.9592026126878818,
      "acceptance_rate_mean": 0.17193416666666667,
      "acceptance_rate_min": 0.13283333333333333,
      "acceptance_rate_max": 0.19858333333333333,
      "n_divergent": null,
      "actual_n_chains": 100,
      "diagnostic_draws_per_chain": 200,
      "sample_finite_fraction": 1.0,
      "finite_draw_fraction": 1.0,
      "sample_covariance_rank": 32,
      "sample_covariance_full_rank": true
    },
    "HMC": {
      "distribution": "Paired Rosenbrock",
      "tau": 5132.785612953757,