{
  "dim": 32,
  "seed": 0,
  "n_samples": 10000,
  "burn_in": 1000,
  "n_thin": 1,
  "n_chains": 100,
  "af": true,
  "initialization_mode": "agnostic",
  "initialization_description": "independent N(0, 2^2) coordinates in the intrinsic Rosenbrock frame",
  "transform_affine": true,
  "overlay_rosenbrock": {
    "a": 1.0,
    "b": 100.0,
    "sigma": 0.7
  },
  "summary": {
    "Dense-mass NUTS": {
      "distribution": "Paired Rosenbrock",
      "tau": 626.6143809194648,
      "tau_std": 182.62080867775944,
      "ess": 1595.8778324440088,
      "ess_by_coordinate": [
        11141.126674713485,
        11139.571414153892,
        8580.746495577148,
        8801.687914459413,
        8650.84414196074,
        9158.638303523325,
        8147.577616145222,
        9541.428566702662,
        4221.364087447819,
        4827.650972858921,
        4901.927301016943,
        5086.3667516056175,
        3350.3254273801717,
        3441.094216457336,
        4071.5210791944496,
        4554.617567135386,
        2589.3223118577107,
        2671.1467141593253,
        2167.620254487545,
        2597.9320450136793,
        2327.78934168757,
        2435.7104739975484,
        2334.2076229158624,
        2158.400915793357,
        1595.8778324440088,
        1781.912729588379,
        1760.397182811985,
        2091.9596727203166,
        1642.3873228470522,
        1693.5750122954666,
        1679.4213827329934,
        1597.7786972459496
      ],
      "ess_valid_fraction": [
        0.54,
        0.51,
        0.54,
        0.51,
        0.52,
        0.52,
        0.46,
        0.52,
        0.45,
        0.53,
        0.46,
        0.48,
        0.42,
        0.44,
        0.38,
        0.45,
        0.34,
        0.31,
        0.36,
        0.4,
        0.34,
        0.36,
        0.37,
        0.37,
        0.27,
        0.32,
        0.33,
        0.33,
        0.34,
        0.27,
        0.3,
        0.3
      ],
      "n_evaluations": 254871312.72727275,
      "evaluation_type": "gradient",
      "ess_per_eval": 6.261504346515811e-06,
      "time": 287.61694407463074,
      "sigma": 0.7,
      "epsilon": 0.006699719466269016,
      "n_leapfrog": 254.87131272727274,
      "n_warmup": 1000,
      "target_accept": 0.8,
      "cond": 31.62
    },
    "Hamiltonian Walk Move": {
      "distribution": "Paired Rosenbrock",
      "tau": 9891.595079797022,
      "tau_std": 2013.878522752049,
      "ess": 101.0959296183119,
      "ess_by_coordinate": [
        716.7299628565261,
        295.36509855260186,
        649.162791807776,
        161.5393948667296,
        613.0314917579421,
        139.93947912602098,
        489.0596792188182,
        143.23609095837242,
        408.4299479873187,
        597.3632760154802,
        517.2478011973939,
        410.34048289856105,
        606.4203890893359,
        347.182835453974,
        506.35385012921984,
        325.7348564134129,
        630.296333045931,
        176.46101629160225,
        734.153302263303,
        628.5202952144685,
        647.9985524040964,
        101.0959296183119,
        558.6869269781752,
        476.8059161792146,
        695.5195493105427,
        604.0891128190751,
        370.05319689266514,
        530.6713537889556,
        474.229487598397,
        288.7308719430547,
        336.8212184918401,
        458.2251452689435
      ],
      "ess_valid_fraction": [
        0.19,
        0.07,
        0.17,
        0.05,
        0.14,
        0.04,
        0.13,
        0.04,
        0.09,
        0.17,
        0.14,
        0.11,
        0.15,
        0.08,
        0.12,
        0.08,
        0.15,
        0.05,
        0.18,
        0.14,
        0.16,
        0.03,
        0.14,
        0.11,
        0.18,
        0.14,
        0.1,
        0.13,
        0.12,
        0.07,
        0.08,
        0.12
      ],
      "n_evaluations": 1001000000.0,
      "evaluation_type": "gradient",
      "ess_per_eval": 1.0099493468362827e-07,
      "time": 726.461748123169,
      "sigma": 0.7,
      "epsilon": 4.4634640516960644e-07,
      "n_leapfrog": 1000,
      "n_warmup": 1000,
      "target_accept": 0.651,
      "cond": 31.62
    },
    "Stretch Move": {
      "distribution": "Paired Rosenbrock",
      "tau": 3984.3524738678893,
      "tau_std": 736.1817727814934,
      "ess": 250.98181111201492,
      "ess_by_coordinate": [
        349.4623435876431,
        861.1599563657122,
        493.9337585398589,
        1131.819701587331,
        472.75013513612913,
        1201.4060973832286,
        250.98181111201492,
        663.9663237236844,
        476.7863540384035,
        827.6758598431253,
        501.0658126366845,
        797.1252220634339,
        301.09209156260965,
        736.7353232057842,
        537.7604965177076,
        838.676494708149,
        569.2456293332575,
        1156.8624650508314,
        733.1237652776271,
        1034.9507748588283,
        701.3193454838994,
        1159.0945009328307,
        543.4727084846537,
        1089.1175652185495,
        442.65945541715746,
        460.56174250557797,
        375.0609494474077,
        600.5135306012484,
        837.9047177786381,
        693.9043197197747,
        513.6702053946984,
        954.7209453480677
      ],
      "ess_valid_fraction": [
        0.09,
        0.2,
        0.12,
        0.23,
        0.12,
        0.27,
        0.07,
        0.16,
        0.13,
        0.18,
        0.11,
        0.19,
        0.07,
        0.17,
        0.12,
        0.19,
        0.13,
        0.26,
        0.17,
        0.24,
        0.17,
        0.28,
        0.14,
        0.23,
        0.11,
        0.11,
        0.09,
        0.13,
        0.21,
        0.14,
        0.14,
        0.22
      ],
      "n_evaluations": 1000000.0,
      "evaluation_type": "function",
      "ess_per_eval": 0.0002509818111120149,
      "time": 4.303486347198486,
      "sigma": 0.7,
      "epsilon": 0.0,
      "n_leapfrog": null,
      "n_warmup": null,
      "target_accept": null,
      "cond": 31.62
    },
    "HMC": {
      "distribution": "Paired Rosenbrock",
      "tau": 2064.2971724532904,
      "tau_std": 472.67910311757146,
      "ess": 484.42637685327134,
      "ess_by_coordinate": [
        8500.370044292278,
        7123.6650010719095,
        6844.183954378796,
        6637.966606323142,
        4694.297405444489,
        4554.784792149763,
        3702.0690337993447,
        3802.4932617815475,
        3039.4400965945447,
        2991.6694862034237,
        2865.7355758071762,
        2798.369226889623,
        1855.2393595303945,
        1955.2967097132598,
        1396.5664841282762,
        1318.2877873739294,
        1104.5070739727744,
        1661.1986980952768,
        1021.6838058437271,
        1587.3087008529958,
        1162.8885192935263,
        1271.1233525676048,
        1068.292078453119,
        1725.9093050630984,
        1039.524810070117,
        1288.6532892081314,
        484.42637685327134,
        1197.9804310387337,
        622.1116321559568,
        1249.2651085079237,
        543.5597872015143,
        909.1801162113948
      ],
      "ess_valid_fraction": [
        0.92,
        0.89,
        0.9,
        0.9,
        0.74,
        0.72,
        0.59,
        0.64,
        0.62,
        0.57,
        0.54,
        0.51,
        0.39,
        0.38,
        0.3,
        0.28,
        0.24,
        0.33,
        0.23,
        0.33,
        0.25,
        0.24,
        0.25,
        0.37,
        0.27,
        0.26,
        0.12,
        0.26,
        0.17,
        0.28,
        0.13,
        0.21
      ],
      "n_evaluations": 50000000.0,
      "evaluation_type": "gradient",
      "ess_per_eval": 9.688527537065427e-06,
      "time": 28.65245819091797,
      "sigma": 0.7,
      "epsilon": 0.018044421449303627,
      "n_leapfrog": 49,
      "n_warmup": 1000,
      "target_accept": 0.651,
      "cond": 31.62
    }
  }
}