{
  "dim": 16,
  "seed": 2,
  "condition_number": 50.0,
  "n_samples": 10000,
  "burn_in": 2000,
  "n_thin": 1,
  "n_chains": 150,
  "hwm_walkers_requested": 300,
  "jax_enable_x64": true,
  "af": false,
  "transform_affine": false,
  "summary": {
    "Dense-mass NUTS": {
      "distribution": "Gaussian",
      "tau": 1.0,
      "tau_std": 0.0,
      "ess": 1500000.0,
      "ess_by_coordinate": [
        1500000.0,
        1500000.0,
        1500000.0,
        1500000.0,
        1500000.0,
        1500000.0,
        1500000.0,
        1500000.0,
        1500000.0,
        1500000.0,
        1500000.0,
        1500000.0,
        1500000.0,
        1500000.0,
        1500000.0,
        1500000.0
      ],
      "ess_valid_fraction": [
        1.0,
        1.0,
        1.0,
        1.0,
        1.0,
        1.0,
        1.0,
        1.0,
        1.0,
        1.0,
        1.0,
        1.0,
        1.0,
        1.0,
        1.0,
        1.0
      ],
      "n_evaluations": 10389426.666666668,
      "evaluation_type": "gradient",
      "ess_per_eval": 0.14437755307639688,
      "time": 25.959611654281616,
      "sigma": 0.0,
      "epsilon": 0.6268721850879306,
      "n_leapfrog": 6.926284444444445,
      "n_warmup": 2000,
      "target_accept": 0.8,
      "gamma": 0.05,
      "t0": 10,
      "kappa": 0.75,
      "mean_mse": 4.114031123153125e-06,
      "cov_mse": 3.326058055793318e-05,
      "acceptance_rate_mean": 0.8778058844996712,
      "acceptance_rate_min": 0.8236154293970191,
      "acceptance_rate_max": 0.9129799534529777,
      "n_divergent": 0,
      "actual_n_chains": 150,
      "diagnostic_draws_per_chain": 200,
      "sample_finite_fraction": 1.0,
      "finite_draw_fraction": 1.0,
      "sample_covariance_rank": 16,
      "sample_covariance_full_rank": true
    },
    "Hamiltonian Walk Move": {
      "distribution": "Gaussian",
      "tau": 1.8790669419797599,
      "tau_std": 0.010051324924379506,
      "ess": 1596537.0540973064,
      "ess_by_coordinate": [
        1612012.3676233075,
        1605659.386492352,
        1613191.6114109429,
        1612613.186708325,
        1623626.041437043,
        1606838.5651555662,
        1615962.8353620428,
        1596690.9933045576,
        1605840.8353285403,
        1610690.2387810228,
        1604134.6222452554,
        1596751.1606050122,
        1606402.9893224998,
        1623628.878648585,
        1596537.0540973064,
        1622410.9807035197
      ],
      "ess_valid_fraction": [
        1.0,
        1.0,
        1.0,
        1.0,
        1.0,
        1.0,
        1.0,
        1.0,
        1.0,
        1.0,
        1.0,
        1.0,
        1.0,
        1.0,
        1.0,
        1.0
      ],
      "n_evaluations": 7688250.0,
      "evaluation_type": "gradient",
      "ess_per_eval": 0.20765935734364863,
      "time": 21.04454731941223,
      "sigma": 0.0,
      "epsilon": 0.954141637515811,
      "n_leapfrog": 1.5627499999999999,
      "n_warmup": 2000,
      "target_accept": 0.651,
      "gamma": 0.05,
      "t0": 10,
      "kappa": 0.75,
      "mean_mse": 6.9297979496317995e-06,
      "cov_mse": 1.4814080901206625e-05,
      "acceptance_rate_mean": 0.6524675000000001,
      "acceptance_rate_min": 0.6524675,
      "acceptance_rate_max": 0.6524675,
      "n_divergent": null,
      "actual_n_chains": 300,
      "diagnostic_draws_per_chain": 200,
      "sample_finite_fraction": 1.0,
      "finite_draw_fraction": 1.0,
      "sample_covariance_rank": 16,
      "sample_covariance_full_rank": true
    },
    "Stretch Move": {
      "distribution": "Gaussian",
      "tau": 137.89666783082959,
      "tau_std": 5.1575555970365485,
      "ess": 10877.710270999345,
      "ess_by_coordinate": [
        12108.717710715875,
        12307.465977900223,
        11289.032435476485,
        11897.827765042515,
        11829.949752462613,
        11479.367530009058,
        12014.427743124324,
        12285.005790022244,
        11210.27223433544,
        11140.085289648707,
        10877.710270999345,
        12018.64886489328,
        11402.230054096726,
        10927.820009040093,
        11391.136693792098,
        12034.261178679222
      ],
      "ess_valid_fraction": [
        0.9733333333333334,
        0.9466666666666667,
        0.94,
        0.9533333333333334,
        0.9666666666666667,
        0.94,
        0.94,
        0.96,
        0.9133333333333333,
        0.92,
        0.92,
        0.9533333333333334,
        0.9466666666666667,
        0.88,
        0.96,
        0.9733333333333334
      ],
      "n_evaluations": 1500000.0,
      "evaluation_type": "function",
      "ess_per_eval": 0.007251806847332897,
      "time": 4.805507183074951,
      "sigma": 0.0,
      "epsilon": 0.0,
      "n_leapfrog": null,
      "n_warmup": null,
      "target_accept": null,
      "gamma": null,
      "t0": null,
      "kappa": null,
      "mean_mse": 0.0004934944352545518,
      "cov_mse": 0.0011566011020212846,
      "acceptance_rate_mean": 0.5018533333333335,
      "acceptance_rate_min": 0.48725,
      "acceptance_rate_max": 0.51425,
      "n_divergent": null,
      "actual_n_chains": 150,
      "diagnostic_draws_per_chain": 200,
      "sample_finite_fraction": 1.0,
      "finite_draw_fraction": 1.0,
      "sample_covariance_rank": 16,
      "sample_covariance_full_rank": true
    },
    "HMC": {
      "distribution": "Gaussian",
      "tau": 2.330921559565369,
      "tau_std": 0.016644482854262958,
      "ess": 643522.2986567144,
      "ess_by_coordinate": [
        661061.3174159832,
        655377.8685602802,
        654477.8860799994,
        658996.0144211571,
        657241.0406805042,
        654406.5121286442,
        657296.6220554609,
        651677.5319264603,
        654682.9022623195,
        655725.5774431798,
        643522.2986567144,
        652131.7273364249,
        649914.8005827353,
        662124.697430317,
        646479.3689583554,
        654462.0631022018
      ],
      "ess_valid_fraction": [
        1.0,
        1.0,
        1.0,
        1.0,
        1.0,
        1.0,
        1.0,
        1.0,
        1.0,
        1.0,
        1.0,
        1.0,
        1.0,
        1.0,
        1.0,
        1.0
      ],
      "n_evaluations": 3557749.9999999995,
      "evaluation_type": "gradient",
      "ess_per_eval": 0.1808790102330727,
      "time": 12.504012107849121,
      "sigma": 0.0,
      "epsilon": 3.0643998864021236,
      "n_leapfrog": 1.3718333333333332,
      "n_warmup": 2000,
      "target_accept": 0.651,
      "gamma": 0.05,
      "t0": 10,
      "kappa": 0.75,
      "mean_mse": 1.818719338832525e-05,
      "cov_mse": 2.9685083365312464e-05,
      "acceptance_rate_mean": 0.6482866666666665,
      "acceptance_rate_min": 0.6482866666666667,
      "acceptance_rate_max": 0.6482866666666667,
      "n_divergent": null,
      "actual_n_chains": 150,
      "diagnostic_draws_per_chain": 200,
      "sample_finite_fraction": 1.0,
      "finite_draw_fraction": 1.0,
      "sample_covariance_rank": 16,
      "sample_covariance_full_rank": true
    }
  }
}