{
  "dim": 16,
  "seed": 2,
  "condition_number": 1,
  "n_samples": 10000,
  "burn_in": 1000,
  "n_thin": 1,
  "n_chains": 300,
  "af": false,
  "transform_affine": false,
  "summary": {
    "Dense-mass NUTS": {
      "distribution": "Gaussian",
      "tau": 1.0,
      "tau_std": 0.0,
      "ess": 3000000.0,
      "ess_by_coordinate": [
        3000000.0,
        3000000.0,
        3000000.0,
        3000000.0,
        3000000.0,
        3000000.0,
        3000000.0,
        3000000.0,
        3000000.0,
        3000000.0,
        3000000.0,
        3000000.0,
        3000000.0,
        3000000.0,
        3000000.0,
        3000000.0
      ],
      "ess_valid_fraction": [
        1.0,
        1.0,
        1.0,
        1.0,
        1.0,
        1.0,
        1.0,
        1.0,
        1.0,
        1.0,
        1.0,
        1.0,
        1.0,
        1.0,
        1.0,
        1.0
      ],
      "n_evaluations": 20818701.81818182,
      "evaluation_type": "gradient",
      "ess_per_eval": 0.1441012041096615,
      "time": 25.591766595840454,
      "sigma": 0.0,
      "epsilon": 0.6127832531929016,
      "n_leapfrog": 6.939567272727273,
      "n_warmup": 1000,
      "target_accept": 0.8,
      "gamma": 0.05,
      "t0": 10,
      "kappa": 0.75
    },
    "Hamiltonian Walk Move": {
      "distribution": "Gaussian",
      "tau": 5.244537826163475,
      "tau_std": 0.04673328151675663,
      "ess": 572023.7129445176,
      "ess_by_coordinate": [
        583585.7477983446,
        594418.2910731398,
        588141.0687588389,
        584807.5976145508,
        587958.8544979279,
        581863.1602985448,
        572023.7129445176,
        586492.2018973172,
        584267.444422375,
        583011.7899899429,
        592041.9770852551,
        584749.3109185118,
        590507.7781065645,
        580738.7238679247,
        591181.513704217,
        580225.7739444482
      ],
      "ess_valid_fraction": [
        1.0,
        1.0,
        1.0,
        1.0,
        1.0,
        1.0,
        1.0,
        1.0,
        1.0,
        1.0,
        1.0,
        1.0,
        1.0,
        1.0,
        1.0,
        1.0
      ],
      "n_evaluations": 6000000.0,
      "evaluation_type": "gradient",
      "ess_per_eval": 0.09533728549075293,
      "time": 13.44576382637024,
      "sigma": 0.0,
      "epsilon": 0.9320977330207825,
      "n_leapfrog": 1,
      "n_warmup": 1000,
      "target_accept": 0.651,
      "gamma": 0.05,
      "t0": 10,
      "kappa": 0.75
    },
    "Stretch Move": {
      "distribution": "Gaussian",
      "tau": 134.64689878048327,
      "tau_std": 3.4451122931575564,
      "ess": 22280.498304613327,
      "ess_by_coordinate": [
        24004.962978413983,
        24375.60547186211,
        23047.45115077425,
        23060.29390079232,
        24327.196813553477,
        23568.7553223728,
        23415.32100102942,
        23132.505807045876,
        23272.79246436668,
        23096.90009142272,
        23506.50443679867,
        23683.573574058744,
        23727.850229630563,
        22280.498304613327,
        22835.71632987045,
        24942.82506458555
      ],
      "ess_valid_fraction": [
        0.9566666666666667,
        0.9633333333333334,
        0.94,
        0.95,
        0.9533333333333334,
        0.9433333333333334,
        0.9566666666666667,
        0.96,
        0.94,
        0.9466666666666667,
        0.9566666666666667,
        0.9466666666666667,
        0.97,
        0.96,
        0.95,
        0.9433333333333334
      ],
      "n_evaluations": 3000000.0,
      "evaluation_type": "function",
      "ess_per_eval": 0.007426832768204442,
      "time": 6.630671739578247,
      "sigma": 0.0,
      "epsilon": 0.0,
      "n_leapfrog": null,
      "n_warmup": null,
      "target_accept": null,
      "gamma": null,
      "t0": null,
      "kappa": null
    },
    "HMC": {
      "distribution": "Gaussian",
      "tau": 446.32044750383864,
      "tau_std": 23.218292973941335,
      "ess": 6721.627962102718,
      "ess_by_coordinate": [
        6721.627962102718,
        8359.988956168994,
        8425.946723146986,
        7512.985120971225,
        8093.447535718652,
        8582.259834898536,
        8275.437792177498,
        8056.5819971543115,
        7705.413256268988,
        7559.113558213687,
        7672.379835539183,
        7765.6932190869475,
        7859.23616197411,
        8330.859165121085,
        8091.595711059663,
        8386.51788281984
      ],
      "ess_valid_fraction": [
        0.48,
        0.5733333333333334,
        0.5733333333333334,
        0.51,
        0.5466666666666666,
        0.5866666666666667,
        0.5533333333333333,
        0.5466666666666666,
        0.5533333333333333,
        0.5166666666666667,
        0.54,
        0.5333333333333333,
        0.5133333333333333,
        0.57,
        0.5666666666666667,
        0.57
      ],
      "n_evaluations": 9000000.0,
      "evaluation_type": "gradient",
      "ess_per_eval": 0.0007468475513447465,
      "time": 9.570223331451416,
      "sigma": 0.0,
      "epsilon": 0.10000000149011612,
      "n_leapfrog": 2,
      "n_warmup": 1000,
      "target_accept": 0.651,
      "gamma": 0.05,
      "t0": 10,
      "kappa": 0.75
    }
  }
}