{
  "dim": 16,
  "seed": 3,
  "condition_number": 50,
  "n_samples": 10000,
  "burn_in": 2000,
  "n_thin": 1,
  "n_chains": 150,
  "hwm_walkers_requested": 300,
  "jax_enable_x64": true,
  "af": false,
  "initialization_mode": "agnostic",
  "initialization_description": "independent N(0, 2^2) coordinates in the intrinsic Rosenbrock frame",
  "transform_affine": false,
  "overlay_rosenbrock": {
    "a": 1.0,
    "b": 100.0,
    "sigma": 1.5
  },
  "summary": {
    "Dense-mass NUTS": {
      "distribution": "Paired Rosenbrock",
      "tau": 5.111118968502116,
      "tau_std": 0.5621666374078194,
      "ess": 293477.8097015409,
      "ess_by_coordinate": [
        392911.37117624754,
        301985.21945739246,
        409907.97091893014,
        319923.8521941735,
        387318.3753294742,
        307840.0945098046,
        396800.4237231044,
        306535.21834957553,
        395923.3470800783,
        305533.4222839362,
        383772.4055355675,
        295734.7333868528,
        392204.22993315564,
        308776.3731298994,
        387293.75738951686,
        293477.8097015409
      ],
      "ess_valid_fraction": [
        1.0,
        1.0,
        1.0,
        1.0,
        1.0,
        1.0,
        1.0,
        0.9933333333333333,
        1.0,
        1.0,
        1.0,
        1.0,
        1.0,
        1.0,
        1.0,
        1.0
      ],
      "n_evaluations": 316702659.1666666,
      "evaluation_type": "gradient",
      "ess_per_eval": 0.0009266667052110115,
      "time": 338.9223201274872,
      "sigma": 1.5,
      "epsilon": 0.014956241200378069,
      "n_leapfrog": 211.1351061111111,
      "n_warmup": 2000,
      "target_accept": 0.8,
      "gamma": 0.05,
      "t0": 10,
      "kappa": 0.75,
      "mean_mse": 0.0002646176506028641,
      "cov_mse": 0.0007774592647557418,
      "acceptance_rate_mean": 0.8938381509677511,
      "acceptance_rate_min": 0.7403549092745079,
      "acceptance_rate_max": 0.963648641356629,
      "n_divergent": 3141,
      "actual_n_chains": 150,
      "diagnostic_draws_per_chain": 200,
      "sample_finite_fraction": 1.0,
      "finite_draw_fraction": 1.0,
      "sample_covariance_rank": 16,
      "sample_covariance_full_rank": true
    },
    "Hamiltonian Walk Move": {
      "distribution": "Paired Rosenbrock",
      "tau": 10.085928876313012,
      "tau_std": 0.9353237924077054,
      "ess": 297444.09630386694,
      "ess_by_coordinate": [
        398318.0305403891,
        338877.49396094936,
        406902.6231704604,
        318371.2781292285,
        389129.4598003277,
        332461.9620657391,
        397424.95490600064,
        339209.34987380716,
        396460.74238107103,
        327381.32207292167,
        402583.17598869896,
        301454.3869475538,
        391839.6028990601,
        325017.4293919845,
        390343.1189880971,
        297444.09630386694
      ],
      "ess_valid_fraction": [
        0.9933333333333333,
        0.99,
        0.9933333333333333,
        0.99,
        0.99,
        0.99,
        0.9933333333333333,
        0.9933333333333333,
        0.99,
        0.99,
        0.9933333333333333,
        0.9933333333333333,
        0.9866666666666667,
        0.9866666666666667,
        0.99,
        0.98
      ],
      "n_evaluations": 307412500.0,
      "evaluation_type": "gradient",
      "ess_per_eval": 0.0009675731998661959,
      "time": 124.71642804145813,
      "sigma": 1.5,
      "epsilon": 0.02567211927944006,
      "n_leapfrog": 101.47083333333333,
      "n_warmup": 2000,
      "target_accept": 0.651,
      "gamma": 0.05,
      "t0": 10,
      "kappa": 0.75,
      "mean_mse": 0.002282042673864186,
      "cov_mse": 0.007942447457252597,
      "acceptance_rate_mean": 0.6260224999999999,
      "acceptance_rate_min": 0.6260224999999999,
      "acceptance_rate_max": 0.6260224999999999,
      "n_divergent": null,
      "actual_n_chains": 300,
      "diagnostic_draws_per_chain": 200,
      "sample_finite_fraction": 1.0,
      "finite_draw_fraction": 1.0,
      "sample_covariance_rank": 16,
      "sample_covariance_full_rank": true
    },
    "Stretch Move": {
      "distribution": "Paired Rosenbrock",
      "tau": 2498.9993897727263,
      "tau_std": 440.24225704030255,
      "ess": 600.2402426102308,
      "ess_by_coordinate": [
        799.161923355584,
        1414.6066816771981,
        953.8023372504821,
        1474.9143636893325,
        734.5701412190475,
        1336.4029327674352,
        839.0794504785565,
        926.3706038047216,
        837.5277482805917,
        1042.1440424081447,
        600.2402426102308,
        1289.4176449356792,
        794.7117985007321,
        1674.464360521871,
        1013.5672508253256,
        1547.416533302383
      ],
      "ess_valid_fraction": [
        0.12666666666666668,
        0.21333333333333335,
        0.16666666666666666,
        0.22,
        0.12666666666666668,
        0.2,
        0.14,
        0.15333333333333332,
        0.14666666666666667,
        0.16666666666666666,
        0.10666666666666667,
        0.19333333333333333,
        0.13333333333333333,
        0.24666666666666667,
        0.16,
        0.24666666666666667
      ],
      "n_evaluations": 1500000.0,
      "evaluation_type": "function",
      "ess_per_eval": 0.00040016016174015387,
      "time": 6.539148569107056,
      "sigma": 1.5,
      "epsilon": 0.0,
      "n_leapfrog": null,
      "n_warmup": null,
      "target_accept": null,
      "gamma": null,
      "t0": null,
      "kappa": null,
      "mean_mse": 3.034956955564476,
      "cov_mse": 0.8589738382552128,
      "acceptance_rate_mean": 0.13223,
      "acceptance_rate_min": 0.09158333333333334,
      "acceptance_rate_max": 0.16925,
      "n_divergent": null,
      "actual_n_chains": 150,
      "diagnostic_draws_per_chain": 200,
      "sample_finite_fraction": 1.0,
      "finite_draw_fraction": 1.0,
      "sample_covariance_rank": 16,
      "sample_covariance_full_rank": true
    },
    "HMC": {
      "distribution": "Paired Rosenbrock",
      "tau": 166.14946794241934,
      "tau_std": 7.2672601601093865,
      "ess": 9028.01566911932,
      "ess_by_coordinate": [
        11092.390460303628,
        10199.678122169062,
        10297.336671852932,
        9762.247873313861,
        10364.694880223522,
        9641.980080279907,
        10574.696249007126,
        10144.12741789341,
        9943.149191024047,
        9679.737016658313,
        10893.611483047087,
        9028.01566911932,
        10111.1907538012,
        10030.621197338518,
        10599.077036378108,
        10060.69659396194
      ],
      "ess_valid_fraction": [
        0.9133333333333333,
        0.8866666666666667,
        0.8533333333333334,
        0.8333333333333334,
        0.8733333333333333,
        0.8266666666666667,
        0.88,
        0.8533333333333334,
        0.8533333333333334,
        0.8266666666666667,
        0.9,
        0.8466666666666667,
        0.84,
        0.9,
        0.8733333333333333,
        0.8733333333333333
      ],
      "n_evaluations": 26364750.0,
      "evaluation_type": "gradient",
      "ess_per_eval": 0.00034242750904595417,
      "time": 18.672457218170166,
      "sigma": 1.5,
      "epsilon": 0.04063610940016848,
      "n_leapfrog": 16.5765,
      "n_warmup": 2000,
      "target_accept": 0.651,
      "gamma": 0.05,
      "t0": 10,
      "kappa": 0.75,
      "mean_mse": 0.11682860846495968,
      "cov_mse": 0.19779969780812262,
      "acceptance_rate_mean": 0.62626,
      "acceptance_rate_min": 0.6262599999999999,
      "acceptance_rate_max": 0.6262599999999999,
      "n_divergent": null,
      "actual_n_chains": 150,
      "diagnostic_draws_per_chain": 200,
      "sample_finite_fraction": 1.0,
      "finite_draw_fraction": 1.0,
      "sample_covariance_rank": 16,
      "sample_covariance_full_rank": true
    }
  }
}