{
  "dim": 16,
  "seed": 3,
  "condition_number": 50,
  "n_samples": 10000,
  "burn_in": 1000,
  "n_thin": 1,
  "n_chains": 16,
  "af": false,
  "initialization_mode": "agnostic",
  "initialization_description": "independent N(0, 2^2) coordinates in the intrinsic Rosenbrock frame",
  "transform_affine": false,
  "overlay_rosenbrock": {
    "a": 1.0,
    "b": 100.0,
    "sigma": 0.7
  },
  "summary": {
    "Dense-mass NUTS": {
      "distribution": "Paired Rosenbrock",
      "tau": 8.903131638501879,
      "tau_std": 0.7905380755304656,
      "ess": 17971.204571217935,
      "ess_by_coordinate": [
        20335.783943761984,
        17971.204571217935,
        21419.401641986806,
        19356.891082087004,
        24036.434899819127,
        20770.465751704443,
        22283.29771518423,
        22451.172322026774,
        23415.780084766782,
        20559.524895124498,
        24071.831699744595,
        22553.535621715764,
        27969.334492390888,
        26153.929749124327,
        20523.763751009785,
        20029.754097607598
      ],
      "ess_valid_fraction": [
        0.5625,
        0.5625,
        0.5625,
        0.5625,
        0.5625,
        0.625,
        0.625,
        0.625,
        0.5625,
        0.5625,
        0.5625,
        0.5625,
        0.625,
        0.625,
        0.5625,
        0.625
      ],
      "n_evaluations": 30712979.999999996,
      "evaluation_type": "gradient",
      "ess_per_eval": 0.0005851338610326298,
      "time": 251.54809284210205,
      "sigma": 0.7,
      "epsilon": 9.670347935752943e-05,
      "n_leapfrog": 191.956125,
      "n_warmup": 1000,
      "target_accept": 0.8,
      "gamma": 0.05,
      "t0": 10,
      "kappa": 0.75
    },
    "Hamiltonian Walk Move": {
      "distribution": "Paired Rosenbrock",
      "tau": 177.19354559704516,
      "tau_std": 19.247976053352065,
      "ess": 902.967427289113,
      "ess_by_coordinate": [
        911.6744521599301,
        902.967427289113,
        991.1984230369449,
        1117.173678359374,
        1286.0741429253117,
        1467.1965953508711,
        1098.6157799050543,
        1053.1912532570504,
        973.2371825335714,
        1148.576404519597,
        1133.8683081099684,
        1172.4307387782399,
        1289.2958160033738,
        1397.4551278148906,
        1042.9961511435272,
        1117.0598040422744
      ],
      "ess_valid_fraction": [
        0.875,
        0.8125,
        0.75,
        0.875,
        1.0,
        1.0,
        0.9375,
        0.875,
        0.875,
        1.0,
        1.0,
        0.9375,
        1.0,
        1.0,
        0.9375,
        0.9375
      ],
      "n_evaluations": 8800000.0,
      "evaluation_type": "gradient",
      "ess_per_eval": 0.00010260993491921738,
      "time": 51.062126874923706,
      "sigma": 0.7,
      "epsilon": 0.030873719602823257,
      "n_leapfrog": 54,
      "n_warmup": 1000,
      "target_accept": 0.651,
      "gamma": 0.05,
      "t0": 10,
      "kappa": 0.75
    },
    "Stretch Move": {
      "distribution": "Paired Rosenbrock",
      "tau": 5238.179035731354,
      "tau_std": 1153.6103439530577,
      "ess": 30.544965895321067,
      "ess_by_coordinate": [
        30.544965895321067,
        220.05891888130043,
        88.89103305155984,
        67.25112419561344,
        45.33791960852806,
        106.63771635363143,
        114.60855000426344,
        98.25268061418672,
        83.2449751211419,
        211.51080855021758,
        46.137196108260284,
        232.5120995770323,
        77.44789160429445,
        105.33593262566961,
        74.09713135178407,
        61.96456416736552
      ],
      "ess_valid_fraction": [
        0.0625,
        0.3125,
        0.125,
        0.125,
        0.0625,
        0.125,
        0.1875,
        0.125,
        0.125,
        0.3125,
        0.0625,
        0.375,
        0.125,
        0.1875,
        0.0625,
        0.125
      ],
      "n_evaluations": 160000.0,
      "evaluation_type": "function",
      "ess_per_eval": 0.00019090603684575666,
      "time": 0.9510500431060791,
      "sigma": 0.7,
      "epsilon": 0.0,
      "n_leapfrog": null,
      "n_warmup": null,
      "target_accept": null,
      "gamma": null,
      "t0": null,
      "kappa": null
    },
    "HMC": {
      "distribution": "Paired Rosenbrock",
      "tau": 2.513713741619187,
      "tau_std": 0.2971272225619978,
      "ess": 63650.843511297106,
      "ess_by_coordinate": [
        88360.43819923804,
        67565.83893018219,
        89975.21946447721,
        70578.41543771114,
        87002.9491320281,
        67200.07790897024,
        85805.18008540076,
        66520.12883803913,
        84757.86860762474,
        63761.49800386725,
        88474.2659337922,
        66204.26917905372,
        87035.65958158209,
        63650.843511297106,
        90445.65256161976,
        66814.40011320976
      ],
      "ess_valid_fraction": [
        1.0,
        1.0,
        1.0,
        1.0,
        1.0,
        1.0,
        1.0,
        1.0,
        1.0,
        1.0,
        1.0,
        1.0,
        1.0,
        1.0,
        1.0,
        1.0
      ],
      "n_evaluations": 143520000.0,
      "evaluation_type": "gradient",
      "ess_per_eval": 0.00044349807351795644,
      "time": 206.23814415931702,
      "sigma": 0.7,
      "epsilon": 0.007661301176995039,
      "n_leapfrog": 896,
      "n_warmup": 1000,
      "target_accept": 0.651,
      "gamma": 0.05,
      "t0": 10,
      "kappa": 0.75
    }
  }
}