{
  "dim": 2,
  "seed": 1,
  "condition_number": 50,
  "n_samples": 10000,
  "burn_in": 2000,
  "n_thin": 1,
  "n_chains": 150,
  "hwm_walkers_requested": 300,
  "jax_enable_x64": true,
  "af": false,
  "initialization_mode": "agnostic",
  "initialization_description": "independent N(0, 2^2) coordinates in the intrinsic Rosenbrock frame",
  "transform_affine": false,
  "overlay_rosenbrock": {
    "a": 1.0,
    "b": 100.0,
    "sigma": 1.5
  },
  "summary": {
    "Dense-mass NUTS": {
      "distribution": "Paired Rosenbrock",
      "tau": 30.55221860432991,
      "tau_std": 2.898925713809003,
      "ess": 49096.27086091279,
      "ess_by_coordinate": [
        49096.27086091279,
        60595.36845729391
      ],
      "ess_valid_fraction": [
        0.82,
        0.8933333333333333
      ],
      "n_evaluations": 37043487.5,
      "evaluation_type": "gradient",
      "ess_per_eval": 0.001325368483756093,
      "time": 3641.819017648697,
      "sigma": 1.5,
      "epsilon": 0.08403522460141256,
      "n_leapfrog": 24.695658333333334,
      "n_warmup": 2000,
      "target_accept": 0.8,
      "gamma": 0.05,
      "t0": 10,
      "kappa": 0.75,
      "mean_mse": 0.0651718953730201,
      "cov_mse": 0.07760849454830752,
      "acceptance_rate_mean": 0.7771537271391452,
      "acceptance_rate_min": 0.05931799419235724,
      "acceptance_rate_max": 0.9837432604244714,
      "n_divergent": 44762,
      "actual_n_chains": 150,
      "diagnostic_draws_per_chain": 200,
      "sample_finite_fraction": 1.0,
      "finite_draw_fraction": 1.0,
      "sample_covariance_rank": 2,
      "sample_covariance_full_rank": true
    },
    "Hamiltonian Walk Move": {
      "distribution": "Paired Rosenbrock",
      "tau": 186.69257368195974,
      "tau_std": 3.0974599724579264,
      "ess": 16069.198366243812,
      "ess_by_coordinate": [
        16069.198366243812,
        16620.7146624217
      ],
      "ess_valid_fraction": [
        0.6366666666666667,
        0.6133333333333333
      ],
      "n_evaluations": 13631000.0,
      "evaluation_type": "gradient",
      "ess_per_eval": 0.0011788715696752852,
      "time": 106.83994507789612,
      "sigma": 1.5,
      "epsilon": 0.09042677479975195,
      "n_leapfrog": 3.5436666666666667,
      "n_warmup": 2000,
      "target_accept": 0.651,
      "gamma": 0.05,
      "t0": 10,
      "kappa": 0.75,
      "mean_mse": 1.1094465439896029,
      "cov_mse": 0.6204208393911317,
      "acceptance_rate_mean": 0.5051005555555556,
      "acceptance_rate_min": 0.5051005555555556,
      "acceptance_rate_max": 0.5051005555555556,
      "n_divergent": null,
      "actual_n_chains": 300,
      "diagnostic_draws_per_chain": 200,
      "sample_finite_fraction": 1.0,
      "finite_draw_fraction": 1.0,
      "sample_covariance_rank": 2,
      "sample_covariance_full_rank": true
    },
    "Stretch Move": {
      "distribution": "Paired Rosenbrock",
      "tau": 381.8946747344129,
      "tau_std": 42.661188583708764,
      "ess": 3927.784541754003,
      "ess_by_coordinate": [
        3927.784541754003,
        5057.7886481833375
      ],
      "ess_valid_fraction": [
        0.52,
        0.5866666666666667
      ],
      "n_evaluations": 1500000.0,
      "evaluation_type": "function",
      "ess_per_eval": 0.002618523027836002,
      "time": 1.3248717784881592,
      "sigma": 1.5,
      "epsilon": 0.0,
      "n_leapfrog": null,
      "n_warmup": null,
      "target_accept": null,
      "gamma": null,
      "t0": null,
      "kappa": null,
      "mean_mse": 0.0016081473536691553,
      "cov_mse": 0.012988284478256699,
      "acceptance_rate_mean": 0.2615538888888889,
      "acceptance_rate_min": 0.05991666666666667,
      "acceptance_rate_max": 0.3095,
      "n_divergent": null,
      "actual_n_chains": 150,
      "diagnostic_draws_per_chain": 200,
      "sample_finite_fraction": 1.0,
      "finite_draw_fraction": 1.0,
      "sample_covariance_rank": 2,
      "sample_covariance_full_rank": true
    },
    "HMC": {
      "distribution": "Paired Rosenbrock",
      "tau": 258.0423156945786,
      "tau_std": 8.238238284505954,
      "ess": 5813.000073117522,
      "ess_by_coordinate": [
        6209.48725792431,
        5813.000073117522
      ],
      "ess_valid_fraction": [
        0.5933333333333334,
        0.54
      ],
      "n_evaluations": 5215750.0,
      "evaluation_type": "gradient",
      "ess_per_eval": 0.0011145089532890807,
      "time": 84.93079900741577,
      "sigma": 1.5,
      "epsilon": 0.10138506083786324,
      "n_leapfrog": 2.4771666666666667,
      "n_warmup": 2000,
      "target_accept": 0.651,
      "gamma": 0.05,
      "t0": 10,
      "kappa": 0.75,
      "mean_mse": 1.5806511234727947,
      "cov_mse": 0.7410134055909803,
      "acceptance_rate_mean": 0.605922222222222,
      "acceptance_rate_min": 0.6059222222222221,
      "acceptance_rate_max": 0.6059222222222221,
      "n_divergent": null,
      "actual_n_chains": 150,
      "diagnostic_draws_per_chain": 200,
      "sample_finite_fraction": 1.0,
      "finite_draw_fraction": 1.0,
      "sample_covariance_rank": 2,
      "sample_covariance_full_rank": true
    }
  }
}