{
  "dim": 2,
  "seed": 1,
  "condition_number": 50,
  "n_samples": 10000,
  "burn_in": 1000,
  "n_thin": 1,
  "n_chains": 16,
  "af": false,
  "initialization_mode": "agnostic",
  "initialization_description": "independent N(0, 2^2) coordinates in the intrinsic Rosenbrock frame",
  "transform_affine": false,
  "overlay_rosenbrock": {
    "a": 1.0,
    "b": 100.0,
    "sigma": 0.7
  },
  "summary": {
    "Dense-mass NUTS": {
      "distribution": "Paired Rosenbrock",
      "tau": 25.981919835852747,
      "tau_std": 0.7394606445706575,
      "ess": 6158.128460515615,
      "ess_by_coordinate": [
        6158.128460515615,
        6529.813063286238
      ],
      "ess_valid_fraction": [
        0.875,
        0.8125
      ],
      "n_evaluations": 2337600.0,
      "evaluation_type": "gradient",
      "ess_per_eval": 0.0026343807582630114,
      "time": 58.44434118270874,
      "sigma": 0.7,
      "epsilon": 0.06907135993242264,
      "n_leapfrog": 14.61,
      "n_warmup": 1000,
      "target_accept": 0.8,
      "gamma": 0.05,
      "t0": 10,
      "kappa": 0.75
    },
    "Hamiltonian Walk Move": {
      "distribution": "Paired Rosenbrock",
      "tau": 1900.9217330788613,
      "tau_std": 264.66629160239415,
      "ess": 84.16969368899433,
      "ess_by_coordinate": [
        84.16969368899433,
        116.65300794679644
      ],
      "ess_valid_fraction": [
        0.125,
        0.1875
      ],
      "n_evaluations": 160000.0,
      "evaluation_type": "gradient",
      "ess_per_eval": 0.0005260605855562146,
      "time": 12.01476788520813,
      "sigma": 0.7,
      "epsilon": 0.078514464199543,
      "n_leapfrog": 0,
      "n_warmup": 1000,
      "target_accept": 0.651,
      "gamma": 0.05,
      "t0": 10,
      "kappa": 0.75
    },
    "Stretch Move": {
      "distribution": "Paired Rosenbrock",
      "tau": 283.76350530934525,
      "tau_std": 32.083747954128484,
      "ess": 563.8498150971731,
      "ess_by_coordinate": [
        563.8498150971731,
        728.6106903143344
      ],
      "ess_valid_fraction": [
        0.6875,
        0.8125
      ],
      "n_evaluations": 160000.0,
      "evaluation_type": "function",
      "ess_per_eval": 0.0035240613443573315,
      "time": 0.8669455051422119,
      "sigma": 0.7,
      "epsilon": 0.0,
      "n_leapfrog": null,
      "n_warmup": null,
      "target_accept": null,
      "gamma": null,
      "t0": null,
      "kappa": null
    },
    "HMC": {
      "distribution": "Paired Rosenbrock",
      "tau": 156.91865605743257,
      "tau_std": 1.9140595049233724,
      "ess": 1019.6365685252852,
      "ess_by_coordinate": [
        1045.1331812250844,
        1019.6365685252852
      ],
      "ess_valid_fraction": [
        0.875,
        0.8125
      ],
      "n_evaluations": 1280000.0,
      "evaluation_type": "gradient",
      "ess_per_eval": 0.0007965910691603791,
      "time": 9.209498643875122,
      "sigma": 0.7,
      "epsilon": 0.034606002271175385,
      "n_leapfrog": 7,
      "n_warmup": 1000,
      "target_accept": 0.651,
      "gamma": 0.05,
      "t0": 10,
      "kappa": 0.75
    }
  }
}