{
  "dim": 4,
  "seed": 2,
  "condition_number": 50,
  "n_samples": 10000,
  "burn_in": 2000,
  "n_thin": 1,
  "n_chains": 150,
  "hwm_walkers_requested": 300,
  "jax_enable_x64": true,
  "af": false,
  "initialization_mode": "agnostic",
  "initialization_description": "independent N(0, 2^2) coordinates in the intrinsic Rosenbrock frame",
  "transform_affine": false,
  "overlay_rosenbrock": {
    "a": 1.0,
    "b": 100.0,
    "sigma": 1.5
  },
  "summary": {
    "Dense-mass NUTS": {
      "distribution": "Paired Rosenbrock",
      "tau": 11.99112819764369,
      "tau_std": 0.28171194658453425,
      "ess": 125092.48298210645,
      "ess_by_coordinate": [
        126780.40253476735,
        127599.77661435552,
        133462.2323895747,
        125092.48298210645
      ],
      "ess_valid_fraction": [
        0.96,
        0.9533333333333334,
        0.94,
        0.9533333333333334
      ],
      "n_evaluations": 95460578.33333333,
      "evaluation_type": "gradient",
      "ess_per_eval": 0.0013104098588770663,
      "time": 377.72536420822144,
      "sigma": 1.5,
      "epsilon": 0.046500499124456765,
      "n_leapfrog": 63.640385555555554,
      "n_warmup": 2000,
      "target_accept": 0.8,
      "gamma": 0.05,
      "t0": 10,
      "kappa": 0.75,
      "mean_mse": 0.005785909295187219,
      "cov_mse": 0.019846546889359395,
      "acceptance_rate_mean": 0.831906334801579,
      "acceptance_rate_min": 0.10133472342477998,
      "acceptance_rate_max": 0.9741591052465457,
      "n_divergent": 32239,
      "actual_n_chains": 150,
      "diagnostic_draws_per_chain": 200,
      "sample_finite_fraction": 1.0,
      "finite_draw_fraction": 1.0,
      "sample_covariance_rank": 4,
      "sample_covariance_full_rank": true
    },
    "Hamiltonian Walk Move": {
      "distribution": "Paired Rosenbrock",
      "tau": 906.3199235432845,
      "tau_std": 134.26198424035144,
      "ess": 3310.089430972025,
      "ess_by_coordinate": [
        3310.089430972025,
        4552.339886664885,
        3537.202237757293,
        5195.430296495708
      ],
      "ess_valid_fraction": [
        0.26,
        0.33,
        0.27,
        0.37
      ],
      "n_evaluations": 3000000.0,
      "evaluation_type": "gradient",
      "ess_per_eval": 0.0011033631436573417,
      "time": 18.462965726852417,
      "sigma": 1.5,
      "epsilon": 0.06961966772727,
      "n_leapfrog": 0.0,
      "n_warmup": 2000,
      "target_accept": 0.651,
      "gamma": 0.05,
      "t0": 10,
      "kappa": 0.75,
      "mean_mse": 0.4416994069537896,
      "cov_mse": 0.3789093751432214,
      "acceptance_rate_mean": 0.48557,
      "acceptance_rate_min": 0.48556999999999995,
      "acceptance_rate_max": 0.48556999999999995,
      "n_divergent": null,
      "actual_n_chains": 300,
      "diagnostic_draws_per_chain": 200,
      "sample_finite_fraction": 1.0,
      "finite_draw_fraction": 1.0,
      "sample_covariance_rank": 4,
      "sample_covariance_full_rank": true
    },
    "Stretch Move": {
      "distribution": "Paired Rosenbrock",
      "tau": 950.5510166232937,
      "tau_std": 149.9234532153054,
      "ess": 1578.0320822006493,
      "ess_by_coordinate": [
        1578.0320822006493,
        2213.4825948602397,
        1645.9773241998666,
        2509.0125994751534
      ],
      "ess_valid_fraction": [
        0.24666666666666667,
        0.3333333333333333,
        0.26,
        0.37333333333333335
      ],
      "n_evaluations": 1500000.0,
      "evaluation_type": "function",
      "ess_per_eval": 0.0010520213881337662,
      "time": 1.493661642074585,
      "sigma": 1.5,
      "epsilon": 0.0,
      "n_leapfrog": null,
      "n_warmup": null,
      "target_accept": null,
      "gamma": null,
      "t0": null,
      "kappa": null,
      "mean_mse": 0.04898530702889553,
      "cov_mse": 0.060307538132341194,
      "acceptance_rate_mean": 0.14107000000000003,
      "acceptance_rate_min": 0.05558333333333333,
      "acceptance_rate_max": 0.18191666666666667,
      "n_divergent": null,
      "actual_n_chains": 150,
      "diagnostic_draws_per_chain": 200,
      "sample_finite_fraction": 1.0,
      "finite_draw_fraction": 1.0,
      "sample_covariance_rank": 4,
      "sample_covariance_full_rank": true
    },
    "HMC": {
      "distribution": "Paired Rosenbrock",
      "tau": 94.40373512877353,
      "tau_std": 5.451727673416211,
      "ess": 15889.201819757358,
      "ess_by_coordinate": [
        15889.201819757358,
        16965.84497386753,
        18868.090060853072,
        16600.694199966485
      ],
      "ess_valid_fraction": [
        0.7933333333333333,
        0.7733333333333333,
        0.8266666666666667,
        0.8133333333333334
      ],
      "n_evaluations": 17204375.0,
      "evaluation_type": "gradient",
      "ess_per_eval": 0.0009235558873691929,
      "time": 15.087488174438477,
      "sigma": 1.5,
      "epsilon": 0.07128186400849404,
      "n_leapfrog": 10.469583333333333,
      "n_warmup": 2000,
      "target_accept": 0.651,
      "gamma": 0.05,
      "t0": 10,
      "kappa": 0.75,
      "mean_mse": 1.301549054831323,
      "cov_mse": 0.7054343087171516,
      "acceptance_rate_mean": 0.5929111111111112,
      "acceptance_rate_min": 0.592911111111111,
      "acceptance_rate_max": 0.592911111111111,
      "n_divergent": null,
      "actual_n_chains": 150,
      "diagnostic_draws_per_chain": 200,
      "sample_finite_fraction": 1.0,
      "finite_draw_fraction": 1.0,
      "sample_covariance_rank": 4,
      "sample_covariance_full_rank": true
    }
  }
}