{
  "dim": 32,
  "seed": 0,
  "n_samples": 10000,
  "burn_in": 1000,
  "n_thin": 1,
  "n_chains": 100,
  "af": true,
  "initialization_mode": "agnostic",
  "initialization_description": "independent N(0, 2^2) coordinates in the intrinsic Rosenbrock frame",
  "transform_affine": true,
  "overlay_rosenbrock": {
    "a": 1.0,
    "b": 100.0,
    "sigma": 0.7
  },
  "summary": {
    "Dense-mass NUTS": {
      "distribution": "Paired Rosenbrock",
      "tau": 23590.42437295704,
      "tau_std": 3965.9756058861185,
      "ess": 42.39008100025336,
      "ess_by_coordinate": [
        407.4377551816489,
        329.2756147215,
        229.44828982297318,
        78.22328572437158,
        221.205006258541,
        413.5435503524318,
        42.39008100025336,
        158.9910921493816,
        306.04412359340347,
        152.40856561639498,
        178.13118619291035,
        302.90684462416704,
        250.60520382633615,
        253.50907128346387,
        352.70069885099286,
        270.23452957401884,
        144.81795073591394,
        213.49576249968248,
        239.63391962384893,
        482.73182387370815,
        361.8637630410773,
        289.050862635988,
        328.37542438722585,
        489.1743143736457,
        356.2064963211365,
        429.88959617237964,
        347.32773304074937,
        300.7887834408746,
        345.5597771789909,
        185.46305752826711,
        419.9073300551265,
        276.8825643711275
      ],
      "ess_valid_fraction": [
        0.09,
        0.09,
        0.06,
        0.02,
        0.06,
        0.1,
        0.01,
        0.04,
        0.08,
        0.04,
        0.04,
        0.08,
        0.06,
        0.06,
        0.08,
        0.07,
        0.04,
        0.06,
        0.06,
        0.12,
        0.09,
        0.08,
        0.08,
        0.1,
        0.07,
        0.11,
        0.09,
        0.07,
        0.09,
        0.05,
        0.09,
        0.06
      ],
      "n_evaluations": 255000000.0,
      "evaluation_type": "gradient",
      "ess_per_eval": 1.6623561176569944e-07,
      "time": 277.5046453475952,
      "sigma": 0.7,
      "epsilon": 0.0015768097946420312,
      "n_leapfrog": 255.0,
      "n_warmup": 1000,
      "target_accept": 0.8,
      "cond": 316.2
    },
    "Hamiltonian Walk Move": {
      "distribution": "Paired Rosenbrock",
      "tau": 2301.490068269736,
      "tau_std": 424.4910350057974,
      "ess": 434.5011146416989,
      "ess_by_coordinate": [
        745.9208479182777,
        1218.1833538499932,
        548.5393656772642,
        1222.068720373323,
        766.3646424199263,
        1294.1908191584475,
        676.2727925187821,
        1556.8451244054543,
        774.6892329168475,
        1026.487025465985,
        450.60291701095446,
        801.2876985936391,
        586.6594609056056,
        1303.8993308227712,
        1015.6723749740588,
        1209.3287233722967,
        757.7986566702015,
        1100.3312963319424,
        893.985255110605,
        1271.0146205986835,
        622.5857181149913,
        1444.568191526778,
        757.9868856394045,
        1268.5192239097678,
        720.6526381210227,
        1110.3256685532822,
        657.5642051569394,
        1147.8084547707704,
        712.2407846173434,
        1384.9825282588322,
        434.5011146416989,
        1083.714556444234
      ],
      "ess_valid_fraction": [
        0.18,
        0.26,
        0.14,
        0.28,
        0.18,
        0.28,
        0.17,
        0.34,
        0.19,
        0.24,
        0.11,
        0.16,
        0.16,
        0.28,
        0.22,
        0.27,
        0.18,
        0.26,
        0.21,
        0.28,
        0.15,
        0.32,
        0.19,
        0.28,
        0.18,
        0.25,
        0.14,
        0.23,
        0.18,
        0.3,
        0.1,
        0.23
      ],
      "n_evaluations": 1000000.0,
      "evaluation_type": "gradient",
      "ess_per_eval": 0.0004345011146416989,
      "time": 18.578781366348267,
      "sigma": 0.7,
      "epsilon": 0.08975134789943695,
      "n_leapfrog": 0,
      "n_warmup": 1000,
      "target_accept": 0.651,
      "cond": 316.2
    },
    "Stretch Move": {
      "distribution": "Paired Rosenbrock",
      "tau": 3984.3524738729648,
      "tau_std": 736.1817727759769,
      "ess": 250.9818111116952,
      "ess_by_coordinate": [
        349.4623436001439,
        861.1599563047943,
        493.9337585420056,
        1131.8197016140316,
        472.7501351376916,
        1201.4060973896856,
        250.9818111116952,
        663.9663237289678,
        476.7863540376745,
        827.6758598411113,
        501.065812637038,
        797.1252220667952,
        301.0920915624385,
        736.7353232082867,
        537.7604965172811,
        838.6764947082205,
        569.2456293335482,
        1156.8624650499817,
        733.1237652781194,
        1034.9507748590204,
        701.3193454838993,
        1159.094500932718,
        543.47270848448,
        1089.1175652187032,
        442.6594554177411,
        460.56174250539755,
        375.06094944745337,
        600.5135306012161,
        837.9047177783849,
        693.9043197198642,
        513.6702053947608,
        954.7209453481636
      ],
      "ess_valid_fraction": [
        0.09,
        0.2,
        0.12,
        0.23,
        0.12,
        0.27,
        0.07,
        0.16,
        0.13,
        0.18,
        0.11,
        0.19,
        0.07,
        0.17,
        0.12,
        0.19,
        0.13,
        0.26,
        0.17,
        0.24,
        0.17,
        0.28,
        0.14,
        0.23,
        0.11,
        0.11,
        0.09,
        0.13,
        0.21,
        0.14,
        0.14,
        0.22
      ],
      "n_evaluations": 1000000.0,
      "evaluation_type": "function",
      "ess_per_eval": 0.0002509818111116952,
      "time": 4.191494464874268,
      "sigma": 0.7,
      "epsilon": 0.0,
      "n_leapfrog": null,
      "n_warmup": null,
      "target_accept": null,
      "cond": 316.2
    },
    "HMC": {
      "distribution": "Paired Rosenbrock",
      "tau": 3626.432371184055,
      "tau_std": 850.5665905081889,
      "ess": 275.7531087429305,
      "ess_by_coordinate": [
        1481.641175427389,
        1705.0418192262089,
        1280.1301059060354,
        1399.931098264689,
        604.616226976054,
        1136.1714180156223,
        789.0746491103652,
        1268.022776848109,
        783.6741157986462,
        973.1858480722883,
        366.79503494139965,
        1113.4228658437783,
        471.00447126985665,
        1078.5920750469347,
        337.2325245326167,
        794.7110208383097,
        352.6863785997413,
        584.5888328381661,
        567.8165570247688,
        747.3858007605305,
        673.3229153442612,
        398.9743469641552,
        443.77215350805676,
        442.607378087729,
        339.767420998201,
        339.6873551367033,
        447.5212685580427,
        481.3880933337032,
        368.31627434432596,
        472.3501076628769,
        275.7531087429305,
        329.8867168950329
      ],
      "ess_valid_fraction": [
        0.33,
        0.34,
        0.25,
        0.29,
        0.13,
        0.25,
        0.19,
        0.28,
        0.2,
        0.25,
        0.11,
        0.27,
        0.13,
        0.25,
        0.09,
        0.18,
        0.09,
        0.14,
        0.14,
        0.19,
        0.16,
        0.1,
        0.12,
        0.13,
        0.09,
        0.09,
        0.11,
        0.11,
        0.09,
        0.12,
        0.07,
        0.08
      ],
      "n_evaluations": 1001000000.0,
      "evaluation_type": "gradient",
      "ess_per_eval": 2.754776311118187e-07,
      "time": 358.00147247314453,
      "sigma": 0.7,
      "epsilon": 0.0001749304647091776,
      "n_leapfrog": 1000,
      "n_warmup": 1000,
      "target_accept": 0.651,
      "cond": 316.2
    }
  }
}