{
  "dim": 32,
  "seed": 0,
  "n_samples": 10000,
  "burn_in": 2000,
  "n_thin": 1,
  "n_chains": 100,
  "hwm_walkers_requested": 300,
  "jax_enable_x64": true,
  "af": true,
  "initialization_mode": "agnostic",
  "initialization_description": "independent N(0, 2^2) coordinates in the intrinsic Rosenbrock frame",
  "transform_affine": true,
  "overlay_rosenbrock": {
    "a": 1.0,
    "b": 100.0,
    "sigma": 1.5
  },
  "summary": {
    "Dense-mass NUTS": {
      "distribution": "Paired Rosenbrock",
      "tau": 104.99664022451088,
      "tau_std": 24.81890282282544,
      "ess": 9524.114275101876,
      "ess_by_coordinate": [
        292834.41056052095,
        223630.28207342478,
        280508.09767920803,
        227112.19353768718,
        301231.29062545934,
        228481.01155231518,
        272233.6271049799,
        216869.96865778483,
        271005.7762848759,
        208642.9780454852,
        252695.20972206275,
        197447.46811372138,
        207950.57374628028,
        168589.5534372304,
        200812.67570890262,
        155781.42808786163,
        167771.7649212762,
        138508.2456083417,
        139915.83389880776,
        111100.02918223546,
        103270.00747780826,
        82286.82571741343,
        63219.536618581755,
        52465.43314616377,
        38195.81159625083,
        30679.90705516965,
        28488.926674951337,
        24255.590200844294,
        21294.162343280645,
        18843.974892051763,
        10884.437137835608,
        9524.114275101876
      ],
      "ess_valid_fraction": [
        1.0,
        1.0,
        1.0,
        1.0,
        1.0,
        1.0,
        1.0,
        1.0,
        1.0,
        1.0,
        1.0,
        1.0,
        1.0,
        1.0,
        1.0,
        1.0,
        1.0,
        1.0,
        0.99,
        0.99,
        1.0,
        1.0,
        0.98,
        0.98,
        0.99,
        0.98,
        0.95,
        0.95,
        0.89,
        0.91,
        0.78,
        0.79
      ],
      "n_evaluations": 253020237.5,
      "evaluation_type": "gradient",
      "ess_per_eval": 3.764170949014257e-05,
      "time": 336.69623947143555,
      "sigma": 1.5,
      "epsilon": 0.011775940836452267,
      "n_leapfrog": 253.0202375,
      "n_warmup": 2000,
      "target_accept": 0.8,
      "cond": 316.2,
      "mean_mse": 0.0004214398368011493,
      "cov_mse": 0.0019052112487630574,
      "acceptance_rate_mean": 0.8930302561077881,
      "acceptance_rate_min": 0.6848596837527539,
      "acceptance_rate_max": 0.9617865653884788,
      "n_divergent": 2701,
      "actual_n_chains": 100,
      "diagnostic_draws_per_chain": 200,
      "sample_finite_fraction": 1.0,
      "finite_draw_fraction": 1.0,
      "sample_covariance_rank": 32,
      "sample_covariance_full_rank": true
    },
    "Hamiltonian Walk Move": {
      "distribution": "Paired Rosenbrock",
      "tau": 5.038091497870673,
      "tau_std": 1.0594289360616038,
      "ess": 595463.580061604,
      "ess_by_coordinate": [
        1091109.4830829562,
        612980.362319932,
        1093027.7935730824,
        595463.580061604,
        1098321.6951773171,
        635071.4406574691,
        1098806.8173068888,
        629596.2233845385,
        1087913.9595985075,
        627804.3977652616,
        1078356.9494084916,
        612513.2615291458,
        1096707.4888730515,
        627066.7422178423,
        1089683.6820260088,
        609480.9325935079,
        1120170.4853429804,
        637588.3780227482,
        1077381.9990762265,
        609597.7100726806,
        1065743.7285053362,
        608675.1731528866,
        1125439.2016496998,
        633267.5932112604,
        1080951.8900670547,
        605346.8512108838,
        1080441.107490836,
        613697.1361703115,
        1096686.7600572333,
        613386.2220735105,
        1094779.8540522633,
        606427.3322196546
      ],
      "ess_valid_fraction": [
        1.0,
        1.0,
        0.9966666666666667,
        0.9966666666666667,
        0.9966666666666667,
        1.0,
        0.9966666666666667,
        0.9966666666666667,
        0.9966666666666667,
        0.9966666666666667,
        0.9966666666666667,
        1.0,
        0.9966666666666667,
        0.9966666666666667,
        0.9966666666666667,
        0.9966666666666667,
        1.0,
        1.0,
        0.9966666666666667,
        0.9966666666666667,
        0.9966666666666667,
        0.9966666666666667,
        0.9966666666666667,
        1.0,
        0.9966666666666667,
        1.0,
        0.9966666666666667,
        0.9966666666666667,
        0.9966666666666667,
        1.0,
        1.0,
        1.0
      ],
      "n_evaluations": 644294750.0,
      "evaluation_type": "gradient",
      "ess_per_eval": 0.0009242098900566922,
      "time": 251.50410199165344,
      "sigma": 1.5,
      "epsilon": 0.02097750303516494,
      "n_leapfrog": 213.76491666666666,
      "n_warmup": 2000,
      "target_accept": 0.651,
      "cond": 316.2,
      "mean_mse": 0.00024192384201076234,
      "cov_mse": 0.001166125582308871,
      "acceptance_rate_mean": 0.6554333333333333,
      "acceptance_rate_min": 0.6554333333333333,
      "acceptance_rate_max": 0.6554333333333333,
      "n_divergent": null,
      "actual_n_chains": 300,
      "diagnostic_draws_per_chain": 200,
      "sample_finite_fraction": 1.0,
      "finite_draw_fraction": 1.0,
      "sample_covariance_rank": 32,
      "sample_covariance_full_rank": true
    },
    "Stretch Move": {
      "distribution": "Paired Rosenbrock",
      "tau": 3923.486477226743,
      "tau_std": 711.0756758721068,
      "ess": 254.87535277726633,
      "ess_by_coordinate": [
        604.8168061424494,
        954.323659349233,
        773.4761326561072,
        934.20365760001,
        695.3178417329826,
        849.0866301889445,
        529.7667906306588,
        884.0527231669802,
        417.0422640005932,
        735.8159012721509,
        664.7779619344541,
        882.6321691823815,
        500.27817908784766,
        931.6669882083179,
        479.52576941277295,
        1048.3594863941316,
        622.3344787923505,
        1124.1063192376773,
        391.84478585513904,
        1028.680720730501,
        254.87535277726633,
        701.9457241628722,
        536.7637260180408,
        1033.2977519589847,
        308.8529646760513,
        361.97698327412394,
        597.4805050873321,
        842.6708089028139,
        470.22623491430136,
        988.4381660539195,
        632.7436082359209,
        1082.4194016726808
      ],
      "ess_valid_fraction": [
        0.14,
        0.23,
        0.19,
        0.23,
        0.17,
        0.21,
        0.13,
        0.21,
        0.11,
        0.16,
        0.17,
        0.21,
        0.12,
        0.22,
        0.12,
        0.24,
        0.15,
        0.25,
        0.1,
        0.22,
        0.07,
        0.17,
        0.15,
        0.23,
        0.07,
        0.09,
        0.15,
        0.2,
        0.11,
        0.22,
        0.16,
        0.26
      ],
      "n_evaluations": 1000000.0,
      "evaluation_type": "function",
      "ess_per_eval": 0.00025487535277726633,
      "time": 4.4622063636779785,
      "sigma": 1.5,
      "epsilon": 0.0,
      "n_leapfrog": null,
      "n_warmup": null,
      "target_accept": null,
      "cond": 316.2,
      "mean_mse": 4.319453059762202,
      "cov_mse": 0.9592026126878821,
      "acceptance_rate_mean": 0.17193416666666667,
      "acceptance_rate_min": 0.13283333333333333,
      "acceptance_rate_max": 0.19858333333333333,
      "n_divergent": null,
      "actual_n_chains": 100,
      "diagnostic_draws_per_chain": 200,
      "sample_finite_fraction": 1.0,
      "finite_draw_fraction": 1.0,
      "sample_covariance_rank": 32,
      "sample_covariance_full_rank": true
    },
    "HMC": {
      "distribution": "Paired Rosenbrock",
      "tau": 6867.0280345758765,
      "tau_std": 1497.7926364771379,
      "ess": 145.62340432643396,