{
  "dim": 32,
  "seed": 1,
  "condition_number": 50,
  "n_samples": 10000,
  "burn_in": 2000,
  "n_thin": 1,
  "n_chains": 150,
  "hwm_walkers_requested": 300,
  "jax_enable_x64": true,
  "af": false,
  "initialization_mode": "agnostic",
  "initialization_description": "independent N(0, 2^2) coordinates in the intrinsic Rosenbrock frame",
  "transform_affine": false,
  "overlay_rosenbrock": {
    "a": 1.0,
    "b": 100.0,
    "sigma": 1.5
  },
  "summary": {
    "Dense-mass NUTS": {
      "distribution": "Paired Rosenbrock",
      "tau": 5.184784605365021,
      "tau_std": 0.4363364455208265,
      "ess": 289308.06468755833,
      "ess_by_coordinate": [
        364331.8135928267,
        298228.10244685895,
        376647.9545951511,
        306560.6036240079,
        354690.5437111001,
        296540.63207953156,
        354920.4283925304,
        296675.0224105354,
        362036.3993430976,
        294950.5117489519,
        357861.4378882097,
        300363.861132838,
        365023.478776854,
        311783.54937301966,
        354727.31578464736,
        296180.8606855689,
        373719.2932503011,
        308241.17695545184,
        348601.18474620814,
        294058.4891460864,
        368883.7888578546,
        302208.2728021395,
        359046.93054358853,
        289308.06468755833,
        350891.0782094195,
        298536.6789124693,
        360739.61804107955,
        292865.5408178868,
        365337.7451935281,
        307222.36963473976,
        360121.777657817,
        300050.18840234296
      ],
      "ess_valid_fraction": [
        1.0,
        1.0,
        1.0,
        1.0,
        1.0,
        1.0,
        1.0,
        1.0,
        1.0,
        1.0,
        1.0,
        1.0,
        1.0,
        1.0,
        1.0,
        1.0,
        1.0,
        1.0,
        1.0,
        1.0,
        1.0,
        1.0,
        1.0,
        1.0,
        1.0,
        1.0,
        1.0,
        1.0,
        1.0,
        1.0,
        1.0,
        1.0
      ],
      "n_evaluations": 377341772.5,
      "evaluation_type": "gradient",
      "ess_per_eval": 0.0007667003384512865,
      "time": 322.6711914539337,
      "sigma": 1.5,
      "epsilon": 0.012952112402608554,
      "n_leapfrog": 251.56118166666667,
      "n_warmup": 2000,
      "target_accept": 0.8,
      "gamma": 0.05,
      "t0": 10,
      "kappa": 0.75,
      "mean_mse": 0.00024851612728282095,
      "cov_mse": 0.00101364729165008,
      "acceptance_rate_mean": 0.896272967560086,
      "acceptance_rate_min": 0.8093065095537723,
      "acceptance_rate_max": 0.9585003580702608,
      "n_divergent": 762,
      "actual_n_chains": 150,
      "diagnostic_draws_per_chain": 200,
      "sample_finite_fraction": 1.0,
      "finite_draw_fraction": 1.0,
      "sample_covariance_rank": 32,
      "sample_covariance_full_rank": true
    },
    "Hamiltonian Walk Move": {
      "distribution": "Paired Rosenbrock",
      "tau": 6.115698481558468,
      "tau_std": 0.8347934067713524,
      "ess": 490540.86120274325,
      "ess_by_coordinate": [
        702765.8979291797,
        521813.63619910734,
        708713.1610384441,
        511762.7668573706,
        694590.9311231506,
        504624.36410563765,
        695851.1691738393,
        515798.68661077705,
        707006.9098443872,
        494836.2737390392,
        698364.8290634893,
        490540.86120274325,
        670765.582009508,
        491435.4751770622,
        698775.2065982614,
        513013.50452324154,
        694007.0295189952,
        509169.68190669,
        775093.9832468529,
        517800.6670375067,
        713876.0994776716,
        505345.5407890463,
        684839.508865434,
        498678.4394415519,
        718822.6885905673,
        513894.5050554443,
        666043.5401175257,
        494511.710745726,
        704634.7180847521,
        515425.08435721544,
        698583.3441881312,
        500990.91019779025
      ],
      "ess_valid_fraction": [
        0.9933333333333333,
        0.99,
        0.9866666666666667,
        0.9866666666666667,
        0.9933333333333333,
        0.9933333333333333,
        0.9933333333333333,
        0.9933333333333333,
        0.99,
        0.9866666666666667,
        0.9866666666666667,
        0.99,
        0.99,
        0.9933333333333333,
        0.99,
        0.99,
        0.9933333333333333,
        0.9933333333333333,
        0.99,
        0.9866666666666667,
        0.9933333333333333,
        0.9933333333333333,
        0.99,
        0.99,
        0.99,
        0.9933333333333333,
        0.99,
        0.99,
        0.99,
        0.9866666666666667,
        0.9833333333333333,
        0.9866666666666667
      ],
      "n_evaluations": 429678999.99999994,
      "evaluation_type": "gradient",
      "ess_per_eval": 0.0011416449517028836,
      "time": 175.4181489944458,
      "sigma": 1.5,
      "epsilon": 0.021248559599937458,
      "n_leapfrog": 142.22633333333332,
      "n_warmup": 2000,
      "target_accept": 0.651,
      "gamma": 0.05,
      "t0": 10,
      "kappa": 0.75,
      "mean_mse": 0.0009546551888645312,
      "cov_mse": 0.007415867249979385,
      "acceptance_rate_mean": 0.6425294444444444,
      "acceptance_rate_min": 0.6425294444444444,
      "acceptance_rate_max": 0.6425294444444444,
      "n_divergent": null,
      "actual_n_chains": 300,
      "diagnostic_draws_per_chain": 200,
      "sample_finite_fraction": 1.0,
      "finite_draw_fraction": 1.0,
      "sample_covariance_rank": 32,
      "sample_covariance_full_rank": true
    },
    "Stretch Move": {
      "distribution": "Paired Rosenbrock",
      "tau": 2835.276419302567,
      "tau_std": 497.21582935830287,
      "ess": 529.0489455588871,
      "ess_by_coordinate": [
        866.6546453181934,
        1400.858181264239,
        906.9610887465449,
        949.8260930485159,
        745.4022229049028,
        1134.2761981097065,
        992.1426516320862,
        1167.5660562023063,
        733.2070021693866,
        1183.3716966096135,
        1067.7533162227953,
        1743.1018724256028,
        746.157117831171,
        1057.6456759243006,
        1162.4974671128448,
        1643.8769088258566,
        595.9551225566539,
        1261.0933968175534,
        909.4880835033906,
        1540.48302835307,
        670.6473850473666,
        989.381663648501,
        619.899634698758,
        1364.2463409337074,
        826.5818413212908,
        1287.2668119254645,
        1197.4370204625432,
        1263.2670447467303,
        529.0489455588871,
        1539.3597076278995,
        739.8990421003851,
        1483.736711606949
      ],
      "ess_valid_fraction": [
        0.14,
        0.20666666666666667,
        0.14666666666666667,
        0.15333333333333332,
        0.12,
        0.16666666666666666,
        0.15333333333333332,
        0.16666666666666666,
        0.12,
        0.17333333333333334,
        0.16,
        0.26666666666666666,
        0.12666666666666668,
        0.16,
        0.18666666666666668,
        0.25333333333333335,
        0.1,
        0.18666666666666668,
        0.13333333333333333,
        0.21333333333333335,
        0.11333333333333333,
        0.15333333333333332,
        0.10666666666666667,
        0.22,
        0.13333333333333333,
        0.19333333333333333,
        0.19333333333333333,
        0.20666666666666667,
        0.08666666666666667,
        0.22666666666666666,
        0.12,
        0.23333333333333334
      ],
      "n_evaluations": 1500000.0,
      "evaluation_type": "function",
      "ess_per_eval": 0.0003526992970392581,
      "time": 5.703376293182373,
      "sigma": 1.5,
      "epsilon": 0.0,
      "n_leapfrog": null,
      "n_warmup": null,
      "target_accept": null,
      "gamma": null,
      "t0": null,
      "kappa": null,
      "mean_mse": 4.295888703083289,
      "cov_mse": 0.9607247026303506,
      "acceptance_rate_mean": 0.1619183333333333,
      "acceptance_rate_min": 0.12375,
      "acceptance_rate_max": 0.19483333333333333,