{
  "dim": 32,
  "seed": 1,
  "condition_number": 50,
  "n_samples": 10000,
  "burn_in": 1000,
  "n_thin": 1,
  "n_chains": 16,
  "af": false,
  "initialization_mode": "agnostic",
  "initialization_description": "independent N(0, 2^2) coordinates in the intrinsic Rosenbrock frame",
  "transform_affine": false,
  "overlay_rosenbrock": {
    "a": 1.0,
    "b": 100.0,
    "sigma": 0.7
  },
  "summary": {
    "Dense-mass NUTS": {
      "distribution": "Paired Rosenbrock",
      "tau": 8.232685186113637,
      "tau_std": 0.8164428437188065,
      "ess": 19434.72832774873,
      "ess_by_coordinate": [
        24012.87619005095,
        22173.7059054506,
        27165.767312324875,
        25750.59123878174,
        28223.162297525712,
        24739.94664318533,
        25087.76626510343,
        20696.008394453722,
        33835.12441677982,
        28867.00321591421,
        23650.248587030626,
        19434.72832774873,
        31144.36769419256,
        25334.5221550809,
        27890.672731722647,
        25900.684141544174,
        26491.466512982854,
        22218.214967878044,
        27220.665574083556,
        23511.688001295475,
        28488.48494903912,
        24457.22330988303,
        30400.528336045707,
        30949.217298590946,
        29081.354862450105,
        24644.3282829304,
        27115.965506674707,
        25673.89164527985,
        24412.252790100567,
        21636.420452736857,
        33555.718856217325,
        29874.17301687504
      ],
      "ess_valid_fraction": [
        0.5,
        0.5,
        0.5625,
        0.625,
        0.5,
        0.5,
        0.5,
        0.5,
        0.75,
        0.625,
        0.5625,
        0.5,
        0.5625,
        0.625,
        0.5,
        0.5,
        0.5625,
        0.5625,
        0.5,
        0.5625,
        0.5,
        0.5625,
        0.5,
        0.5625,
        0.625,
        0.5,
        0.5625,
        0.5,
        0.5625,
        0.5,
        0.5,
        0.5625
      ],
      "n_evaluations": 37371491.81818182,
      "evaluation_type": "gradient",
      "ess_per_eval": 0.0005200415445629448,
      "time": 263.12953543663025,
      "sigma": 0.7,
      "epsilon": 6.870067591080442e-05,
      "n_leapfrog": 233.57182386363635,
      "n_warmup": 1000,
      "target_accept": 0.8,
      "gamma": 0.05,
      "t0": 10,
      "kappa": 0.75
    },
    "Hamiltonian Walk Move": {
      "distribution": "Paired Rosenbrock",
      "tau": 390.70825719060207,
      "tau_std": 102.5420489511605,
      "ess": 409.5127171114431,
      "ess_by_coordinate": [
        1073.0376574148752,
        497.29589602065334,
        20659.38661615237,
        8164.793558232971,
        29139.935646812482,
        25668.080044490016,
        30642.664045045472,
        37598.418939791736,
        409.5127171114431,
        11996.745532797562,
        1400.3800644231892,
        17739.490752518916,
        26736.56015848472,
        34828.763603747735,
        3094.8813318104108,
        1817.7437854432826,
        542.4817133045228,
        30450.297421969706,
        38379.98695189356,
        23822.4163523955,
        37043.210505071016,
        19765.660821020847,
        4907.995507129052,
        1016.8123135079978,
        23159.857772201787,
        29762.399147283388,
        1420.613055672427,
        1382.4715751801057,
        13188.106840141554,
        770.4129846667238,
        24241.51742027745,
        37182.1685460051
      ],
      "ess_valid_fraction": [
        1.0,
        0.875,
        1.0,
        1.0,
        1.0,
        1.0,
        1.0,
        1.0,
        0.75,
        1.0,
        1.0,
        1.0,
        1.0,
        1.0,
        1.0,
        1.0,
        0.8125,
        1.0,
        1.0,
        1.0,
        1.0,
        1.0,
        1.0,
        1.0,
        1.0,
        1.0,
        1.0,
        1.0,
        1.0,
        1.0,
        1.0,
        1.0
      ],
      "n_evaluations": 960000.0,
      "evaluation_type": "gradient",
      "ess_per_eval": 0.0004265757469910866,
      "time": 19.5777006149292,
      "sigma": 0.7,
      "epsilon": 0.5484830141067505,
      "n_leapfrog": 5,
      "n_warmup": 1000,
      "target_accept": 0.651,
      "gamma": 0.05,
      "t0": 10,
      "kappa": 0.75
    },
    "Stretch Move": {
      "distribution": "Paired Rosenbrock",
      "tau": 1866.3910985096525,
      "tau_std": 382.14592677471086,
      "ess": 85.72694122242811,
      "ess_by_coordinate": [
        164.50826992092868,
        356.6763775103999,
        144.09253163828828,
        322.11910141128,
        372.67672132746384,
        315.5707495753824,
        215.496342903089,
        184.73788364196278,
        104.04711788718804,
        175.65478838541827,
        111.81960906302396,
        309.1343690880453,
        267.5778552805606,
        295.88234129256557,
        160.7128934738486,
        315.8834257936863,
        100.30262103425673,
        244.82688036857198,
        251.4604806108486,
        85.72694122242811,
        517.7770659400496,
        214.62956227988406,
        289.54754391516667,
        281.41777418437044,
        350.2261293829856,
        393.2525309438482,
        140.58660674981394,
        296.260050300949,
        298.3770531221532,
        382.53201750948006,
        225.83460960195882,
        179.320580261879
      ],
      "ess_valid_fraction": [
        0.25,
        0.4375,
        0.25,
        0.4375,
        0.4375,
        0.4375,
        0.25,
        0.25,
        0.1875,
        0.25,
        0.1875,
        0.4375,
        0.3125,
        0.4375,
        0.1875,
        0.4375,
        0.1875,
        0.375,
        0.375,
        0.125,
        0.625,
        0.25,
        0.4375,
        0.4375,
        0.375,
        0.5625,
        0.25,
        0.4375,
        0.4375,
        0.5,
        0.3125,
        0.25
      ],
      "n_evaluations": 160000.0,
      "evaluation_type": "function",
      "ess_per_eval": 0.0005357933826401756,
      "time": 2.130723476409912,
      "sigma": 0.7,
      "epsilon": 0.0,
      "n_leapfrog": null,
      "n_warmup": null,
      "target_accept": null,
      "gamma": null,
      "t0": null,
      "kappa": null
    },
    "HMC": {
      "distribution": "Paired Rosenbrock",
      "tau": 2.234834512959141,
      "tau_std": 0.3172852767539781,
      "ess": 71593.66793031321,
      "ess_by_coordinate": [
        103267.93448196906,
        73074.09370269228,
        104026.10679448125,
        73597.41187179132,
        107113.96959151392,
        76220.01047700667,
        106585.9142670758,
        75270.81294546938,
        105146.34706077166,
        72766.69770516292,
        103783.24153784275,
        73728.18697089457,
        105045.3557654464,
        73115.10335090128,
        101365.68079974319,
        73702.86742963028,
        102906.44408371055,
        72498.59033599371,
        103766.9898553451,
        75501.91747320534,
        106747.83095497536,
        73481.79699430864,
        101166.67334772443,
        71593.66793031321,
        104994.42162881221,
        72927.37500639952,
        106520.0229697977,
        73026.08885249207,
        101928.88688403228,
        74717.49835745835,
        106583.1737270047,
        80017.88636282885
      ],
      "ess_valid_fraction": [
        1.0,
        1.0,
        1.0,
        1.0,
        1.0,
        1.0,
        1.0,
        1.0,
        1.0,
        1.0,
        1.0,
        1.0,
        1.0,
        1.0,
        1.0,
        1.0,
        1.0,
        1.0,
        1.0,
        1.0,
        1.0,
        1.0,
        1.0,
        1.0,
        1.0,
        1.0,
        1.0,
        1.0,
        1.0,
        1.0,
        1.0,
        1.0
      ],
      "n_evaluations": 160160000.0,
      "evaluation_type": "gradient",
      "ess_per_eval": 0.0004470134111533043,
      "time": 339.7444260120392,
      "sigma": 0.7,
      "epsilon": 0.005060052964836359,
      "n_leapfrog": 1000,
      "n_warmup": 1000,