{
  "dim": 32,
  "seed": 1,
  "n_samples": 10000,
  "burn_in": 1000,
  "n_thin": 1,
  "n_chains": 100,
  "cond": 316.2,
  "af": true,
  "transform_affine": true,
  "summary": {
    "Dense-mass NUTS": {
      "distribution": "Gaussian",
      "tau": 1.1162033057961225,
      "tau_std": 0.027173808039929498,
      "ess": 895894.139362684,
      "ess_by_coordinate": [
        1000000.0,
        1000000.0,
        1000000.0,
        1000000.0,
        1000000.0,
        1000000.0,
        1000000.0,
        1000000.0,
        1000000.0,
        1000000.0,
        1000000.0,
        1000000.0,
        1000000.0,
        1000000.0,
        1000000.0,
        1000000.0,
        1000000.0,
        1000000.0,
        1000000.0,
        1000000.0,
        1000000.0,
        1000000.0,
        996036.0996935335,
        1000000.0,
        995127.8868338093,
        991787.1347313453,
        980242.0042348945,
        981694.4348407532,
        934611.4454310016,
        942112.5678378639,
        934172.6787962606,
        895894.139362684
      ],
      "ess_valid_fraction": [
        1.0,
        1.0,
        1.0,
        1.0,
        1.0,
        1.0,
        1.0,
        1.0,
        1.0,
        1.0,
        1.0,
        1.0,
        1.0,
        1.0,
        1.0,
        1.0,
        1.0,
        1.0,
        1.0,
        1.0,
        1.0,
        1.0,
        1.0,
        1.0,
        1.0,
        1.0,
        1.0,
        1.0,
        1.0,
        1.0,
        1.0,
        1.0
      ],
      "n_evaluations": 7116589.090909091,
      "evaluation_type": "gradient",
      "ess_per_eval": 0.12588813656631118,
      "time": 399.10219168663025,
      "sigma": 0.0,
      "epsilon": 0.5885525941848755,
      "n_leapfrog": 7.116589090909091,
      "n_warmup": 1000,
      "target_accept": 0.8,
      "gamma": 0.05,
      "t0": 10,
      "kappa": 0.75
    },
    "Hamiltonian Walk Move": {
      "distribution": "Gaussian",
      "tau": 1.256243578188622,
      "tau_std": 0.008310947480866932,
      "ess": 796023.9696842075,
      "ess_by_coordinate": [
        805300.2751503818,
        817630.9892505733,
        813587.4508219273,
        813199.1297191129,
        808352.0889249136,
        803333.651525188,
        816529.1025769857,
        807912.636421995,
        814753.3404012471,
        804551.0228532853,
        807777.775254592,
        807623.7259701983,
        801003.0948782176,
        803981.7942319483,
        802690.5534570711,
        809280.7909611348,
        813008.3198269051,
        807176.1920012912,
        800694.1450695217,
        804340.9991622127,
        804744.0810769107,
        804842.6894890638,
        796023.9696842075,
        799456.8026941011,
        796828.2236979327,
        805898.3191510863,
        805475.6717858083,
        809485.9128228647,
        810375.7548996625,
        798068.552793774,
        811409.4632892675,
        809090.493807185
      ],
      "ess_valid_fraction": [
        1.0,
        1.0,
        1.0,
        1.0,
        1.0,
        1.0,
        1.0,
        1.0,
        1.0,
        1.0,
        1.0,
        1.0,
        1.0,
        1.0,
        1.0,
        1.0,
        1.0,
        1.0,
        1.0,
        1.0,
        1.0,
        1.0,
        1.0,
        1.0,
        1.0,
        1.0,
        1.0,
        1.0,
        1.0,
        1.0,
        1.0,
        1.0
      ],
      "n_evaluations": 10000000.0,
      "evaluation_type": "gradient",
      "ess_per_eval": 0.07960239696842075,
      "time": 116.74905371665955,
      "sigma": 0.0,
      "epsilon": 0.6352954506874084,
      "n_leapfrog": 9,
      "n_warmup": 1000,
      "target_accept": 0.651,
      "gamma": 0.05,
      "t0": 10,
      "kappa": 0.75
    },
    "Stretch Move": {
      "distribution": "Gaussian",
      "tau": 267.4580108509055,
      "tau_std": 12.897794259881488,
      "ess": 3738.9046483167413,
      "ess_by_coordinate": [
        4590.793991798955,
        4460.542977719947,
        4240.810468664964,
        4733.675005331925,
        4516.367990809677,
        4538.760425561573,
        4574.413871161271,
        4068.9191594847225,
        4289.241735643094,
        3913.799686510598,
        4317.583954137328,
        3738.9046483167413,
        4484.834429276156,
        4417.278649502618,
        4172.001559962978,
        4492.347762857462,
        4487.495518766973,
        4480.881480395075,
        4443.131656801727,
        4864.554803002274,
        4274.835524238857,
        4418.726184577217,
        4233.581323249268,
        4276.302466256901,
        4204.8628209576045,
        4846.641367031054,
        4115.472096886733,
        4535.484994917615,
        4241.591988632087,
        4357.745386968011,
        4316.744896859261,
        4085.7918555254655
      ],
      "ess_valid_fraction": [
        0.8,
        0.77,
        0.76,
        0.82,
        0.78,
        0.75,
        0.77,
        0.7,
        0.77,
        0.73,
        0.73,
        0.65,
        0.78,
        0.73,
        0.77,
        0.78,
        0.75,
        0.79,
        0.77,
        0.82,
        0.73,
        0.75,
        0.78,
        0.75,
        0.75,
        0.82,
        0.74,
        0.73,
        0.76,
        0.75,
        0.74,
        0.72
      ],
      "n_evaluations": 1000000.0,
      "evaluation_type": "function",
      "ess_per_eval": 0.0037389046483167414,
      "time": 6.548051595687866,
      "sigma": 0.0,
      "epsilon": 0.0,
      "n_leapfrog": null,
      "n_warmup": null,
      "target_accept": null,
      "gamma": null,
      "t0": null,
      "kappa": null
    },
    "HMC": {
      "distribution": "Gaussian",
      "tau": 2385.327027234162,
      "tau_std": 813.7556933076494,
      "ess": 419.2297276568913,
      "ess_by_coordinate": [
        990000.0,
        1000000.0,
        1000000.0,
        973700.0037947607,
        619395.605056776,
        392587.3231512518,
        252032.02948588374,
        164265.8864748897,
        110574.94543936357,
        72191.13616999918,
        52233.203814754575,
        35779.97801150925,
        27973.954079324387,
        19350.974236353122,
        13808.477865637924,
        10622.331700759762,
        8464.192064019626,
        6562.560954584855,
        4566.191662752663,
        3823.0871596138913,
        3123.687772771822,
        2249.9531399476873,
        1433.789587325136,
        929.9579986395221,
        680.5712861151521,
        720.5214988277327,
        613.8891349289469,
        485.1431216831227,
        463.035032480814,
        419.2297276568913,
        441.6349685669888,
        511.8049337347742
      ],
      "ess_valid_fraction": [
        0.99,
        1.0,
        1.0,
        1.0,
        1.0,
        1.0,
        1.0,
        1.0,
        1.0,
        1.0,
        1.0,
        1.0,
        1.0,
        1.0,
        1.0,
        1.0,
        0.97,
        0.91,
        0.76,
        0.7,
        0.61,
        0.48,
        0.34,
        0.2,
        0.18,
        0.18,
        0.17,
        0.12,
        0.11,
        0.11,
        0.12,
        0.12
      ],
      "n_evaluations": 3000000.0,
      "evaluation_type": "gradient",
      "ess_per_eval": 0.0001397432425522971,
      "time": 57.27783679962158,
      "sigma": 0.0,
      "epsilon": 4.3752121925354,
      "n_leapfrog": 2,
      "n_warmup": 1000,
      "target_accept": 0.651,
      "gamma": 0.05,
      "t0": 10,
      "kappa": 0.75
    }
  }
}