{
  "dim": 2,
  "seed": 4,
  "condition_number": 50.0,
  "n_samples": 10000,
  "burn_in": 2000,
  "n_thin": 1,
  "n_chains": 150,
  "hwm_walkers_requested": 300,
  "jax_enable_x64": true,
  "af": false,
  "transform_affine": false,
  "summary": {
    "Dense-mass NUTS": {
      "distribution": "Gaussian",
      "tau": 1.1454325711688518,
      "tau_std": 0.015501563387314232,
      "ess": 1309548.9317798354,
      "ess_by_coordinate": [
        1345980.2301036324,
        1309548.9317798354
      ],
      "ess_valid_fraction": [
        1.0,
        1.0
      ],
      "n_evaluations": 5674298.333333333,
      "evaluation_type": "gradient",
      "ess_per_eval": 0.23078605579952802,
      "time": 32.32185888290405,
      "sigma": 0.0,
      "epsilon": 0.9769275951145258,
      "n_leapfrog": 3.7828655555555555,
      "n_warmup": 2000,
      "target_accept": 0.8,
      "gamma": 0.05,
      "t0": 10,
      "kappa": 0.75,
      "mean_mse": 5.778194666499811e-06,
      "cov_mse": 8.446983173398497e-06,
      "acceptance_rate_mean": 0.9159403386029183,
      "acceptance_rate_min": 0.8630602007687658,
      "acceptance_rate_max": 0.9471326144819935,
      "n_divergent": 0,
      "actual_n_chains": 150,
      "diagnostic_draws_per_chain": 200,
      "sample_finite_fraction": 1.0,
      "finite_draw_fraction": 1.0,
      "sample_covariance_rank": 2,
      "sample_covariance_full_rank": true
    },
    "Hamiltonian Walk Move": {
      "distribution": "Gaussian",
      "tau": 1.288913760100717,
      "tau_std": 0.013618376151330103,
      "ess": 2327541.2931937175,
      "ess_by_coordinate": [
        2377787.6441100826,
        2327541.2931937175
      ],
      "ess_valid_fraction": [
        1.0,
        1.0
      ],
      "n_evaluations": 9606500.0,
      "evaluation_type": "gradient",
      "ess_per_eval": 0.24228816876008094,
      "time": 20.804230213165283,
      "sigma": 0.0,
      "epsilon": 1.6208970371019134,
      "n_leapfrog": 2.2021666666666664,
      "n_warmup": 2000,
      "target_accept": 0.651,
      "gamma": 0.05,
      "t0": 10,
      "kappa": 0.75,
      "mean_mse": 1.0954544469911106e-06,
      "cov_mse": 1.2590845460756158e-05,
      "acceptance_rate_mean": 0.6551597222222222,
      "acceptance_rate_min": 0.6551597222222222,
      "acceptance_rate_max": 0.6551597222222222,
      "n_divergent": null,
      "actual_n_chains": 300,
      "diagnostic_draws_per_chain": 200,
      "sample_finite_fraction": 1.0,
      "finite_draw_fraction": 1.0,
      "sample_covariance_rank": 2,
      "sample_covariance_full_rank": true
    },
    "Stretch Move": {
      "distribution": "Gaussian",
      "tau": 22.14320955395963,
      "tau_std": 0.34202372544937454,
      "ess": 67740.8573650865,
      "ess_by_coordinate": [
        67740.8573650865,
        69900.21291586422
      ],
      "ess_valid_fraction": [
        1.0,
        1.0
      ],
      "n_evaluations": 1500000.0,
      "evaluation_type": "function",
      "ess_per_eval": 0.04516057157672433,
      "time": 1.3002464771270752,
      "sigma": 0.0,
      "epsilon": 0.0,
      "n_leapfrog": null,
      "n_warmup": null,
      "target_accept": null,
      "gamma": null,
      "t0": null,
      "kappa": null,
      "mean_mse": 3.688228804269983e-05,
      "cov_mse": 1.9865980961513026e-05,
      "acceptance_rate_mean": 0.6335944444444445,
      "acceptance_rate_min": 0.6184166666666666,
      "acceptance_rate_max": 0.6481666666666667,
      "n_divergent": null,
      "actual_n_chains": 150,
      "diagnostic_draws_per_chain": 200,
      "sample_finite_fraction": 1.0,
      "finite_draw_fraction": 1.0,
      "sample_covariance_rank": 2,
      "sample_covariance_full_rank": true
    },
    "HMC": {
      "distribution": "Gaussian",
      "tau": 1.622374974069341,
      "tau_std": 0.007805492765890709,
      "ess": 924570.4747513501,
      "ess_by_coordinate": [
        924570.4747513501,
        933553.4096487103
      ],
      "ess_valid_fraction": [
        1.0,
        1.0
      ],
      "n_evaluations": 3000000.0,
      "evaluation_type": "gradient",
      "ess_per_eval": 0.30819015825045004,
      "time": 11.172588586807251,
      "sigma": 0.0,
      "epsilon": 4.548141052598782,
      "n_leapfrog": 1.0,
      "n_warmup": 2000,
      "target_accept": 0.651,
      "gamma": 0.05,
      "t0": 10,
      "kappa": 0.75,
      "mean_mse": 5.504028455468266e-07,
      "cov_mse": 1.502674142967109e-06,
      "acceptance_rate_mean": 0.6507716666666665,
      "acceptance_rate_min": 0.6507716666666666,
      "acceptance_rate_max": 0.6507716666666666,
      "n_divergent": null,
      "actual_n_chains": 150,
      "diagnostic_draws_per_chain": 200,
      "sample_finite_fraction": 1.0,
      "finite_draw_fraction": 1.0,
      "sample_covariance_rank": 2,
      "sample_covariance_full_rank": true
    }
  }
}