{
  "dim": 64,
  "seed": 1,
  "condition_number": 50.0,
  "n_samples": 10000,
  "burn_in": 2000,
  "n_thin": 1,
  "n_chains": 150,
  "hwm_walkers_requested": 300,
  "jax_enable_x64": true,
  "af": false,
  "transform_affine": false,
  "summary": {
    "Dense-mass NUTS": {
      "distribution": "Gaussian",
      "tau": 1.000995340177538,
      "tau_std": 0.00024325005839047028,
      "ess": 1498508.474309139,
      "ess_by_coordinate": [
        1500000.0,
        1499520.1578106422,
        1500000.0,
        1498977.075803426,
        1499245.225706393,
        1499418.8183331909,
        1500000.0,
        1500000.0,
        1499846.7563333334,
        1499969.1223023338,
        1499820.9966825317,
        1499463.947262541,
        1500000.0,
        1500000.0,
        1500000.0,
        1499704.7945400332,
        1500000.0,
        1498508.474309139,
        1500000.0,
        1500000.0,
        1499210.5488392804,
        1500000.0,
        1500000.0,
        1499423.5368191623,
        1500000.0,
        1498916.4949643882,
        1500000.0,
        1500000.0,
        1499530.1109326282,
        1499305.3020545314,
        1500000.0,
        1498940.7337428168,
        1500000.0,
        1499221.4033901514,
        1499697.0968022544,
        1499448.7382755908,
        1500000.0,
        1500000.0,
        1500000.0,
        1499601.0724053849,
        1499823.6838902112,
        1500000.0,
        1499017.0076531516,
        1500000.0,
        1500000.0,
        1500000.0,
        1499881.950569034,
        1499602.723785172,
        1499325.591667348,
        1499412.8650381868,
        1499651.03068943,
        1500000.0,
        1499970.1497080089,
        1500000.0,
        1500000.0,
        1500000.0,
        1499194.1765987617,
        1500000.0,
        1499432.449935296,
        1499429.503867432,
        1499629.346071208,
        1499298.6044603651,
        1499639.7547245051,
        1500000.0
      ],
      "ess_valid_fraction": [
        1.0,
        1.0,
        1.0,
        1.0,
        1.0,
        1.0,
        1.0,
        1.0,
        1.0,
        1.0,
        1.0,
        1.0,
        1.0,
        1.0,
        1.0,
        1.0,
        1.0,
        1.0,
        1.0,
        1.0,
        1.0,
        1.0,
        1.0,
        1.0,
        1.0,
        1.0,
        1.0,
        1.0,
        1.0,
        1.0,
        1.0,
        1.0,
        1.0,
        1.0,
        1.0,
        1.0,
        1.0,
        1.0,
        1.0,
        1.0,
        1.0,
        1.0,
        1.0,
        1.0,
        1.0,
        1.0,
        1.0,
        1.0,
        1.0,
        1.0,
        1.0,
        1.0,
        1.0,
        1.0,
        1.0,
        1.0,
        1.0,
        1.0,
        1.0,
        1.0,
        1.0,
        1.0,
        1.0,
        1.0
      ],
      "n_evaluations": 13226206.666666666,
      "evaluation_type": "gradient",
      "ess_per_eval": 0.11329843182367273,
      "time": 188.1197497844696,
      "sigma": 0.0,
      "epsilon": 0.4941693417150597,
      "n_leapfrog": 8.81747111111111,
      "n_warmup": 2000,
      "target_accept": 0.8,
      "gamma": 0.05,
      "t0": 10,
      "kappa": 0.75,
      "mean_mse": 4.45196304388709e-06,
      "cov_mse": 8.915811756861657e-05,
      "acceptance_rate_mean": 0.8623176992574956,
      "acceptance_rate_min": 0.8096584030808479,
      "acceptance_rate_max": 0.9174005728821906,
      "n_divergent": 0,
      "actual_n_chains": 150,
      "diagnostic_draws_per_chain": 200,
      "sample_finite_fraction": 1.0,
      "finite_draw_fraction": 1.0,
      "sample_covariance_rank": 64,
      "sample_covariance_full_rank": true
    },
    "Hamiltonian Walk Move": {
      "distribution": "Gaussian",
      "tau": 1.2294505617619615,
      "tau_std": 0.00547597446735336,
      "ess": 2440114.3838599026,
      "ess_by_coordinate": [
        2491086.9754062966,
        2454575.0619037105,
        2481469.1171701397,
        2469536.996381887,
        2471919.6358993775,
        2464427.426645964,
        2462921.782536405,
        2466849.0915424027,
        2483072.7749338127,
        2467072.30402112,
        2457673.1164622577,
        2443412.9374489198,
        2457229.913826796,
        2453982.2678853897,
        2446747.453326454,
        2475833.4546999587,
        2469763.6119534993,
        2460790.2994485907,
        2470480.9872338083,
        2463947.520477094,
        2469405.306576638,
        2452211.173000801,
        2459858.104159661,
        2465138.204275363,
        2450343.851774771,
        2464783.6490153866,
        2468266.3476755754,
        2456693.3375542876,
        2453540.229102995,
        2467425.0784208504,
        2443825.3498732364,
        2474159.6769921803,
        2466843.112982104,
        2448322.883233332,
        2456606.5403654976,
        2462567.883106174,
        2472581.241126339,
        2463019.547286927,
        2463568.130853692,
        2475200.75350836,
        2461229.3897142448,
        2474567.030160039,
        2480287.6057301424,
        2464468.540955964,
        2471470.357916815,
        2460497.326501921,
        2459995.529024612,
        2441101.871180297,
        2466087.794589066,
        2458319.3582990845,
        2453437.474070413,
        2461138.816089533,
        2471828.7299089236,
        2451830.2290265877,
        2457376.503983408,
        2476722.6762818303,
        2441757.387836202,
        2491644.9393487666,
        2440114.3838599026,
        2461359.2523117946,
        2461456.159536325,
        2476004.6123214858,
        2465648.81369517,
        2463889.857201082
      ],
      "ess_valid_fraction": [
        1.0,
        1.0,
        1.0,
        1.0,
        1.0,
        1.0,
        1.0,
        1.0,
        1.0,
        1.0,
        1.0,
        1.0,
        1.0,
        1.0,
        1.0,
        1.0,
        1.0,
        1.0,
        1.0,
        1.0,
        1.0,
        1.0,
        1.0,
        1.0,
        1.0,
        1.0,
        1.0,
        1.0,
        1.0,
        1.0,
        1.0,
        1.0,
        1.0,
        1.0,
        1.0,
        1.0,
        1.0,
        1.0,
        1.0,
        1.0,
        1.0,
        1.0,
        1.0,
        1.0,
        1.0,
        1.0,
        1.0,
        1.0,
        1.0,
        1.0,
        1.0,
        1.0,
        1.0,
        1.0,
        1.0,
        1.0,
        1.0,
        1.0,
        1.0,
        1.0,
        1.0,
        1.0,
        1.0,
        1.0
      ],
      "n_evaluations": 14773000.0,
      "evaluation_type": "gradient",
      "ess_per_eval": 0.1651739243119138,
      "time": 35.25504970550537,
      "sigma": 0.0,
      "epsilon": 0.7150224961617185,
      "n_leapfrog": 3.9243333333333332,
      "n_warmup": 2000,
      "target_accept": 0.651,
      "gamma": 0.05,
      "t0": 10,
      "kappa": 0.75,
      "mean_mse": 3.694281356033722e-06,
      "cov_mse": 5.418397193112569e-05,
      "acceptance_rate_mean": 0.6541347222222221,
      "acceptance_rate_min": 0.6541347222222221,
      "acceptance_rate_max": 0.6541347222222221,
      "n_divergent": null,
      "actual_n_chains": 300,
      "diagnostic_draws_per_chain": 200,
      "sample_finite_fraction": 1.0,
      "finite_draw_fraction": 1.0,
      "sample_covariance_rank": 64,
      "sample_covariance_full_rank": true
    },
    "Stretch Move": {
      "distribution": "Gaussian",
      "tau": 522.9181661268843,
      "tau_std": 38.11252524657383,
      "ess": 2868.517670958155,