{
  "dim": 64,
  "seed": 1,
  "condition_number": 50.0,
  "n_samples": 10000,
  "burn_in": 1000,
  "n_thin": 1,
  "n_chains": 16,
  "af": false,
  "transform_affine": false,
  "summary": {
    "Dense-mass NUTS": {
      "distribution": "Gaussian",
      "tau": 1.00488746899303,
      "tau_std": 0.0011282433454194657,
      "ess": 159221.80834868163,
      "ess_by_coordinate": [
        160000.0,
        160000.0,
        160000.0,
        160000.0,
        160000.0,
        160000.0,
        160000.0,
        160000.0,
        160000.0,
        160000.0,
        160000.0,
        160000.0,
        160000.0,
        160000.0,
        160000.0,
        160000.0,
        160000.0,
        160000.0,
        160000.0,
        159473.0229380745,
        160000.0,
        160000.0,
        160000.0,
        160000.0,
        160000.0,
        159221.80834868163,
        160000.0,
        160000.0,
        160000.0,
        160000.0,
        160000.0,
        160000.0,
        160000.0,
        160000.0,
        160000.0,
        160000.0,
        160000.0,
        160000.0,
        160000.0,
        159258.07511688606,
        160000.0,
        160000.0,
        159954.235854748,
        160000.0,
        160000.0,
        160000.0,
        160000.0,
        160000.0,
        160000.0,
        160000.0,
        160000.0,
        160000.0,
        160000.0,
        160000.0,
        160000.0,
        160000.0,
        160000.0,
        159228.29406664765,
        160000.0,
        159940.669776914,
        160000.0,
        159863.97907387844,
        160000.0,
        159545.18820307706
      ],
      "ess_valid_fraction": [
        1.0,
        1.0,
        1.0,
        1.0,
        1.0,
        1.0,
        1.0,
        1.0,
        1.0,
        1.0,
        1.0,
        1.0,
        1.0,
        1.0,
        1.0,
        1.0,
        1.0,
        1.0,
        1.0,
        1.0,
        1.0,
        1.0,
        1.0,
        1.0,
        1.0,
        1.0,
        1.0,
        1.0,
        1.0,
        1.0,
        1.0,
        1.0,
        1.0,
        1.0,
        1.0,
        1.0,
        1.0,
        1.0,
        1.0,
        1.0,
        1.0,
        1.0,
        1.0,
        1.0,
        1.0,
        1.0,
        1.0,
        1.0,
        1.0,
        1.0,
        1.0,
        1.0,
        1.0,
        1.0,
        1.0,
        1.0,
        1.0,
        1.0,
        1.0,
        1.0,
        1.0,
        1.0,
        1.0,
        1.0
      ],
      "n_evaluations": 1849549.090909091,
      "evaluation_type": "gradient",
      "ess_per_eval": 0.08608682469218532,
      "time": 119.17479610443115,
      "sigma": 0.0,
      "epsilon": 0.5255634188652039,
      "n_leapfrog": 11.559681818181819,
      "n_warmup": 1000,
      "target_accept": 0.8,
      "gamma": 0.05,
      "t0": 10,
      "kappa": 0.75
    },
    "Hamiltonian Walk Move": {
      "distribution": "Gaussian",
      "tau": 25.01212677611186,
      "tau_std": 1.2871235031594561,
      "ess": 6396.897050466335,
      "ess_by_coordinate": [
        7556.820311613182,
        7116.127723350577,
        6726.7949216798725,
        7841.500492116489,
        7344.748729007,
        7483.653776678868,
        7413.498236615389,
        7379.898751061224,
        8159.420257582429,
        6797.3134233090295,
        7627.585116124181,
        7324.640612650621,
        7691.931694871125,
        7699.036931457674,
        7949.322393686711,
        8783.800119690935,
        7763.910507743082,
        7104.1797428851905,
        6778.643456080664,
        6976.160239729617,
        6893.448054852142,
        7413.981865111872,
        7287.6259049494765,
        7003.77789286563,
        6898.34368254087,
        7492.782526598415,
        7086.3146347084785,
        7153.525707401786,
        6396.897050466335,
        7432.08048829819,
        7372.287690950033,
        7673.942549674645,
        6905.6191026358565,
        7059.831094045354,
        7487.825014949351,
        7362.742754576782,
        7215.677398990734,
        8372.142218284589,
        8511.073132198719,
        7012.419341648358,
        7453.384765994694,
        7703.035741714673,
        7412.9619747340075,
        7019.6490256998695,
        7534.728409064093,
        7117.772902086517,
        8476.029473670435,
        7633.528234019981,
        7646.87232430461,
        7744.244523004932,
        7492.246003443366,
        7904.869183807083,
        7431.554295397189,
        7321.429897359723,
        7079.803068247842,
        8170.875239603371,
        7695.814933839948,
        6826.5595103576525,
        7684.559845576225,
        7453.474455117829,
        7608.578467425519,
        7348.710406208602,
        7544.072424255592,
        8126.171398104019
      ],
      "ess_valid_fraction": [
        1.0,
        1.0,
        1.0,
        1.0,
        1.0,
        1.0,
        1.0,
        1.0,
        1.0,
        1.0,
        1.0,
        1.0,
        1.0,
        1.0,
        1.0,
        1.0,
        1.0,
        1.0,
        1.0,
        1.0,
        1.0,
        1.0,
        1.0,
        1.0,
        1.0,
        1.0,
        1.0,
        1.0,
        1.0,
        1.0,
        1.0,
        1.0,
        1.0,
        1.0,
        1.0,
        1.0,
        1.0,
        1.0,
        1.0,
        1.0,
        1.0,
        1.0,
        1.0,
        1.0,
        1.0,
        1.0,
        1.0,
        1.0,
        1.0,
        1.0,
        1.0,
        1.0,
        1.0,
        1.0,
        1.0,
        1.0,
        1.0,
        1.0,
        1.0,
        1.0,
        1.0,
        1.0,
        1.0,
        1.0
      ],
      "n_evaluations": 3360000.0,
      "evaluation_type": "gradient",
      "ess_per_eval": 0.0019038384078768854,
      "time": 29.35792088508606,
      "sigma": 0.0,
      "epsilon": 0.36600396037101746,
      "n_leapfrog": 20,
      "n_warmup": 1000,
      "target_accept": 0.651,
      "gamma": 0.05,
      "t0": 10,
      "kappa": 0.75
    },
    "Stretch Move": {
      "distribution": "Gaussian",
      "tau": 1359.9312871162583,
      "tau_std": 239.11901086612036,
      "ess": 117.6530031449463,
      "ess_by_coordinate": [
        178.853347177918,
        354.1604650542365,
        370.6058339282455,
        548.3545230240577,
        302.91476415448705,
        209.2111808052784,
        286.7679914376775,
        367.89463208060465,
        326.855523080177,
        202.29245976007496,
        214.4858297569632,
        211.3453581043775,
        214.8895107068535,
        201.7435705362899,
        252.2520911358666,
        147.1161286134348,
        340.88045962141666,
        348.4643901599444,
        243.47129325276543,
        256.30073600486816,
        398.83995639118814,
        353.64864849336266,
        190.49286755740107,
        137.9014131480617,
        161.39735786674007,
        328.61417517018896,
        279.51323034952554,
        233.33984180394694,
        169.80010343095032,
        245.19591151094096,
        291.9831015858457,
        427.1163433573714,
        172.37207792823864,
        149.57600621759863,
        176.59716488844336,
        220.66261588503033,
        206.0094475411303,
        236.9334124427093,
        213.61275332733865,
        377.8996251766162,
        141.3931151452168,
        273.67482390743146,
        234.5698423075851,
        267.64891633588746,
        330.35186072150043,
        285.7942709094179,
        229.79398150888323,
        352.4276381823708,
        395.63861840073787,
        232.29264631378098,
        324.58244195779133,
        285.22071344089187,
        196.04024909087408,
        363.74410289643623,
        247.9855927101433,
        119.7161845077991,
        247.3467027819998,
        144.3561504919187,
        422.7345439889709,
        117.6530031449463,
        199.48081375169366,
        434.67534542807107,
        270.48785121031574,
        315.5621894270779
      ],