{
  "dim": 32,
  "seed": 4,
  "n_samples": 10000,
  "burn_in": 1000,
  "n_thin": 1,
  "n_chains": 100,
  "af": true,
  "initialization_mode": "agnostic",
  "initialization_description": "independent N(0, 2^2) coordinates in the intrinsic Rosenbrock frame",
  "transform_affine": true,
  "overlay_rosenbrock": {
    "a": 1.0,
    "b": 100.0,
    "sigma": 0.7
  },
  "summary": {
    "Dense-mass NUTS": {
      "distribution": "Paired Rosenbrock",
      "tau": 195.04760275083086,
      "tau_std": 49.427283312439634,
      "ess": 5126.953553371679,
      "ess_by_coordinate": [
        30815.82184626982,
        30230.97097300999,
        31678.90889248157,
        33714.5528591779,
        28810.991414360837,
        29172.788441808712,
        25970.256986479933,
        27486.619577454978,
        24336.679622324147,
        23938.53070295204,
        20642.945197203895,
        21899.468382638697,
        17874.285829236524,
        17604.2286988789,
        15301.25655843837,
        16330.004994462091,
        14589.661473736429,
        13686.33204764253,
        10449.951789153109,
        10194.788668790854,
        9930.294437045533,
        9434.84391229553,
        9400.73838283179,
        10789.027449920297,
        8245.229671334713,
        8186.9888641430925,
        6720.464179170598,
        7612.610598786013,
        5632.638785327361,
        5682.771571049163,
        5126.953553371679,
        5696.340044539097
      ],
      "ess_valid_fraction": [
        0.92,
        0.95,
        0.94,
        0.96,
        0.94,
        0.95,
        0.95,
        0.93,
        0.93,
        0.95,
        0.9,
        0.92,
        0.91,
        0.88,
        0.88,
        0.88,
        0.94,
        0.9,
        0.88,
        0.89,
        0.8,
        0.88,
        0.76,
        0.79,
        0.8,
        0.78,
        0.69,
        0.69,
        0.68,
        0.67,
        0.64,
        0.69
      ],
      "n_evaluations": 254831124.54545453,
      "evaluation_type": "gradient",
      "ess_per_eval": 2.0119024167541112e-05,
      "time": 409.0060980319977,
      "sigma": 0.7,
      "epsilon": 0.010768888518214226,
      "n_leapfrog": 254.83112454545454,
      "n_warmup": 1000,
      "target_accept": 0.8,
      "cond": 10.0
    },
    "Hamiltonian Walk Move": {
      "distribution": "Paired Rosenbrock",
      "tau": 27.640049766245028,
      "tau_std": 0.7867130862228202,
      "ess": 36179.38493081999,
      "ess_by_coordinate": [
        38858.523187266255,
        38769.069715023325,
        38443.81586322996,
        39708.98855779626,
        38382.47423936914,
        38471.19706108876,
        39544.016133575715,
        40185.69042198968,
        39136.00209357818,
        39971.31246884988,
        38676.97884325623,
        40290.66631488035,
        39624.39115929701,
        39781.78135931368,
        38237.82854155779,
        40327.319538013326,
        39122.33759789996,
        38663.471110658254,
        39607.1449805736,
        40951.46900775801,
        37639.34482352623,
        40342.86707316989,
        37657.868371232806,
        41201.13976904113,
        39370.834176820885,
        39976.553656966455,
        36669.93788002439,
        37612.23830267634,
        38301.6674800435,
        38196.105845364094,
        37237.06049888897,
        36179.38493081999
      ],
      "ess_valid_fraction": [
        1.0,
        1.0,
        1.0,
        1.0,
        1.0,
        1.0,
        1.0,
        1.0,
        1.0,
        1.0,
        1.0,
        1.0,
        1.0,
        1.0,
        1.0,
        1.0,
        1.0,
        1.0,
        1.0,
        1.0,
        1.0,
        1.0,
        1.0,
        1.0,
        1.0,
        1.0,
        1.0,
        1.0,
        1.0,
        1.0,
        1.0,
        1.0
      ],
      "n_evaluations": 1001000000.0,
      "evaluation_type": "gradient",
      "ess_per_eval": 3.614324168913086e-05,
      "time": 709.4420096874237,
      "sigma": 0.7,
      "epsilon": 0.0009732823236845434,
      "n_leapfrog": 1000,
      "n_warmup": 1000,
      "target_accept": 0.651,
      "cond": 10.0
    },
    "Stretch Move": {
      "distribution": "Paired Rosenbrock",
      "tau": 3005.532123141026,
      "tau_std": 634.8103853064266,
      "ess": 332.71978439375937,
      "ess_by_coordinate": [
        510.05133471783023,
        1048.2006624090698,
        516.6280567310456,
        984.0687155678065,
        394.1927523253206,
        431.43797388535387,
        567.9527875235435,
        949.1048948643125,
        1006.8988878188782,
        1359.640709587907,
        377.2200699153853,
        598.5310798952197,
        332.71978439375937,
        377.16915031195884,
        501.02155006346584,
        1424.4116454057112,
        415.21030931387907,
        970.3066703998884,
        418.4976291017129,
        938.4456595431258,
        738.0987658646623,
        546.1682981357294,
        418.74110671566467,
        645.8872391662817,
        766.6621084114082,
        895.2577765045503,
        415.7703019291346,
        860.2040795725045,
        722.5195194361206,
        859.9165765101338,
        724.3906781351185,
        573.350348747181
      ],
      "ess_valid_fraction": [
        0.14,
        0.25,
        0.14,
        0.22,
        0.1,
        0.1,
        0.14,
        0.21,
        0.25,
        0.3,
        0.09,
        0.15,
        0.09,
        0.1,
        0.12,
        0.32,
        0.09,
        0.21,
        0.1,
        0.19,
        0.18,
        0.12,
        0.09,
        0.16,
        0.18,
        0.2,
        0.11,
        0.2,
        0.18,
        0.18,
        0.15,
        0.15
      ],
      "n_evaluations": 1000000.0,
      "evaluation_type": "function",
      "ess_per_eval": 0.00033271978439375935,
      "time": 4.607967853546143,
      "sigma": 0.7,
      "epsilon": 0.0,
      "n_leapfrog": null,
      "n_warmup": null,
      "target_accept": null,
      "cond": 10.0
    },
    "HMC": {
      "distribution": "Paired Rosenbrock",
      "tau": 1087.4271352408136,
      "tau_std": 241.13365728017925,
      "ess": 919.601845119073,
      "ess_by_coordinate": [
        8193.68949175631,
        6939.660234744125,
        8698.814237517083,
        7055.168914238294,
        7094.926865871722,
        6169.687399308696,
        5656.601901759687,
        4781.423560086617,
        4541.04788985669,
        4476.536287925075,
        4102.9854686132985,
        3931.7302815525013,
        3390.423629254306,
        2920.8314568475794,
        3215.4204576245393,
        3088.1090902632664,
        2214.1793833834126,
        2745.0224671742535,
        2375.369366021177,
        2367.814086910706,
        2310.04570928509,
        2174.8868696040195,
        1680.5733995832416,
        1637.882032356324,
        1880.4088553413465,
        1847.0186817763915,
        961.8319237670503,
        1630.502079099613,
        1501.6580978108689,
        2219.1327293623253,
        919.601845119073,
        1418.6302959896034
      ],
      "ess_valid_fraction": [
        0.93,
        0.9,
        0.97,
        0.95,
        0.86,
        0.79,
        0.86,
        0.77,
        0.75,
        0.73,
        0.71,
        0.66,
        0.6,
        0.55,
        0.61,
        0.59,
        0.46,
        0.53,
        0.48,
        0.51,
        0.45,
        0.45,
        0.37,
        0.33,
        0.38,
        0.33,
        0.22,
        0.34,
        0.31,
        0.44,
        0.21,
        0.29
      ],
      "n_evaluations": 47000000.0,
      "evaluation_type": "gradient",
      "ess_per_eval": 1.9565996704661126e-05,
      "time": 26.93593668937683,
      "sigma": 0.7,
      "epsilon": 0.021568268537521362,
      "n_leapfrog": 46,
      "n_warmup": 1000,
      "target_accept": 0.651,
      "cond": 10.0
    }
  }
}