{
  "dim": 32,
  "seed": 4,
  "n_samples": 10000,
  "burn_in": 2000,
  "n_thin": 1,
  "n_chains": 100,
  "hwm_walkers_requested": 300,
  "jax_enable_x64": true,
  "af": true,
  "initialization_mode": "agnostic",
  "initialization_description": "independent N(0, 2^2) coordinates in the intrinsic Rosenbrock frame",
  "transform_affine": true,
  "overlay_rosenbrock": {
    "a": 1.0,
    "b": 100.0,
    "sigma": 1.5
  },
  "summary": {
    "Dense-mass NUTS": {
      "distribution": "Paired Rosenbrock",
      "tau": 6.31530535222297,
      "tau_std": 0.623203506309433,
      "ess": 158345.4709197874,
      "ess_by_coordinate": [
        225767.93245602393,
        191264.2461426102,
        231512.6258233071,
        189969.14350179143,
        224463.5173300975,
        187779.6846126341,
        246720.8979487709,
        208030.12601983236,
        217172.0912974956,
        180147.03700562628,
        229803.11561864644,
        189036.73434360858,
        222102.62245301114,
        186898.94701172056,
        218928.6010451961,
        176575.82725175642,
        211353.37427682438,
        175232.02214002667,
        210723.37216390372,
        174950.24864461593,
        208441.50919532584,
        184523.7006662376,
        197853.95509497623,
        159773.78674185535,
        195550.29959609715,
        164420.5759010329,
        184334.37069302794,
        163366.78543353706,
        171083.62595662347,
        158345.4709197874,
        176675.44518252165,
        163588.60912947616
      ],
      "ess_valid_fraction": [
        1.0,
        1.0,
        0.99,
        0.99,
        1.0,
        1.0,
        1.0,
        1.0,
        1.0,
        1.0,
        1.0,
        1.0,
        1.0,
        1.0,
        1.0,
        1.0,
        1.0,
        1.0,
        1.0,
        1.0,
        1.0,
        1.0,
        1.0,
        1.0,
        1.0,
        1.0,
        1.0,
        1.0,
        1.0,
        1.0,
        1.0,
        1.0
      ],
      "n_evaluations": 252005735.83333334,
      "evaluation_type": "gradient",
      "ess_per_eval": 0.0006283407415159425,
      "time": 326.1978361606598,
      "sigma": 1.5,
      "epsilon": 0.014759926473656763,
      "n_leapfrog": 252.00573583333335,
      "n_warmup": 2000,
      "target_accept": 0.8,
      "cond": 10.0,
      "mean_mse": 0.00035541088874509847,
      "cov_mse": 0.0013362658047515893,
      "acceptance_rate_mean": 0.8996134218934464,
      "acceptance_rate_min": 0.7694109798119462,
      "acceptance_rate_max": 0.966881193580772,
      "n_divergent": 2039,
      "actual_n_chains": 100,
      "diagnostic_draws_per_chain": 200,
      "sample_finite_fraction": 1.0,
      "finite_draw_fraction": 1.0,
      "sample_covariance_rank": 32,
      "sample_covariance_full_rank": true
    },
    "Hamiltonian Walk Move": {
      "distribution": "Paired Rosenbrock",
      "tau": 5.736655794262038,
      "tau_std": 0.989079326972152,
      "ess": 522952.76335050166,
      "ess_by_coordinate": [
        822232.1736690145,
        534798.8681368295,
        839508.870952554,
        542574.0650578706,
        843091.4485331993,
        535524.6576500344,
        846435.622759787,
        542062.2635571792,
        810951.4556431732,
        529440.5171648844,
        804812.5038610867,
        532751.2095549444,
        835634.3446162384,
        548607.9063532396,
        818492.4224219755,
        533686.1984319284,
        825786.1971284505,
        550901.076176502,
        833957.6072418764,
        532117.5710367286,
        846027.4129350517,
        522952.76335050166,
        831250.0914633612,
        546391.962722147,
        813950.4749059994,
        526494.191186026,
        816424.4374949501,
        529321.3465234727,
        848628.3383100533,
        543916.6862475598,
        843557.8958427063,
        540001.1775217843
      ],
      "ess_valid_fraction": [
        0.9966666666666667,
        1.0,
        0.9933333333333333,
        0.9966666666666667,
        0.9966666666666667,
        1.0,
        1.0,
        0.9966666666666667,
        0.9966666666666667,
        0.9966666666666667,
        1.0,
        1.0,
        0.9933333333333333,
        0.9966666666666667,
        0.9966666666666667,
        0.9966666666666667,
        1.0,
        0.9966666666666667,
        0.9966666666666667,
        0.9966666666666667,
        0.9933333333333333,
        0.9933333333333333,
        0.9966666666666667,
        0.9966666666666667,
        0.9966666666666667,
        1.0,
        0.9933333333333333,
        0.9966666666666667,
        0.9966666666666667,
        1.0,
        0.9966666666666667,
        1.0
      ],
      "n_evaluations": 524352500.0,
      "evaluation_type": "gradient",
      "ess_per_eval": 0.000997330542622571,
      "time": 205.21733283996582,
      "sigma": 1.5,
      "epsilon": 0.021372694546693,
      "n_leapfrog": 173.78416666666666,
      "n_warmup": 2000,
      "target_accept": 0.651,
      "cond": 10.0,
      "mean_mse": 0.0002706757567758037,
      "cov_mse": 0.0010818521106386965,
      "acceptance_rate_mean": 0.63955,
      "acceptance_rate_min": 0.63955,
      "acceptance_rate_max": 0.63955,
      "n_divergent": null,
      "actual_n_chains": 300,
      "diagnostic_draws_per_chain": 200,
      "sample_finite_fraction": 1.0,
      "finite_draw_fraction": 1.0,
      "sample_covariance_rank": 32,
      "sample_covariance_full_rank": true
    },
    "Stretch Move": {
      "distribution": "Paired Rosenbrock",
      "tau": 3939.6465640501906,
      "tau_std": 626.3267431179204,
      "ess": 253.82987629528387,
      "ess_by_coordinate": [
        485.53359285256096,
        1146.8899987934421,
        502.8385775445921,
        780.2243006077679,
        556.5721145057305,
        1274.2798414493582,
        656.328130628039,
        1272.0497213146612,
        656.7139971141203,
        918.285752410525,
        843.9773058749953,
        1122.4011721635873,
        413.421586054355,
        1010.1345165459587,
        468.23844324656716,
        991.7433941497235,
        551.1004772645291,
        728.3244740595826,
        253.82987629528387,
        783.0154311601491,
        514.5429228868164,
        812.89921090837,
        483.66020674673433,
        776.6147488233717,
        439.63556211316137,
        737.8020744423605,
        611.326502618556,
        635.0822498469028,
        570.4994544057822,
        1245.4235242445209,
        703.3212498566286,
        502.6587543317628
      ],
      "ess_valid_fraction": [
        0.12,
        0.26,
        0.13,
        0.17,
        0.12,
        0.26,
        0.15,
        0.3,
        0.14,
        0.2,
        0.23,
        0.27,
        0.11,
        0.2,
        0.1,
        0.19,
        0.13,
        0.18,
        0.06,
        0.17,
        0.12,
        0.2,
        0.11,
        0.19,
        0.12,
        0.15,
        0.15,
        0.13,
        0.15,
        0.29,
        0.18,
        0.13
      ],
      "n_evaluations": 1000000.0,
      "evaluation_type": "function",
      "ess_per_eval": 0.00025382987629528385,
      "time": 4.425094127655029,
      "sigma": 1.5,
      "epsilon": 0.0,
      "n_leapfrog": null,
      "n_warmup": null,
      "target_accept": null,
      "cond": 10.0,
      "mean_mse": 4.4089233137460555,
      "cov_mse": 0.9659677701880576,
      "acceptance_rate_mean": 0.17320666666666668,
      "acceptance_rate_min": 0.1355,
      "acceptance_rate_max": 0.21475,
      "n_divergent": null,
      "actual_n_chains": 100,
      "diagnostic_draws_per_chain": 200,
      "sample_finite_fraction": 1.0,
      "finite_draw_fraction": 1.0,
      "sample_covariance_rank": 32,
      "sample_covariance_full_rank": true
    },
    "HMC": {
      "distribution": "Paired Rosenbrock",
      "tau": 286.7872987537752,
      "tau_std": 75.1710589151259,
      "ess": 3486.904770000161,