{
  "dim": 32,
  "seed": 1,
  "n_samples": 10000,
  "burn_in": 1000,
  "n_thin": 1,
  "n_chains": 100,
  "af": true,
  "initialization_mode": "agnostic",
  "initialization_description": "independent N(0, 2^2) coordinates in the intrinsic Rosenbrock frame",
  "transform_affine": true,
  "overlay_rosenbrock": {
    "a": 1.0,
    "b": 100.0,
    "sigma": 0.7
  },
  "summary": {
    "Dense-mass NUTS": {
      "distribution": "Paired Rosenbrock",
      "tau": 28.828371243991047,
      "tau_std": 1.9117369592718094,
      "ess": 34688.050585183126,
      "ess_by_coordinate": [
        45980.792454501876,
        47154.01502243091,
        34688.050585183126,
        36793.91839789465,
        42167.354566165646,
        41444.444393122874,
        42005.07773129058,
        43015.75035771546,
        42023.52250758922,
        42882.58814034193,
        40864.27790192531,
        45920.24046718112,
        41821.248418237235,
        41828.95280032918,
        46716.60217947417,
        46441.876405841904,
        38185.78216008249,
        40396.38654278249,
        41716.27611786014,
        43781.42006419772,
        43010.18083818105,
        45210.46263412318,
        41828.4544395529,
        42277.21900147594,
        42204.31209653732,
        44702.59370314375,
        35924.51486217219,
        36616.46241462897,
        47119.655374053444,
        46366.24295215515,
        41205.07511206596,
        41873.57990798615
      ],
      "ess_valid_fraction": [
        0.98,
        0.99,
        0.98,
        0.99,
        0.98,
        0.99,
        0.98,
        0.97,
        0.98,
        0.99,
        0.99,
        0.99,
        0.99,
        0.99,
        0.99,
        0.99,
        0.97,
        0.99,
        0.97,
        0.99,
        0.99,
        0.99,
        0.99,
        0.98,
        1.0,
        0.99,
        0.99,
        0.99,
        0.97,
        0.98,
        0.98,
        0.99
      ],
      "n_evaluations": 254525585.45454544,
      "evaluation_type": "gradient",
      "ess_per_eval": 0.00013628512246906474,
      "time": 289.2152123451233,
      "sigma": 0.7,
      "epsilon": 0.011003514751791954,
      "n_leapfrog": 254.52558545454545,
      "n_warmup": 1000,
      "target_accept": 0.8,
      "cond": 1.0
    },
    "Hamiltonian Walk Move": {
      "distribution": "Paired Rosenbrock",
      "tau": 4.515400110389299,
      "tau_std": 0.45244424950418455,
      "ess": 221464.3166835074,
      "ess_by_coordinate": [
        279860.2070953671,
        224427.08816951726,
        285522.7534641651,
        223573.03050267027,
        282010.79939693486,
        226778.24543240655,
        291778.11496567726,
        234851.3632057702,
        287473.52711850294,
        231386.54612403814,
        286759.5785326926,
        224883.11095115577,
        285046.6771129883,
        222574.055895696,
        282196.5037546162,
        230981.27692962266,
        290024.8048497975,
        228671.02498275027,
        289790.834693042,
        231283.25681135326,
        280033.4213094207,
        223178.8958750323,
        290547.8813715393,
        232863.65820954705,
        282901.2634248572,
        227456.72388141468,
        280534.18686082185,
        226369.1114460917,
        280277.5821113567,
        221464.3166835074,
        293706.1290777715,
        227868.10626489087
      ],
      "ess_valid_fraction": [
        1.0,
        1.0,
        1.0,
        1.0,
        1.0,
        1.0,
        1.0,
        1.0,
        1.0,
        1.0,
        1.0,
        1.0,
        1.0,
        1.0,
        1.0,
        1.0,
        1.0,
        1.0,
        1.0,
        1.0,
        1.0,
        1.0,
        1.0,
        1.0,
        1.0,
        1.0,
        1.0,
        1.0,
        1.0,
        1.0,
        1.0,
        1.0
      ],
      "n_evaluations": 1001000000.0,
      "evaluation_type": "gradient",
      "ess_per_eval": 0.0002212430736098975,
      "time": 684.7380068302155,
      "sigma": 0.7,
      "epsilon": 0.0029596611857414246,
      "n_leapfrog": 1000,
      "n_warmup": 1000,
      "target_accept": 0.651,
      "cond": 1.0
    },
    "Stretch Move": {
      "distribution": "Paired Rosenbrock",
      "tau": 2844.8508060070026,
      "tau_std": 482.43392417768496,
      "ess": 351.51228243269026,
      "ess_by_coordinate": [
        720.1243513908875,
        1061.61603757258,
        592.1143404495148,
        1039.3573294617509,
        661.9706458355595,
        887.3513943043031,
        362.54639902778354,
        736.3224177780878,
        647.7672962161544,
        1101.0989251837966,
        403.6005808055529,
        661.6543507686313,
        487.9559553464517,
        822.9036481700964,
        657.7232165104822,
        779.7090890864195,
        575.4223722072426,
        1067.1600359714416,
        650.7279558993894,
        858.4415542180318,
        537.0198865416485,
        864.8454713039032,
        619.5571872631665,
        1126.0165899431056,
        351.51228243269026,
        759.1876688740881,
        631.606111000988,
        819.0327046991694,
        649.1598257696304,
        930.1315321777465,
        610.9235145885705,
        810.828490266533
      ],
      "ess_valid_fraction": [
        0.18,
        0.24,
        0.15,
        0.24,
        0.15,
        0.21,
        0.09,
        0.17,
        0.17,
        0.23,
        0.11,
        0.16,
        0.12,
        0.18,
        0.15,
        0.19,
        0.15,
        0.21,
        0.14,
        0.19,
        0.13,
        0.21,
        0.15,
        0.27,
        0.09,
        0.18,
        0.16,
        0.21,
        0.17,
        0.21,
        0.16,
        0.19
      ],
      "n_evaluations": 1000000.0,
      "evaluation_type": "function",
      "ess_per_eval": 0.00035151228243269025,
      "time": 4.266826152801514,
      "sigma": 0.7,
      "epsilon": 0.0,
      "n_leapfrog": null,
      "n_warmup": null,
      "target_accept": null,
      "cond": 1.0
    },
    "HMC": {
      "distribution": "Paired Rosenbrock",
      "tau": 18.1968498460122,
      "tau_std": 2.89829555264121,
      "ess": 54954.566777345135,
      "ess_by_coordinate": [
        82944.01575244316,
        55426.77059133921,
        87712.87459598247,
        59044.68365130224,
        83553.83585148363,
        57644.199837777844,
        89092.07345127566,
        62404.756468555,
        86490.64426519626,
        57350.231013557335,
        86836.31377591196,
        57384.07080118708,
        83945.2231222205,
        55509.42372396025,
        86906.13619859592,
        56836.911177734015,
        89968.69947842462,
        58925.88106218439,
        84074.59748123189,
        55761.578332184225,
        84135.94290752213,
        57245.703861636124,
        84091.82896634517,
        56931.999262866724,
        83921.40468950938,
        56031.089153159664,
        84882.79209770075,
        54954.566777345135,
        87097.89288206895,
        60634.3088902828,
        87122.53710240567,
        59183.02485817364
      ],
      "ess_valid_fraction": [
        1.0,
        1.0,
        1.0,
        1.0,
        1.0,
        1.0,
        1.0,
        1.0,
        1.0,
        1.0,
        1.0,
        1.0,
        1.0,
        1.0,
        1.0,
        1.0,
        1.0,
        1.0,
        1.0,
        1.0,
        1.0,
        1.0,
        1.0,
        1.0,
        1.0,
        1.0,
        1.0,
        1.0,
        1.0,
        1.0,
        1.0,
        1.0
      ],
      "n_evaluations": 1001000000.0,
      "evaluation_type": "gradient",
      "ess_per_eval": 5.48996671102349e-05,
      "time": 344.4760344028473,
      "sigma": 0.7,
      "epsilon": 0.003592468099668622,
      "n_leapfrog": 1000,
      "n_warmup": 1000,
      "target_accept": 0.651,
      "cond": 1.0
    }
  }
}