{
  "dim": 32,
  "seed": 1,
  "n_samples": 10000,
  "burn_in": 2000,
  "n_thin": 1,
  "n_chains": 100,
  "hwm_walkers_requested": 300,
  "jax_enable_x64": true,
  "af": true,
  "initialization_mode": "agnostic",
  "initialization_description": "independent N(0, 2^2) coordinates in the intrinsic Rosenbrock frame",
  "transform_affine": true,
  "overlay_rosenbrock": {
    "a": 1.0,
    "b": 100.0,
    "sigma": 1.5
  },
  "summary": {
    "Dense-mass NUTS": {
      "distribution": "Paired Rosenbrock",
      "tau": 5.3413395674294675,
      "tau_std": 0.4530266073582849,
      "ess": 187218.95273197402,
      "ess_by_coordinate": [
        249208.45017323652,
        212596.69149960094,
        234611.04699926122,
        197817.69134762912,
        249002.757203609,
        202221.1677789981,
        257422.11874531032,
        214365.32533908464,
        240648.69323363423,
        196200.40004294843,
        248724.29736605077,
        197735.5910704721,
        239784.44496822354,
        199676.06370635598,
        244307.95232543428,
        207674.80791302313,
        244712.39201633993,
        213003.5012013886,
        244855.46632721042,
        200067.92387823053,
        238809.51075220786,
        206893.05018309265,
        248579.86085595837,
        208610.71471034797,
        241809.19182119268,
        198964.71442944082,
        226553.3282182694,
        187218.95273197402,
        236400.26028952174,
        190323.23860315845,
        248745.14079912027,
        197037.15321925937
      ],
      "ess_valid_fraction": [
        1.0,
        1.0,
        1.0,
        1.0,
        1.0,
        1.0,
        1.0,
        1.0,
        1.0,
        1.0,
        1.0,
        1.0,
        1.0,
        1.0,
        1.0,
        1.0,
        1.0,
        1.0,
        1.0,
        1.0,
        0.99,
        1.0,
        1.0,
        1.0,
        1.0,
        1.0,
        1.0,
        1.0,
        1.0,
        1.0,
        1.0,
        0.99
      ],
      "n_evaluations": 250993790.8333333,
      "evaluation_type": "gradient",
      "ess_per_eval": 0.000745910694086821,
      "time": 334.7046592235565,
      "sigma": 1.5,
      "epsilon": 0.015286548467373168,
      "n_leapfrog": 250.99379083333332,
      "n_warmup": 2000,
      "target_accept": 0.8,
      "cond": 1.0,
      "mean_mse": 0.0006487733280324104,
      "cov_mse": 0.0015920930470358407,
      "acceptance_rate_mean": 0.8918001101310115,
      "acceptance_rate_min": 0.7679438927709527,
      "acceptance_rate_max": 0.9558474445842023,
      "n_divergent": 2090,
      "actual_n_chains": 100,
      "diagnostic_draws_per_chain": 200,
      "sample_finite_fraction": 1.0,
      "finite_draw_fraction": 1.0,
      "sample_covariance_rank": 32,
      "sample_covariance_full_rank": true
    },
    "Hamiltonian Walk Move": {
      "distribution": "Paired Rosenbrock",
      "tau": 6.477823657303842,
      "tau_std": 0.8270816944147352,
      "ess": 463118.503792158,
      "ess_by_coordinate": [
        674674.5772953447,
        474890.84743694274,
        668615.4718567156,
        505776.546915672,
        655560.8305016318,
        494543.12464050786,
        654006.592513039,
        485406.40609998466,
        653529.1670381654,
        477587.8464711128,
        661324.0193270564,
        493649.16057608987,
        668587.7888074324,
        463118.503792158,
        643275.829859031,
        482479.1352650195,
        653689.3272967734,
        481506.3675531999,
        623836.7126148188,
        478875.7120855615,
        646184.0186193128,
        472669.96913741564,
        645959.2743122891,
        479661.9556555121,
        647485.5137691706,
        474916.07869115914,
        682093.1676502014,
        489918.7626207026,
        665273.1445839278,
        489253.4910241738,
        654453.6686439108,
        484655.1863443055
      ],
      "ess_valid_fraction": [
        1.0,
        0.9933333333333333,
        0.9966666666666667,
        1.0,
        1.0,
        0.9966666666666667,
        0.9966666666666667,
        0.9966666666666667,
        0.9966666666666667,
        0.9966666666666667,
        1.0,
        1.0,
        0.9966666666666667,
        0.9966666666666667,
        0.9933333333333333,
        0.9966666666666667,
        1.0,
        0.9966666666666667,
        0.9933333333333333,
        0.9966666666666667,
        0.9966666666666667,
        0.9966666666666667,
        1.0,
        1.0,
        0.9966666666666667,
        0.9933333333333333,
        0.9966666666666667,
        0.9966666666666667,
        0.9966666666666667,
        0.9966666666666667,
        0.9966666666666667,
        0.9966666666666667
      ],
      "n_evaluations": 425076000.0,
      "evaluation_type": "gradient",
      "ess_per_eval": 0.0010894957696792056,
      "time": 173.99893355369568,
      "sigma": 1.5,
      "epsilon": 0.021480991853087092,
      "n_leapfrog": 140.692,
      "n_warmup": 2000,
      "target_accept": 0.651,
      "cond": 1.0,
      "mean_mse": 0.000188892114635621,
      "cov_mse": 0.0010485731629798507,
      "acceptance_rate_mean": 0.6411236111111112,
      "acceptance_rate_min": 0.641123611111111,
      "acceptance_rate_max": 0.641123611111111,
      "n_divergent": null,
      "actual_n_chains": 300,
      "diagnostic_draws_per_chain": 200,
      "sample_finite_fraction": 1.0,
      "finite_draw_fraction": 1.0,
      "sample_covariance_rank": 32,
      "sample_covariance_full_rank": true
    },
    "Stretch Move": {
      "distribution": "Paired Rosenbrock",
      "tau": 4266.555716091026,
      "tau_std": 743.7068182838868,
      "ess": 234.3810948556391,
      "ess_by_coordinate": [
        545.3662067015903,
        760.1946247677581,
        464.09562808059985,
        787.8197124590126,
        755.8315202265558,
        971.4349454530509,
        430.6425082909465,
        1035.5244034315494,
        342.1937709523543,
        630.5665594458443,
        775.4692336941756,
        842.9677295615736,
        288.3022245880519,
        580.1019573959904,
        543.6465483716579,
        1045.6644145156324,
        607.8059363342343,
        1050.8040750456662,
        563.2597871198384,
        720.9154009518874,
        577.3057078033565,
        880.5268616946414,
        234.3810948556391,
        784.798849027783,
        684.2857637013794,
        521.4624478251208,
        603.2856624557845,
        1129.4639056457559,
        387.4517923832191,
        1053.731468822944,
        504.9115200580685,
        666.7334659739239
      ],
      "ess_valid_fraction": [
        0.15,
        0.17,
        0.12,
        0.2,
        0.17,
        0.23,
        0.11,
        0.24,
        0.09,
        0.14,
        0.19,
        0.2,
        0.08,
        0.16,
        0.12,
        0.25,
        0.16,
        0.24,
        0.14,
        0.19,
        0.15,
        0.2,
        0.06,
        0.17,
        0.17,
        0.14,
        0.15,
        0.26,
        0.1,
        0.21,
        0.11,
        0.15
      ],
      "n_evaluations": 1000000.0,
      "evaluation_type": "function",
      "ess_per_eval": 0.0002343810948556391,
      "time": 4.592459440231323,
      "sigma": 1.5,
      "epsilon": 0.0,
      "n_leapfrog": null,
      "n_warmup": null,
      "target_accept": null,
      "cond": 1.0,
      "mean_mse": 4.354852305914508,
      "cov_mse": 0.9616721476044151,
      "acceptance_rate_mean": 0.16854,
      "acceptance_rate_min": 0.12983333333333333,
      "acceptance_rate_max": 0.20575,
      "n_divergent": null,
      "actual_n_chains": 100,
      "diagnostic_draws_per_chain": 200,
      "sample_finite_fraction": 1.0,
      "finite_draw_fraction": 1.0,
      "sample_covariance_rank": 32,
      "sample_covariance_full_rank": true
    },
    "HMC": {
      "distribution": "Paired Rosenbrock",
      "tau": 6025.572519983977,
      "tau_std": 952.7535018940122,
      "ess": 165.95933360414674,