{
  "dim": 32,
  "seed": 2,
  "n_samples": 10000,
  "burn_in": 1000,
  "n_thin": 1,
  "n_chains": 100,
  "cond": 10.0,
  "af": true,
  "transform_affine": true,
  "summary": {
    "Dense-mass NUTS": {
      "distribution": "Gaussian",
      "tau": 1.001313777999659,
      "tau_std": 0.0003095183274369186,
      "ess": 998687.945748351,
      "ess_by_coordinate": [
        1000000.0,
        1000000.0,
        1000000.0,
        1000000.0,
        998959.1873647398,
        1000000.0,
        1000000.0,
        1000000.0,
        1000000.0,
        998687.945748351,
        999773.3108201736,
        999964.7213938474,
        1000000.0,
        1000000.0,
        1000000.0,
        1000000.0,
        1000000.0,
        1000000.0,
        1000000.0,
        1000000.0,
        1000000.0,
        1000000.0,
        1000000.0,
        1000000.0,
        1000000.0,
        999939.8434037011,
        999978.9973669971,
        1000000.0,
        1000000.0,
        1000000.0,
        999245.4668052184,
        1000000.0
      ],
      "ess_valid_fraction": [
        1.0,
        1.0,
        1.0,
        1.0,
        1.0,
        1.0,
        1.0,
        1.0,
        1.0,
        1.0,
        1.0,
        1.0,
        1.0,
        1.0,
        1.0,
        1.0,
        1.0,
        1.0,
        1.0,
        1.0,
        1.0,
        1.0,
        1.0,
        1.0,
        1.0,
        1.0,
        1.0,
        1.0,
        1.0,
        1.0,
        1.0,
        1.0
      ],
      "n_evaluations": 7085501.818181818,
      "evaluation_type": "gradient",
      "ess_per_eval": 0.1409480896872623,
      "time": 282.59222197532654,
      "sigma": 0.0,
      "epsilon": 0.5299672484397888,
      "n_leapfrog": 7.085501818181818,
      "n_warmup": 1000,
      "target_accept": 0.8,
      "gamma": 0.05,
      "t0": 10,
      "kappa": 0.75
    },
    "Hamiltonian Walk Move": {
      "distribution": "Gaussian",
      "tau": 1.2348238864482732,
      "tau_std": 0.00997269219021784,
      "ess": 809832.0829185628,
      "ess_by_coordinate": [
        848251.9773733541,
        834109.108292403,
        831236.530608731,
        826891.0731926014,
        843513.6060361862,
        839007.8448399709,
        837488.4756737277,
        826036.2066478808,
        833107.1820329896,
        833799.7569580603,
        831803.9151486353,
        832664.2235359004,
        831221.4396023167,
        840716.4255018841,
        831686.752743236,
        827774.2347408666,
        840199.8624426407,
        825600.2778210728,
        827419.5334162968,
        840166.9592920587,
        827633.6615804,
        834192.4352545108,
        835859.2181693406,
        828125.8034915325,
        828102.4641797094,
        832303.6096891771,
        838051.9292088919,
        825694.2300947792,
        826291.3025841881,
        809832.0829185628,
        831998.9926279513,
        835134.447050719
      ],
      "ess_valid_fraction": [
        1.0,
        1.0,
        1.0,
        1.0,
        1.0,
        1.0,
        1.0,
        1.0,
        1.0,
        1.0,
        1.0,
        1.0,
        1.0,
        1.0,
        1.0,
        1.0,
        1.0,
        1.0,
        1.0,
        1.0,
        1.0,
        1.0,
        1.0,
        1.0,
        1.0,
        1.0,
        1.0,
        1.0,
        1.0,
        1.0,
        1.0,
        1.0
      ],
      "n_evaluations": 9000000.0,
      "evaluation_type": "gradient",
      "ess_per_eval": 0.08998134254650698,
      "time": 136.4428346157074,
      "sigma": 0.0,
      "epsilon": 0.6381986141204834,
      "n_leapfrog": 8,
      "n_warmup": 1000,
      "target_accept": 0.651,
      "gamma": 0.05,
      "t0": 10,
      "kappa": 0.75
    },
    "Stretch Move": {
      "distribution": "Gaussian",
      "tau": 256.7725233480144,
      "tau_std": 16.32566454329608,
      "ess": 3894.4976937608653,
      "ess_by_coordinate": [
        4085.176632577469,
        4814.6776592492915,
        4356.904728812906,
        4609.946414068093,
        3965.281092894614,
        4457.936612654997,
        4756.452591597945,
        4586.565899068428,
        3916.5185780884335,
        4101.533777326196,
        4401.534469908728,
        4193.28507103371,
        4530.240947314254,
        4614.928840462206,
        4138.035786608995,
        4764.524838329598,
        3944.317322116063,
        3998.989017331649,
        4118.263904401516,
        4082.8015879400264,
        4446.187848941888,
        4029.3377665059406,
        4026.44008914786,
        4466.088189305664,
        4455.436501811028,
        4656.489142574888,
        4252.796183403868,
        3975.4225361172957,
        5047.423199360242,
        3974.977897353827,
        3894.4976937608653,
        4078.016949817322
      ],
      "ess_valid_fraction": [
        0.72,
        0.86,
        0.78,
        0.79,
        0.69,
        0.81,
        0.79,
        0.78,
        0.72,
        0.73,
        0.74,
        0.8,
        0.79,
        0.78,
        0.72,
        0.82,
        0.7,
        0.76,
        0.78,
        0.75,
        0.76,
        0.72,
        0.74,
        0.77,
        0.76,
        0.8,
        0.73,
        0.75,
        0.82,
        0.7,
        0.74,
        0.73
      ],
      "n_evaluations": 1000000.0,
      "evaluation_type": "function",
      "ess_per_eval": 0.0038944976937608654,
      "time": 5.619050025939941,
      "sigma": 0.0,
      "epsilon": 0.0,
      "n_leapfrog": null,
      "n_warmup": null,
      "target_accept": null,
      "gamma": null,
      "t0": null,
      "kappa": null
    },
    "HMC": {
      "distribution": "Gaussian",
      "tau": 43.73945678986196,
      "tau_std": 12.853809945352896,
      "ess": 22862.65247427084,
      "ess_by_coordinate": [
        1000000.0,
        1000000.0,
        1000000.0,
        1000000.0,
        1000000.0,
        1000000.0,
        1000000.0,
        988799.9068980225,
        833547.2541899532,
        689580.282807273,
        564975.3025324625,
        460811.73550249444,
        384528.9786570063,
        314097.75120230834,
        272041.91092642985,
        226554.00589203995,
        197847.92356387884,
        163477.90721328912,
        138973.07154731255,
        118219.48413933328,
        103930.21823196874,
        87534.08616624419,
        71414.23545303023,
        65222.29654330096,
        54558.29750291591,
        47853.916982026465,
        40038.53227813485,
        35289.5641346966,
        30584.266487970137,
        26934.056614425197,
        24142.345712718474,
        22862.65247427084
      ],
      "ess_valid_fraction": [
        1.0,
        1.0,
        1.0,
        1.0,
        1.0,
        1.0,
        1.0,
        1.0,
        1.0,
        1.0,
        1.0,
        1.0,
        1.0,
        1.0,
        1.0,
        1.0,
        1.0,
        1.0,
        1.0,
        1.0,
        1.0,
        1.0,
        1.0,
        1.0,
        1.0,
        1.0,
        1.0,
        1.0,
        1.0,
        1.0,
        1.0,
        1.0
      ],
      "n_evaluations": 3000000.0,
      "evaluation_type": "gradient",
      "ess_per_eval": 0.007620884158090279,
      "time": 74.69393301010132,
      "sigma": 0.0,
      "epsilon": 3.86997389793396,
      "n_leapfrog": 2,
      "n_warmup": 1000,
      "target_accept": 0.651,
      "gamma": 0.05,
      "t0": 10,
      "kappa": 0.75
    }
  }
}