{
  "dim": 32,
  "seed": 4,
  "n_samples": 10000,
  "burn_in": 1000,
  "n_thin": 1,
  "n_chains": 100,
  "af": true,
  "initialization_mode": "agnostic",
  "initialization_description": "independent N(0, 2^2) coordinates in the intrinsic Rosenbrock frame",
  "transform_affine": true,
  "overlay_rosenbrock": {
    "a": 1.0,
    "b": 100.0,
    "sigma": 0.7
  },
  "summary": {
    "Dense-mass NUTS": {
      "distribution": "Paired Rosenbrock",
      "tau": 25863.47102818121,
      "tau_std": 4731.341120975884,
      "ess": 38.66457054083675,
      "ess_by_coordinate": [
        209.6623345639349,
        396.08802772037916,
        250.77435240100814,
        464.8403989364122,
        391.9555139369647,
        319.5983202835362,
        258.0721959124102,
        205.7707064215533,
        127.58607413522205,
        77.10434838220337,
        526.2268120998392,
        180.34714865807777,
        224.2074126702326,
        160.61304636104967,
        38.66457054083675,
        310.86232733202473,
        67.88239036676471,
        260.71671150668794,
        159.81093888335806,
        78.79329396191548,
        127.39343453909053,
        118.32798447753387,
        264.4830566184906,
        235.4977270331516,
        270.2691986814316,
        166.54920445530558,
        365.05231021178486,
        247.64333265420717,
        419.1537699280826,
        132.03937890553584,
        173.88060275328843,
        277.59710048271654
      ],
      "ess_valid_fraction": [
        0.06,
        0.09,
        0.06,
        0.12,
        0.06,
        0.07,
        0.07,
        0.05,
        0.04,
        0.02,
        0.15,
        0.05,
        0.06,
        0.04,
        0.01,
        0.07,
        0.02,
        0.06,
        0.04,
        0.02,
        0.03,
        0.02,
        0.07,
        0.06,
        0.07,
        0.05,
        0.1,
        0.06,
        0.1,
        0.03,
        0.04,
        0.08
      ],
      "n_evaluations": 255000000.0,
      "evaluation_type": "gradient",
      "ess_per_eval": 1.5162576682681079e-07,
      "time": 278.7291898727417,
      "sigma": 0.7,
      "epsilon": 0.0008598357089795172,
      "n_leapfrog": 255.0,
      "n_warmup": 1000,
      "target_accept": 0.8,
      "cond": 1000.0
    },
    "Hamiltonian Walk Move": {
      "distribution": "Paired Rosenbrock",
      "tau": 4793.279730630514,
      "tau_std": 810.2441322865291,
      "ess": 208.6254206299908,
      "ess_by_coordinate": [
        556.0142058551847,
        518.702521776308,
        770.540218691934,
        468.6485843932218,
        453.3965615926716,
        293.80833015067515,
        278.51604954993223,
        396.47987008918165,
        482.4224862143466,
        375.33749088420285,
        243.47197226641907,
        404.69093495521355,
        339.47845277390377,
        403.99497603433076,
        437.2100407356268,
        374.4345743158533,
        611.252307128569,
        361.37415070619755,
        208.6254206299908,
        515.0524387685298,
        351.6591038083278,
        410.981560687906,
        265.47802930215295,
        262.8345726009826,
        285.76799697652496,
        252.0476715964565,
        279.4945424345812,
        526.9410504377549,
        384.5681033528474,
        323.27058480407675,
        272.3222222682408,
        388.10236713127887
      ],
      "ess_valid_fraction": [
        0.14,
        0.13,
        0.2,
        0.13,
        0.12,
        0.06,
        0.07,
        0.1,
        0.12,
        0.1,
        0.06,
        0.1,
        0.09,
        0.1,
        0.11,
        0.1,
        0.16,
        0.09,
        0.06,
        0.13,
        0.08,
        0.11,
        0.07,
        0.07,
        0.08,
        0.06,
        0.07,
        0.12,
        0.1,
        0.08,
        0.07,
        0.1
      ],
      "n_evaluations": 1001000000.0,
      "evaluation_type": "gradient",
      "ess_per_eval": 2.0841700362636444e-07,
      "time": 709.6937232017517,
      "sigma": 0.7,
      "epsilon": 2.2159966306389833e-07,
      "n_leapfrog": 1000,
      "n_warmup": 1000,
      "target_accept": 0.651,
      "cond": 1000.0
    },
    "Stretch Move": {
      "distribution": "Paired Rosenbrock",
      "tau": 3005.532123141916,
      "tau_std": 634.8103853051024,
      "ess": 332.7197843936608,
      "ess_by_coordinate": [
        510.05133471366827,
        1048.2006624042658,
        516.6280567284663,
        984.0687155686516,
        394.1927523273125,
        431.43797389331127,
        567.9527875221739,
        949.104894862934,
        1006.8988878193644,
        1359.6407095892907,
        377.2200699152106,
        598.5310798956624,
        332.7197843936608,
        377.1691503110919,
        501.0215500634289,
        1424.411645404867,
        415.2103093140412,
        970.3066703994363,
        418.49762910176014,
        938.4456595430555,
        738.0987658647036,
        546.16829813561,
        418.741106715671,
        645.8872391662801,
        766.6621084113782,
        895.2577765045517,
        415.7703019291396,
        860.2040795724143,
        722.5195194361008,
        859.9165765101156,
        724.3906781350906,
        573.3503487471327
      ],
      "ess_valid_fraction": [
        0.14,
        0.25,
        0.14,
        0.22,
        0.1,
        0.1,
        0.14,
        0.21,
        0.25,
        0.3,
        0.09,
        0.15,
        0.09,
        0.1,
        0.12,
        0.32,
        0.09,
        0.21,
        0.1,
        0.19,
        0.18,
        0.12,
        0.09,
        0.16,
        0.18,
        0.2,
        0.11,
        0.2,
        0.18,
        0.18,
        0.15,
        0.15
      ],
      "n_evaluations": 1000000.0,
      "evaluation_type": "function",
      "ess_per_eval": 0.0003327197843936608,
      "time": 4.461672782897949,
      "sigma": 0.7,
      "epsilon": 0.0,
      "n_leapfrog": null,
      "n_warmup": null,
      "target_accept": null,
      "cond": 1000.0
    },
    "HMC": {
      "distribution": "Paired Rosenbrock",
      "tau": 7480.06390017536,
      "tau_std": 1285.9723988948174,
      "ess": 133.68869749582706,
      "ess_by_coordinate": [
        887.204709980603,
        1296.769649687964,
        562.0677761652908,
        1082.2554938666435,
        585.7773801591113,
        1119.54759136566,
        559.0842754579298,
        839.8714163747152,
        347.4401250028517,
        825.9781992244986,
        449.59990768814663,
        716.7888691371462,
        463.2815414508704,
        702.0492855928914,
        496.9885430793156,
        546.9577710483275,
        323.8141940822883,
        302.47321013725207,
        307.0846828469706,
        433.2868097805709,
        344.0863634348962,
        343.87035998849257,
        133.68869749582706,
        340.7754074097575,
        574.5959999032011,
        309.177691980203,
        435.9027036339948,
        235.26565181091158,
        326.09603114796994,
        327.5000968308842,
        408.8619235153416,
        237.6146719801057
      ],
      "ess_valid_fraction": [
        0.21,
        0.29,
        0.14,
        0.24,
        0.13,
        0.23,
        0.14,
        0.19,
        0.1,
        0.2,
        0.11,
        0.17,
        0.12,
        0.18,
        0.13,
        0.14,
        0.08,
        0.08,
        0.08,
        0.1,
        0.08,
        0.08,
        0.03,
        0.08,
        0.14,
        0.08,
        0.11,
        0.06,
        0.09,
        0.09,
        0.1,
        0.07
      ],
      "n_evaluations": 1001000000.0,
      "evaluation_type": "gradient",
      "ess_per_eval": 1.335551423534736e-07,
      "time": 358.3794012069702,
      "sigma": 0.7,
      "epsilon": 9.055724513018504e-05,
      "n_leapfrog": 1000,
      "n_warmup": 1000,
      "target_accept": 0.651,
      "cond": 1000.0
    }
  }
}