{
  "dim": 32,
  "seed": 4,
  "n_samples": 10000,
  "burn_in": 2000,
  "n_thin": 1,
  "n_chains": 100,
  "hwm_walkers_requested": 300,
  "jax_enable_x64": true,
  "af": true,
  "initialization_mode": "agnostic",
  "initialization_description": "independent N(0, 2^2) coordinates in the intrinsic Rosenbrock frame",
  "transform_affine": true,
  "overlay_rosenbrock": {
    "a": 1.0,
    "b": 100.0,
    "sigma": 1.5
  },
  "summary": {
    "Dense-mass NUTS": {
      "distribution": "Paired Rosenbrock",
      "tau": 376.0827362596432,
      "tau_std": 105.9971293590461,
      "ess": 2658.9893754378863,
      "ess_by_coordinate": [
        250374.08028714434,
        202554.44654664097,
        257895.42291459566,
        200748.8948231682,
        227537.29646038622,
        188192.79233027349,
        210470.32645399225,
        176562.72712874855,
        211621.09564736058,
        171461.59046402003,
        175901.87985784418,
        140829.4438060289,
        139652.35754644623,
        116195.89998828655,
        114883.63771502419,
        97624.95179762394,
        66107.8260573804,
        57018.89355987042,
        54751.46867253131,
        42617.37876649295,
        32168.0240096341,
        23944.297878021247,
        18621.654363499245,
        17139.58839305563,
        9532.527741175903,
        8156.75437869819,
        5535.889200194801,
        5023.98748308706,
        3742.133003619108,
        3310.73828286324,
        2658.9893754378863,
        3148.342032356439
      ],
      "ess_valid_fraction": [
        1.0,
        1.0,
        0.99,
        0.99,
        0.97,
        1.0,
        1.0,
        1.0,
        0.98,
        0.99,
        0.97,
        0.98,
        0.95,
        0.96,
        0.89,
        0.9,
        0.9,
        0.93,
        0.91,
        0.92,
        0.85,
        0.86,
        0.82,
        0.87,
        0.72,
        0.72,
        0.63,
        0.59,
        0.55,
        0.52,
        0.45,
        0.52
      ],
      "n_evaluations": 252887410.0,
      "evaluation_type": "gradient",
      "ess_per_eval": 1.0514518597180803e-05,
      "time": 331.3328275680542,
      "sigma": 1.5,
      "epsilon": 0.016903467641661715,
      "n_leapfrog": 252.88741,
      "n_warmup": 2000,
      "target_accept": 0.8,
      "cond": 1000.0,
      "mean_mse": 0.07237543421164376,
      "cov_mse": 0.06912415151324419,
      "acceptance_rate_mean": 0.8796619229915105,
      "acceptance_rate_min": 0.6014625403621892,
      "acceptance_rate_max": 0.9588064442017853,
      "n_divergent": 9102,
      "actual_n_chains": 100,
      "diagnostic_draws_per_chain": 200,
      "sample_finite_fraction": 1.0,
      "finite_draw_fraction": 1.0,
      "sample_covariance_rank": 32,
      "sample_covariance_full_rank": true
    },
    "Hamiltonian Walk Move": {
      "distribution": "Paired Rosenbrock",
      "tau": 5.120221966300455,
      "tau_std": 1.0449185611955538,
      "ess": 585912.0990740189,
      "ess_by_coordinate": [
        1095327.3324873454,
        617721.886744163,
        1085746.3060308173,
        614781.7405725743,
        1077903.3678361524,
        603767.9512907378,
        1103409.579244746,
        633825.1143540308,
        1121505.3666350977,
        631657.0896600417,
        1113155.3454279588,
        618894.9987169497,
        1039819.2071550483,
        585912.0990740189,
        1112430.6788519514,
        626719.4803291385,
        1078483.6845739349,
        606268.1529724271,
        1101488.0835382005,
        646180.0461810199,
        1099352.2388280975,
        642149.6268577776,
        1110416.1990549527,
        640053.0906796204,
        1092039.4108607422,
        623715.2740180407,
        1156523.0950977886,
        612189.4922479922,
        1072895.1520851827,
        623379.1271855575,
        1108968.252871954,
        652775.0376223489
      ],
      "ess_valid_fraction": [
        0.99,
        0.99,
        0.9933333333333333,
        0.9933333333333333,
        0.9933333333333333,
        0.9933333333333333,
        0.9866666666666667,
        0.9866666666666667,
        0.99,
        0.9933333333333333,
        0.99,
        0.9933333333333333,
        0.9933333333333333,
        0.9933333333333333,
        0.9933333333333333,
        0.9933333333333333,
        0.99,
        0.9866666666666667,
        0.9933333333333333,
        0.9933333333333333,
        0.9933333333333333,
        0.9933333333333333,
        0.9866666666666667,
        0.99,
        0.99,
        0.9933333333333333,
        0.99,
        0.9933333333333333,
        0.9933333333333333,
        0.9933333333333333,
        0.9933333333333333,
        0.9933333333333333
      ],
      "n_evaluations": 608312750.0,
      "evaluation_type": "gradient",
      "ess_per_eval": 0.0009631757662058191,
      "time": 238.06224298477173,
      "sigma": 1.5,
      "epsilon": 0.020760956321879794,
      "n_leapfrog": 201.77091666666666,
      "n_warmup": 2000,
      "target_accept": 0.651,
      "cond": 1000.0,
      "mean_mse": 0.0011226239523800985,
      "cov_mse": 0.004960825784658532,
      "acceptance_rate_mean": 0.6581252777777777,
      "acceptance_rate_min": 0.6581252777777777,
      "acceptance_rate_max": 0.6581252777777777,
      "n_divergent": null,
      "actual_n_chains": 300,
      "diagnostic_draws_per_chain": 200,
      "sample_finite_fraction": 1.0,
      "finite_draw_fraction": 1.0,
      "sample_covariance_rank": 32,
      "sample_covariance_full_rank": true
    },
    "Stretch Move": {
      "distribution": "Paired Rosenbrock",
      "tau": 3939.646564049976,
      "tau_std": 626.3267431189686,
      "ess": 253.8298762952977,
      "ess_by_coordinate": [
        485.53359284793373,
        1146.8899988120445,
        502.83857754407177,
        780.2243005995334,
        556.5721145023715,
        1274.2798414503604,
        656.3281306271188,
        1272.0497213137908,
        656.7139971135161,
        918.2857524189867,
        843.9773058745818,
        1122.4011721630366,
        413.42158605473253,
        1010.1345165476798,
        468.23844324691186,
        991.7433941493257,
        551.1004772643845,
        728.3244740596199,
        253.8298762952977,
        783.0154311604774,
        514.5429228869549,
        812.8992109083503,
        483.66020674666413,
        776.614748823415,
        439.63556211314545,
        737.8020744423497,
        611.3265026185848,
        635.0822498468926,
        570.4994544057712,
        1245.4235242445066,
        703.3212498566361,
        502.6587543317533
      ],
      "ess_valid_fraction": [
        0.12,
        0.26,
        0.13,
        0.17,
        0.12,
        0.26,
        0.15,
        0.3,
        0.14,
        0.2,
        0.23,
        0.27,
        0.11,
        0.2,
        0.1,
        0.19,
        0.13,
        0.18,
        0.06,
        0.17,
        0.12,
        0.2,
        0.11,
        0.19,
        0.12,
        0.15,
        0.15,
        0.13,
        0.15,
        0.29,
        0.18,
        0.13
      ],
      "n_evaluations": 1000000.0,
      "evaluation_type": "function",
      "ess_per_eval": 0.00025382987629529773,
      "time": 4.9986748695373535,
      "sigma": 1.5,
      "epsilon": 0.0,
      "n_leapfrog": null,
      "n_warmup": null,
      "target_accept": null,
      "cond": 1000.0,
      "mean_mse": 4.40892331374646,
      "cov_mse": 0.9659677701880585,
      "acceptance_rate_mean": 0.17320666666666668,
      "acceptance_rate_min": 0.1355,
      "acceptance_rate_max": 0.21475,
      "n_divergent": null,
      "actual_n_chains": 100,
      "diagnostic_draws_per_chain": 200,
      "sample_finite_fraction": 1.0,
      "finite_draw_fraction": 1.0,
      "sample_covariance_rank": 32,
      "sample_covariance_full_rank": true
    },
    "HMC": {
      "distribution": "Paired Rosenbrock",
      "tau": 5911.31241819322,
      "tau_std": 1249.4043862521112,
      "ess": 169.16717122280738,