{
  "dim": 2,
  "seed": 2,
  "condition_number": 50.0,
  "n_samples": 10000,
  "burn_in": 2000,
  "n_thin": 1,
  "n_chains": 150,
  "hwm_walkers_requested": 300,
  "jax_enable_x64": true,
  "af": false,
  "transform_affine": false,
  "summary": {
    "Dense-mass NUTS": {
      "distribution": "Gaussian",
      "tau": 1.11534360339679,
      "tau_std": 0.0020630162927366413,
      "ess": 1344877.0364860971,
      "ess_by_coordinate": [
        1349870.6638564286,
        1344877.0364860971
      ],
      "ess_valid_fraction": [
        1.0,
        1.0
      ],
      "n_evaluations": 5625040.0,
      "evaluation_type": "gradient",
      "ess_per_eval": 0.23908755075272303,
      "time": 29.209543704986572,
      "sigma": 0.0,
      "epsilon": 0.8037625618115445,
      "n_leapfrog": 3.750026666666667,
      "n_warmup": 2000,
      "target_accept": 0.8,
      "gamma": 0.05,
      "t0": 10,
      "kappa": 0.75,
      "mean_mse": 2.6198943082392146e-06,
      "cov_mse": 1.085371567076101e-05,
      "acceptance_rate_mean": 0.914524011805997,
      "acceptance_rate_min": 0.8464048510997728,
      "acceptance_rate_max": 0.948411239204545,
      "n_divergent": 0,
      "actual_n_chains": 150,
      "diagnostic_draws_per_chain": 200,
      "sample_finite_fraction": 1.0,
      "finite_draw_fraction": 1.0,
      "sample_covariance_rank": 2,
      "sample_covariance_full_rank": true
    },
    "Hamiltonian Walk Move": {
      "distribution": "Gaussian",
      "tau": 1.4306483290021155,
      "tau_std": 0.008875821690983221,
      "ess": 2096951.388530622,
      "ess_by_coordinate": [
        2096951.388530622,
        2123297.4997625104
      ],
      "ess_valid_fraction": [
        1.0,
        1.0
      ],
      "n_evaluations": 10441500.0,
      "evaluation_type": "gradient",
      "ess_per_eval": 0.20082855801662808,
      "time": 18.083494663238525,
      "sigma": 0.0,
      "epsilon": 1.6177829614040553,
      "n_leapfrog": 2.4804999999999997,
      "n_warmup": 2000,
      "target_accept": 0.651,
      "gamma": 0.05,
      "t0": 10,
      "kappa": 0.75,
      "mean_mse": 2.907117270690463e-06,
      "cov_mse": 2.2378290615366393e-06,
      "acceptance_rate_mean": 0.6763597222222222,
      "acceptance_rate_min": 0.6763597222222222,
      "acceptance_rate_max": 0.6763597222222222,
      "n_divergent": null,
      "actual_n_chains": 300,
      "diagnostic_draws_per_chain": 200,
      "sample_finite_fraction": 1.0,
      "finite_draw_fraction": 1.0,
      "sample_covariance_rank": 2,
      "sample_covariance_full_rank": true
    },
    "Stretch Move": {
      "distribution": "Gaussian",
      "tau": 22.31752773959106,
      "tau_std": 0.223556345528193,
      "ess": 67211.74574095031,
      "ess_by_coordinate": [
        67211.74574095031,
        68585.80400377452
      ],
      "ess_valid_fraction": [
        1.0,
        1.0
      ],
      "n_evaluations": 1500000.0,
      "evaluation_type": "function",
      "ess_per_eval": 0.044807830493966874,
      "time": 1.2093772888183594,
      "sigma": 0.0,
      "epsilon": 0.0,
      "n_leapfrog": null,
      "n_warmup": null,
      "target_accept": null,
      "gamma": null,
      "t0": null,
      "kappa": null,
      "mean_mse": 0.00024323146543344634,
      "cov_mse": 1.0874999566709478e-05,
      "acceptance_rate_mean": 0.6331672222222223,
      "acceptance_rate_min": 0.6185,
      "acceptance_rate_max": 0.64325,
      "n_divergent": null,
      "actual_n_chains": 150,
      "diagnostic_draws_per_chain": 200,
      "sample_finite_fraction": 1.0,
      "finite_draw_fraction": 1.0,
      "sample_covariance_rank": 2,
      "sample_covariance_full_rank": true
    },
    "HMC": {
      "distribution": "Gaussian",
      "tau": 1.6356236064162546,
      "tau_std": 0.005297968224237559,
      "ess": 917081.4080426402,
      "ess_by_coordinate": [
        923061.2054930372,
        917081.4080426402
      ],
      "ess_valid_fraction": [
        1.0,
        1.0
      ],
      "n_evaluations": 3000000.0,
      "evaluation_type": "gradient",
      "ess_per_eval": 0.3056938026808801,
      "time": 10.831562042236328,
      "sigma": 0.0,
      "epsilon": 4.55160571301492,
      "n_leapfrog": 1.0,
      "n_warmup": 2000,
      "target_accept": 0.651,
      "gamma": 0.05,
      "t0": 10,
      "kappa": 0.75,
      "mean_mse": 9.251216548685572e-06,
      "cov_mse": 8.193969096261169e-07,
      "acceptance_rate_mean": 0.6503038888888887,
      "acceptance_rate_min": 0.6503038888888888,
      "acceptance_rate_max": 0.6503038888888888,
      "n_divergent": null,
      "actual_n_chains": 150,
      "diagnostic_draws_per_chain": 200,
      "sample_finite_fraction": 1.0,
      "finite_draw_fraction": 1.0,
      "sample_covariance_rank": 2,
      "sample_covariance_full_rank": true
    }
  }
}