{
  "dim": 16,
  "seed": 1,
  "condition_number": 50.0,
  "n_samples": 10000,
  "burn_in": 1000,
  "n_thin": 1,
  "n_chains": 16,
  "af": false,
  "transform_affine": false,
  "summary": {
    "Dense-mass NUTS": {
      "distribution": "Gaussian",
      "tau": 1.0,
      "tau_std": 0.0,
      "ess": 160000.0,
      "ess_by_coordinate": [
        160000.0,
        160000.0,
        160000.0,
        160000.0,
        160000.0,
        160000.0,
        160000.0,
        160000.0,
        160000.0,
        160000.0,
        160000.0,
        160000.0,
        160000.0,
        160000.0,
        160000.0,
        160000.0
      ],
      "ess_valid_fraction": [
        1.0,
        1.0,
        1.0,
        1.0,
        1.0,
        1.0,
        1.0,
        1.0,
        1.0,
        1.0,
        1.0,
        1.0,
        1.0,
        1.0,
        1.0,
        1.0
      ],
      "n_evaluations": 1108345.4545454546,
      "evaluation_type": "gradient",
      "ess_per_eval": 0.14435932347971586,
      "time": 18.29327893257141,
      "sigma": 0.0,
      "epsilon": 0.7239652276039124,
      "n_leapfrog": 6.9271590909090905,
      "n_warmup": 1000,
      "target_accept": 0.8,
      "gamma": 0.05,
      "t0": 10,
      "kappa": 0.75
    },
    "Hamiltonian Walk Move": {
      "distribution": "Gaussian",
      "tau": 4.62124246789518,
      "tau_std": 0.1077970863811748,
      "ess": 34622.72345836781,
      "ess_by_coordinate": [
        35794.371572186574,
        35601.15207256576,
        37576.62870571733,
        36295.58199852015,
        36504.741015470805,
        35606.96465992144,
        36453.1747910406,
        37681.10631709393,
        35352.415203738055,
        36844.23334737231,
        36941.30548576955,
        34622.72345836781,
        37227.745328605015,
        36290.624532383,
        34971.91425474562,
        37056.04280011859
      ],
      "ess_valid_fraction": [
        1.0,
        1.0,
        1.0,
        1.0,
        1.0,
        1.0,
        1.0,
        1.0,
        1.0,
        1.0,
        1.0,
        1.0,
        1.0,
        1.0,
        1.0,
        1.0
      ],
      "n_evaluations": 1600000.0,
      "evaluation_type": "gradient",
      "ess_per_eval": 0.02163920216147988,
      "time": 19.957521200180054,
      "sigma": 0.0,
      "epsilon": 0.6661524772644043,
      "n_leapfrog": 9,
      "n_warmup": 1000,
      "target_accept": 0.651,
      "gamma": 0.05,
      "t0": 10,
      "kappa": 0.75
    },
    "Stretch Move": {
      "distribution": "Gaussian",
      "tau": 231.6544177253857,
      "tau_std": 23.713447370044204,
      "ess": 690.6840006378453,
      "ess_by_coordinate": [
        813.1490060787273,
        965.5087514310073,
        976.8072505000541,
        988.2322584271981,
        1003.1547763492135,
        822.3496091664832,
        1022.7497829247764,
        1124.1302068574369,
        903.5374502567224,
        787.8840371043481,
        820.760270255611,
        690.6840006378453,
        800.3997516977784,
        847.0021573785876,
        960.791270535625,
        1110.9214235627685
      ],
      "ess_valid_fraction": [
        0.8125,
        0.9375,
        0.9375,
        0.9375,
        0.875,
        0.8125,
        0.875,
        0.875,
        0.875,
        0.8125,
        0.875,
        0.8125,
        0.875,
        0.875,
        0.875,
        0.9375
      ],
      "n_evaluations": 160000.0,
      "evaluation_type": "function",
      "ess_per_eval": 0.0043167750039865335,
      "time": 0.9988024234771729,
      "sigma": 0.0,
      "epsilon": 0.0,
      "n_leapfrog": null,
      "n_warmup": null,
      "target_accept": null,
      "gamma": null,
      "t0": null,
      "kappa": null
    },
    "HMC": {
      "distribution": "Gaussian",
      "tau": 1.8935015455327737,
      "tau_std": 0.027952264267293813,
      "ess": 84499.53493699466,
      "ess_by_coordinate": [
        87786.89574205442,
        87360.13740006974,
        87321.84014421204,
        88580.80988116673,
        84499.53493699466,
        85168.06984329369,
        86154.26437964576,
        87129.59141821387,
        87168.9521362448,
        88030.15803813099,
        84911.17848566425,
        86117.9818283087,
        84594.03199112066,
        85816.88234442328,
        88508.4206511771,
        87059.4442309744
      ],
      "ess_valid_fraction": [
        1.0,
        1.0,
        1.0,
        1.0,
        1.0,
        1.0,
        1.0,
        1.0,
        1.0,
        1.0,
        1.0,
        1.0,
        1.0,
        1.0,
        1.0,
        1.0
      ],
      "n_evaluations": 480000.0,
      "evaluation_type": "gradient",
      "ess_per_eval": 0.17604069778540554,
      "time": 9.290220022201538,
      "sigma": 0.0,
      "epsilon": 2.4275708198547363,
      "n_leapfrog": 2,
      "n_warmup": 1000,
      "target_accept": 0.651,
      "gamma": 0.05,
      "t0": 10,
      "kappa": 0.75
    }
  }
}