{
  "dim": 16,
  "seed": 1,
  "condition_number": 50.0,
  "n_samples": 10000,
  "burn_in": 2000,
  "n_thin": 1,
  "n_chains": 150,
  "hwm_walkers_requested": 300,
  "jax_enable_x64": true,
  "af": false,
  "transform_affine": false,
  "summary": {
    "Dense-mass NUTS": {
      "distribution": "Gaussian",
      "tau": 1.0,
      "tau_std": 0.0,
      "ess": 1500000.0,
      "ess_by_coordinate": [
        1500000.0,
        1500000.0,
        1500000.0,
        1500000.0,
        1500000.0,
        1500000.0,
        1500000.0,
        1500000.0,
        1500000.0,
        1500000.0,
        1500000.0,
        1500000.0,
        1500000.0,
        1500000.0,
        1500000.0,
        1500000.0
      ],
      "ess_valid_fraction": [
        1.0,
        1.0,
        1.0,
        1.0,
        1.0,
        1.0,
        1.0,
        1.0,
        1.0,
        1.0,
        1.0,
        1.0,
        1.0,
        1.0,
        1.0,
        1.0
      ],
      "n_evaluations": 10389850.0,
      "evaluation_type": "gradient",
      "ess_per_eval": 0.14437167042835075,
      "time": 25.818845748901367,
      "sigma": 0.0,
      "epsilon": 0.6571635663787576,
      "n_leapfrog": 6.926566666666667,
      "n_warmup": 2000,
      "target_accept": 0.8,
      "gamma": 0.05,
      "t0": 10,
      "kappa": 0.75,
      "mean_mse": 2.125255689632866e-06,
      "cov_mse": 3.0094861092574754e-05,
      "acceptance_rate_mean": 0.8789374903828644,
      "acceptance_rate_min": 0.8137589937075579,
      "acceptance_rate_max": 0.910776202836486,
      "n_divergent": 0,
      "actual_n_chains": 150,
      "diagnostic_draws_per_chain": 200,
      "sample_finite_fraction": 1.0,
      "finite_draw_fraction": 1.0,
      "sample_covariance_rank": 16,
      "sample_covariance_full_rank": true
    },
    "Hamiltonian Walk Move": {
      "distribution": "Gaussian",
      "tau": 1.7719339567023753,
      "tau_std": 0.007421499099790728,
      "ess": 1693065.3587016833,
      "ess_by_coordinate": [
        1705198.6003737513,
        1696991.431337324,
        1716995.746841027,
        1699707.0903446262,
        1708695.0003151847,
        1715072.638286828,
        1693065.3587016833,
        1693377.659611748,
        1699115.9261210538,
        1701026.6024042661,
        1707056.013861201,
        1714399.9059881093,
        1701853.3048559765,
        1706327.7972421325,
        1709254.7846380677,
        1710078.3647470698
      ],
      "ess_valid_fraction": [
        1.0,
        1.0,
        1.0,
        1.0,
        1.0,
        1.0,
        1.0,
        1.0,
        1.0,
        1.0,
        1.0,
        1.0,
        1.0,
        1.0,
        1.0,
        1.0
      ],
      "n_evaluations": 7886250.0,
      "evaluation_type": "gradient",
      "ess_per_eval": 0.2146857325980895,
      "time": 21.156532049179077,
      "sigma": 0.0,
      "epsilon": 0.9558272151430273,
      "n_leapfrog": 1.62875,
      "n_warmup": 2000,
      "target_accept": 0.651,
      "gamma": 0.05,
      "t0": 10,
      "kappa": 0.75,
      "mean_mse": 8.082719152627758e-06,
      "cov_mse": 1.6353926714423787e-05,
      "acceptance_rate_mean": 0.6548186111111111,
      "acceptance_rate_min": 0.6548186111111111,
      "acceptance_rate_max": 0.6548186111111111,
      "n_divergent": null,
      "actual_n_chains": 300,
      "diagnostic_draws_per_chain": 200,
      "sample_finite_fraction": 1.0,
      "finite_draw_fraction": 1.0,
      "sample_covariance_rank": 16,
      "sample_covariance_full_rank": true
    },
    "Stretch Move": {
      "distribution": "Gaussian",
      "tau": 135.85303219886,
      "tau_std": 4.756854079930195,
      "ess": 11041.343543987434,
      "ess_by_coordinate": [
        11041.343543987434,
        11187.302027008178,
        11305.071349547845,
        11646.38697017047,
        11375.553695311559,
        12114.403900576264,
        12050.249041673884,
        12365.58285213262,
        11353.255129220444,
        11568.422926279298,
        11306.521650456742,
        12331.575620131389,
        12166.891024242921,
        11643.06178569307,
        11268.924204899386,
        12199.356876905444
      ],
      "ess_valid_fraction": [
        0.9466666666666667,
        0.9533333333333334,
        0.9466666666666667,
        0.96,
        0.92,
        0.98,
        0.9533333333333334,
        0.9466666666666667,
        0.9466666666666667,
        0.9533333333333334,
        0.9533333333333334,
        0.9466666666666667,
        0.94,
        0.9666666666666667,
        0.94,
        0.9733333333333334
      ],
      "n_evaluations": 1500000.0,
      "evaluation_type": "function",
      "ess_per_eval": 0.007360895695991623,
      "time": 4.1258344650268555,
      "sigma": 0.0,
      "epsilon": 0.0,
      "n_leapfrog": null,
      "n_warmup": null,
      "target_accept": null,
      "gamma": null,
      "t0": null,
      "kappa": null,
      "mean_mse": 0.0013499018631539786,
      "cov_mse": 0.0012730938891878992,
      "acceptance_rate_mean": 0.5010055555555556,
      "acceptance_rate_min": 0.4900833333333333,
      "acceptance_rate_max": 0.5156666666666667,
      "n_divergent": null,
      "actual_n_chains": 150,
      "diagnostic_draws_per_chain": 200,
      "sample_finite_fraction": 1.0,
      "finite_draw_fraction": 1.0,
      "sample_covariance_rank": 16,
      "sample_covariance_full_rank": true
    },
    "HMC": {
      "distribution": "Gaussian",
      "tau": 2.5889713931930562,
      "tau_std": 0.018559078606794822,
      "ess": 579380.6775709502,
      "ess_by_coordinate": [
        589830.0542947822,
        587794.0122916305,
        585452.3883379906,
        586825.7033809684,
        583974.1891226468,
        593534.2741146111,
        596073.4718027379,
        586931.6802565661,
        586592.4353322594,
        588533.5812934086,
        585730.1356018016,
        583302.2658759279,
        583819.5763662786,
        592576.9999367923,
        579380.6775709502,
        593257.6809572547
      ],
      "ess_valid_fraction": [
        1.0,
        1.0,
        1.0,
        1.0,
        1.0,
        1.0,
        1.0,
        1.0,
        1.0,
        1.0,
        1.0,
        1.0,
        1.0,
        1.0,
        1.0,
        1.0
      ],
      "n_evaluations": 3440750.0000000005,
      "evaluation_type": "gradient",
      "ess_per_eval": 0.16838790309407836,
      "time": 12.589514255523682,
      "sigma": 0.0,
      "epsilon": 3.0538900325903393,
      "n_leapfrog": 1.2938333333333334,
      "n_warmup": 2000,
      "target_accept": 0.651,
      "gamma": 0.05,
      "t0": 10,
      "kappa": 0.75,
      "mean_mse": 1.7148304982940133e-05,
      "cov_mse": 2.3662905534789966e-05,
      "acceptance_rate_mean": 0.6514977777777776,
      "acceptance_rate_min": 0.6514977777777777,
      "acceptance_rate_max": 0.6514977777777777,
      "n_divergent": null,
      "actual_n_chains": 150,
      "diagnostic_draws_per_chain": 200,
      "sample_finite_fraction": 1.0,
      "finite_draw_fraction": 1.0,
      "sample_covariance_rank": 16,
      "sample_covariance_full_rank": true
    }
  }
}