{
  "dim": 32,
  "seed": 4,
  "n_samples": 10000,
  "burn_in": 2000,
  "n_thin": 1,
  "n_chains": 100,
  "hwm_walkers_requested": 300,
  "jax_enable_x64": true,
  "af": true,
  "initialization_mode": "agnostic",
  "initialization_description": "independent N(0, 2^2) coordinates in the intrinsic Rosenbrock frame",
  "transform_affine": true,
  "overlay_rosenbrock": {
    "a": 1.0,
    "b": 100.0,
    "sigma": 1.5
  },
  "summary": {
    "Dense-mass NUTS": {
      "distribution": "Paired Rosenbrock",
      "tau": 25.938170610255813,
      "tau_std": 5.806812974038687,
      "ess": 38553.22007962294,
      "ess_by_coordinate": [
        289068.65388545126,
        227652.84222423678,
        276419.27851578343,
        216116.18956017774,
        281336.44037278957,
        220220.95288373344,
        271870.2354471067,
        214989.21681119376,
        262402.2350378013,
        203183.05879989846,
        248007.44176200102,
        202811.4984898046,
        230642.84350917197,
        183849.19299405624,
        223118.87799259726,
        188437.42590238253,
        214924.26646115043,
        173948.12853183117,
        176039.55927686722,
        148348.4939510665,
        177457.42137585045,
        148743.34840183152,
        133597.33484854433,
        113721.02055626096,
        113623.41896187128,
        93121.51016911161,
        78798.61561240013,
        65665.42458523928,
        65988.04717080203,
        52952.110159410884,
        41638.391917920206,
        38553.22007962294
      ],
      "ess_valid_fraction": [
        1.0,
        1.0,
        1.0,
        1.0,
        1.0,
        1.0,
        1.0,
        1.0,
        1.0,
        1.0,
        1.0,
        1.0,
        1.0,
        1.0,
        1.0,
        1.0,
        1.0,
        1.0,
        1.0,
        1.0,
        1.0,
        1.0,
        1.0,
        1.0,
        1.0,
        1.0,
        1.0,
        0.99,
        1.0,
        1.0,
        0.99,
        0.98
      ],
      "n_evaluations": 252347056.6666667,
      "evaluation_type": "gradient",
      "ess_per_eval": 0.00015277856056212743,
      "time": 327.3271780014038,
      "sigma": 1.5,
      "epsilon": 0.011403698460466181,
      "n_leapfrog": 252.34705666666667,
      "n_warmup": 2000,
      "target_accept": 0.8,
      "cond": 100.0,
      "mean_mse": 0.0009043112013552476,
      "cov_mse": 0.0017381136611523864,
      "acceptance_rate_mean": 0.8931213800990693,
      "acceptance_rate_min": 0.7791678703879543,
      "acceptance_rate_max": 0.9451468067568546,
      "n_divergent": 759,
      "actual_n_chains": 100,
      "diagnostic_draws_per_chain": 200,
      "sample_finite_fraction": 1.0,
      "finite_draw_fraction": 1.0,
      "sample_covariance_rank": 32,
      "sample_covariance_full_rank": true
    },
    "Hamiltonian Walk Move": {
      "distribution": "Paired Rosenbrock",
      "tau": 5.630150579566484,
      "tau_std": 0.9557004141190644,
      "ess": 532845.4288394889,
      "ess_by_coordinate": [
        885110.3752105404,
        575533.4717052616,
        882186.5879621496,
        575399.3418643025,
        855423.2687958912,
        552945.4465805921,
        861415.2372434302,
        554989.3719101549,
        867252.4576758088,
        562767.6960681346,
        833917.6922478101,
        534117.0296291076,
        851863.7452219264,
        550742.5184675658,
        871489.1057691548,
        551541.7349585616,
        835351.184938653,
        545174.442539439,
        867967.0189974111,
        562023.789827734,
        868381.1242986503,
        562078.0737551737,
        835888.1634877867,
        532845.4288394889,
        888433.1800100249,
        563484.2344751789,
        858691.6194016887,
        566962.9071597871,
        853440.1294750032,
        561805.9986561562,
        831832.383251243,
        550265.185130696
      ],
      "ess_valid_fraction": [
        0.9933333333333333,
        0.9966666666666667,
        0.9966666666666667,
        1.0,
        0.9966666666666667,
        1.0,
        1.0,
        1.0,
        0.9966666666666667,
        0.9966666666666667,
        1.0,
        1.0,
        1.0,
        1.0,
        1.0,
        0.9966666666666667,
        0.9966666666666667,
        0.9966666666666667,
        0.9933333333333333,
        0.9933333333333333,
        0.9966666666666667,
        0.9966666666666667,
        0.9966666666666667,
        0.9966666666666667,
        0.9966666666666667,
        0.9966666666666667,
        1.0,
        1.0,
        1.0,
        1.0,
        1.0,
        1.0
      ],
      "n_evaluations": 502543249.99999994,
      "evaluation_type": "gradient",
      "ess_per_eval": 0.001060297653663618,
      "time": 198.47631883621216,
      "sigma": 1.5,
      "epsilon": 0.02122630592524881,
      "n_leapfrog": 166.51441666666665,
      "n_warmup": 2000,
      "target_accept": 0.651,
      "cond": 100.0,
      "mean_mse": 0.00041229998468923925,
      "cov_mse": 0.0017162028096999766,
      "acceptance_rate_mean": 0.6509808333333335,
      "acceptance_rate_min": 0.6509808333333333,
      "acceptance_rate_max": 0.6509808333333333,
      "n_divergent": null,
      "actual_n_chains": 300,
      "diagnostic_draws_per_chain": 200,
      "sample_finite_fraction": 1.0,
      "finite_draw_fraction": 1.0,
      "sample_covariance_rank": 32,
      "sample_covariance_full_rank": true
    },
    "Stretch Move": {
      "distribution": "Paired Rosenbrock",
      "tau": 3939.646564050014,
      "tau_std": 626.3267431177903,
      "ess": 253.82987629529524,
      "ess_by_coordinate": [
        485.5335928537778,
        1146.8899987938312,
        502.8385775450523,
        780.2243006079559,
        556.5721145052778,
        1274.2798414487775,
        656.328130628197,
        1272.049721314165,
        656.7139971143071,
        918.2857524107746,
        843.977305875032,
        1122.4011721636305,
        413.42158605420997,
        1010.1345165461665,
        468.23844324652737,
        991.7433941496616,
        551.1004772646,
        728.3244740593635,
        253.82987629529524,
        783.0154311603346,
        514.542922886933,
        812.8992109084189,
        483.66020674670636,
        776.6147488233422,
        439.6355621131476,
        737.8020744423145,
        611.3265026185636,
        635.0822498468006,
        570.4994544057688,
        1245.423524244545,
        703.3212498566148,
        502.6587543317665
      ],
      "ess_valid_fraction": [
        0.12,
        0.26,
        0.13,
        0.17,
        0.12,
        0.26,
        0.15,
        0.3,
        0.14,
        0.2,
        0.23,
        0.27,
        0.11,
        0.2,
        0.1,
        0.19,
        0.13,
        0.18,
        0.06,
        0.17,
        0.12,
        0.2,
        0.11,
        0.19,
        0.12,
        0.15,
        0.15,
        0.13,
        0.15,
        0.29,
        0.18,
        0.13
      ],
      "n_evaluations": 1000000.0,
      "evaluation_type": "function",
      "ess_per_eval": 0.00025382987629529524,
      "time": 4.480131149291992,
      "sigma": 1.5,
      "epsilon": 0.0,
      "n_leapfrog": null,
      "n_warmup": null,
      "target_accept": null,
      "cond": 100.0,
      "mean_mse": 4.408923313746058,
      "cov_mse": 0.9659677701880579,
      "acceptance_rate_mean": 0.17320666666666668,
      "acceptance_rate_min": 0.1355,
      "acceptance_rate_max": 0.21475,
      "n_divergent": null,
      "actual_n_chains": 100,
      "diagnostic_draws_per_chain": 200,
      "sample_finite_fraction": 1.0,
      "finite_draw_fraction": 1.0,
      "sample_covariance_rank": 32,
      "sample_covariance_full_rank": true
    },
    "HMC": {
      "distribution": "Paired Rosenbrock",
      "tau": 1881.1377064161886,
      "tau_std": 508.32645940730487,
      "ess": 531.5931930922429,