{
  "dim": 32,
  "seed": 4,
  "n_samples": 10000,
  "burn_in": 1000,
  "n_thin": 1,
  "n_chains": 100,
  "af": true,
  "initialization_mode": "agnostic",
  "initialization_description": "independent N(0, 2^2) coordinates in the intrinsic Rosenbrock frame",
  "transform_affine": true,
  "overlay_rosenbrock": {
    "a": 1.0,
    "b": 100.0,
    "sigma": 0.7
  },
  "summary": {
    "Dense-mass NUTS": {
      "distribution": "Paired Rosenbrock",
      "tau": 3423.814611483823,
      "tau_std": 807.4167615022969,
      "ess": 292.0718886606472,
      "ess_by_coordinate": [
        1507.8363892142693,
        1750.6849583419685,
        1875.1801004280894,
        1600.9619234984343,
        1369.0739853281352,
        1318.8235979015383,
        1392.0882431198581,
        1716.017326557499,
        1132.4193432229613,
        1215.4779259238735,
        807.8830296930164,
        744.9937763227034,
        520.8199888159842,
        472.82475036998017,
        468.398020506767,
        605.495657168064,
        725.2121709061719,
        605.6048125942672,
        695.1281866430731,
        622.3677011047976,
        319.56906238428104,
        374.49260953338853,
        490.58271767706236,
        655.4517357430321,
        782.9767499383152,
        756.076295725934,
        292.0718886606472,
        499.10528483647994,
        472.58443124617406,
        339.5455876021023,
        337.9589705316604,
        478.7776321875149
      ],
      "ess_valid_fraction": [
        0.15,
        0.15,
        0.19,
        0.2,
        0.17,
        0.18,
        0.2,
        0.23,
        0.17,
        0.16,
        0.11,
        0.13,
        0.11,
        0.09,
        0.08,
        0.14,
        0.14,
        0.12,
        0.13,
        0.15,
        0.08,
        0.08,
        0.1,
        0.14,
        0.17,
        0.16,
        0.08,
        0.11,
        0.12,
        0.08,
        0.08,
        0.07
      ],
      "n_evaluations": 254964965.45454544,
      "evaluation_type": "gradient",
      "ess_per_eval": 1.1455373413360867e-06,
      "time": 286.64665818214417,
      "sigma": 0.7,
      "epsilon": 0.0002981359721161425,
      "n_leapfrog": 254.96496545454545,
      "n_warmup": 1000,
      "target_accept": 0.8,
      "cond": 100.0
    },
    "Hamiltonian Walk Move": {
      "distribution": "Paired Rosenbrock",
      "tau": 5542.175741049822,
      "tau_std": 980.9765234323269,
      "ess": 180.43455255184236,
      "ess_by_coordinate": [
        466.8516884847059,
        315.87437318378903,
        371.93728112849715,
        329.33373536463546,
        448.36120409715244,
        180.43455255184236,
        686.4892483060604,
        254.37559362593964,
        686.0417210092019,
        249.10818221417577,
        747.2370963305134,
        327.89580745126466,
        330.9648742040014,
        511.3492084932873,
        276.9760320023617,
        190.507912304132,
        327.60430447938387,
        520.864924877572,
        305.46799617781045,
        349.7756514060965,
        251.80189583097217,
        315.7085157601415,
        255.11665229486422,
        435.8366966797591,
        350.3762306849062,
        342.28044174572415,
        464.0127872895372,
        260.4947960651719,
        422.87259684821055,
        502.0656663991564,
        269.4992772770433,
        327.5066994528802
      ],
      "ess_valid_fraction": [
        0.12,
        0.08,
        0.09,
        0.09,
        0.12,
        0.05,
        0.17,
        0.07,
        0.18,
        0.06,
        0.19,
        0.09,
        0.08,
        0.13,
        0.07,
        0.05,
        0.09,
        0.12,
        0.09,
        0.08,
        0.06,
        0.08,
        0.06,
        0.1,
        0.09,
        0.08,
        0.11,
        0.06,
        0.11,
        0.12,
        0.06,
        0.08
      ],
      "n_evaluations": 1001000000.0,
      "evaluation_type": "gradient",
      "ess_per_eval": 1.8025429825358876e-07,
      "time": 724.8881664276123,
      "sigma": 0.7,
      "epsilon": 3.670253931886691e-07,
      "n_leapfrog": 1000,
      "n_warmup": 1000,
      "target_accept": 0.651,
      "cond": 100.0
    },
    "Stretch Move": {
      "distribution": "Paired Rosenbrock",
      "tau": 3005.5321231427574,
      "tau_std": 634.8103853062892,
      "ess": 332.7197843935677,
      "ess_by_coordinate": [
        510.0513347177815,
        1048.2006624084102,
        516.6280567303221,
        984.0687155692366,
        394.19275232581384,
        431.4379738857018,
        567.9527875227841,
        949.1048948633111,
        1006.8988878188462,
        1359.6407095887591,
        377.22006991569015,
        598.5310798949654,
        332.7197843935677,
        377.16915031190894,
        501.02155006342053,
        1424.411645405752,
        415.2103093139419,
        970.3066703997188,
        418.49762910172234,
        938.4456595430528,
        738.0987658648066,
        546.168298135858,
        418.74110671567917,
        645.8872391663183,
        766.6621084114149,
        895.2577765045817,
        415.7703019291666,
        860.2040795724544,
        722.5195194360813,
        859.9165765101129,
        724.3906781350797,
        573.3503487471885
      ],
      "ess_valid_fraction": [
        0.14,
        0.25,
        0.14,
        0.22,
        0.1,
        0.1,
        0.14,
        0.21,
        0.25,
        0.3,
        0.09,
        0.15,
        0.09,
        0.1,
        0.12,
        0.32,
        0.09,
        0.21,
        0.1,
        0.19,
        0.18,
        0.12,
        0.09,
        0.16,
        0.18,
        0.2,
        0.11,
        0.2,
        0.18,
        0.18,
        0.15,
        0.15
      ],
      "n_evaluations": 1000000.0,
      "evaluation_type": "function",
      "ess_per_eval": 0.0003327197843935677,
      "time": 4.304082870483398,
      "sigma": 0.7,
      "epsilon": 0.0,
      "n_leapfrog": null,
      "n_warmup": null,
      "target_accept": null,
      "cond": 100.0
    },
    "HMC": {
      "distribution": "Paired Rosenbrock",
      "tau": 2459.248055551156,
      "tau_std": 643.7377593347899,
      "ess": 406.6283585109451,
      "ess_by_coordinate": [
        8782.419895077075,
        7549.768919326092,
        6776.2915564858995,
        6129.252304635218,
        4836.6317039372225,
        4344.078299910541,
        3667.1555485340186,
        3170.863918329278,
        2571.6409157674157,
        2503.1291495400546,
        2338.4161527234587,
        2712.9565492907213,
        1172.3259477282745,
        1952.1521318042335,
        1509.6338632559762,
        1661.1085125982258,
        953.2614592804009,
        1427.0008074667928,
        867.9875916865428,
        1259.2792029647158,
        793.8889897917574,
        981.6040920143116,
        422.37188918261955,
        881.6392029451837,
        520.907144168257,
        1029.755224656436,
        630.866819475159,
        740.8171345860035,
        406.6283585109451,
        977.9306119942931,
        495.2005701913934,
        831.8067276060328
      ],
      "ess_valid_fraction": [
        0.94,
        0.94,
        0.91,
        0.81,
        0.77,
        0.7,
        0.64,
        0.57,
        0.51,
        0.5,
        0.47,
        0.55,
        0.28,
        0.38,
        0.32,
        0.34,
        0.22,
        0.29,
        0.21,
        0.26,
        0.17,
        0.22,
        0.11,
        0.21,
        0.12,
        0.24,
        0.16,
        0.17,
        0.09,
        0.23,
        0.12,
        0.2
      ],
      "n_evaluations": 1001000000.0,
      "evaluation_type": "gradient",
      "ess_per_eval": 4.0622213637457053e-07,
      "time": 364.7716648578644,
      "sigma": 0.7,
      "epsilon": 0.0009768890449777246,
      "n_leapfrog": 1000,
      "n_warmup": 1000,
      "target_accept": 0.651,
      "cond": 100.0
    }
  }
}