{
  "dim": 32,
  "seed": 3,
  "condition_number": 50.0,
  "n_samples": 10000,
  "burn_in": 2000,
  "n_thin": 1,
  "n_chains": 150,
  "hwm_walkers_requested": 300,
  "jax_enable_x64": true,
  "af": false,
  "transform_affine": false,
  "summary": {
    "Dense-mass NUTS": {
      "distribution": "Gaussian",
      "tau": 1.0,
      "tau_std": 0.0,
      "ess": 1500000.0,
      "ess_by_coordinate": [
        1500000.0,
        1500000.0,
        1500000.0,
        1500000.0,
        1500000.0,
        1500000.0,
        1500000.0,
        1500000.0,
        1500000.0,
        1500000.0,
        1500000.0,
        1500000.0,
        1500000.0,
        1500000.0,
        1500000.0,
        1500000.0,
        1500000.0,
        1500000.0,
        1500000.0,
        1500000.0,
        1500000.0,
        1500000.0,
        1500000.0,
        1500000.0,
        1500000.0,
        1500000.0,
        1500000.0,
        1500000.0,
        1500000.0,
        1500000.0,
        1500000.0,
        1500000.0
      ],
      "ess_valid_fraction": [
        1.0,
        1.0,
        1.0,
        1.0,
        1.0,
        1.0,
        1.0,
        1.0,
        1.0,
        1.0,
        1.0,
        1.0,
        1.0,
        1.0,
        1.0,
        1.0,
        1.0,
        1.0,
        1.0,
        1.0,
        1.0,
        1.0,
        1.0,
        1.0,
        1.0,
        1.0,
        1.0,
        1.0,
        1.0,
        1.0,
        1.0,
        1.0
      ],
      "n_evaluations": 10526900.0,
      "evaluation_type": "gradient",
      "ess_per_eval": 0.14249209168891128,
      "time": 71.59352350234985,
      "sigma": 0.0,
      "epsilon": 0.5974641727355949,
      "n_leapfrog": 7.017933333333334,
      "n_warmup": 2000,
      "target_accept": 0.8,
      "gamma": 0.05,
      "t0": 10,
      "kappa": 0.75,
      "mean_mse": 4.447076121640627e-06,
      "cov_mse": 4.824572391370846e-05,
      "acceptance_rate_mean": 0.8696591512972816,
      "acceptance_rate_min": 0.8068252055023598,
      "acceptance_rate_max": 0.9170847698588314,
      "n_divergent": 0,
      "actual_n_chains": 150,
      "diagnostic_draws_per_chain": 200,
      "sample_finite_fraction": 1.0,
      "finite_draw_fraction": 1.0,
      "sample_covariance_rank": 32,
      "sample_covariance_full_rank": true
    },
    "Hamiltonian Walk Move": {
      "distribution": "Gaussian",
      "tau": 1.2955237575898577,
      "tau_std": 0.007346335845735563,
      "ess": 2315665.754814936,
      "ess_by_coordinate": [
        2320993.227277292,
        2315665.754814936,
        2325311.3542298805,
        2329881.282080398,
        2337497.4946053233,
        2337692.185807273,
        2332944.0404887768,
        2359375.307120794,
        2341702.2463673367,
        2327522.064878861,
        2327492.4786139466,
        2342117.443503921,
        2329220.913964594,
        2350318.554047702,
        2341271.0683765765,
        2327023.3214472216,
        2320352.0033550393,
        2331766.3483332954,
        2359946.7489175536,
        2349267.4058042774,
        2360031.004835704,
        2321184.601651661,
        2356150.0095193423,
        2332995.5892642043,
        2352497.0383963143,
        2316876.9778420837,
        2322463.7454272127,
        2344927.925980491,
        2344676.685552649,
        2360709.35841439,
        2344288.4989686217,
        2333783.1563546234
      ],
      "ess_valid_fraction": [
        1.0,
        1.0,
        1.0,
        1.0,
        1.0,
        1.0,
        1.0,
        1.0,
        1.0,
        1.0,
        1.0,
        1.0,
        1.0,
        1.0,
        1.0,
        1.0,
        1.0,
        1.0,
        1.0,
        1.0,
        1.0,
        1.0,
        1.0,
        1.0,
        1.0,
        1.0,
        1.0,
        1.0,
        1.0,
        1.0,
        1.0,
        1.0
      ],
      "n_evaluations": 9945750.0,
      "evaluation_type": "gradient",
      "ess_per_eval": 0.23282967647637792,
      "time": 24.954549312591553,
      "sigma": 0.0,
      "epsilon": 0.8505699758201695,
      "n_leapfrog": 2.31525,
      "n_warmup": 2000,
      "target_accept": 0.651,
      "gamma": 0.05,
      "t0": 10,
      "kappa": 0.75,
      "mean_mse": 2.919811017404101e-06,
      "cov_mse": 2.8577648241797647e-05,
      "acceptance_rate_mean": 0.6515919444444443,
      "acceptance_rate_min": 0.6515919444444443,
      "acceptance_rate_max": 0.6515919444444443,
      "n_divergent": null,
      "actual_n_chains": 300,
      "diagnostic_draws_per_chain": 200,
      "sample_finite_fraction": 1.0,
      "finite_draw_fraction": 1.0,
      "sample_covariance_rank": 32,
      "sample_covariance_full_rank": true
    },
    "Stretch Move": {
      "distribution": "Gaussian",
      "tau": 251.63748855059717,
      "tau_std": 12.485782213637641,
      "ess": 5960.95601112468,
      "ess_by_coordinate": [
        6751.889110825088,
        6464.592228054375,
        6301.993428797129,
        6576.131298962067,
        6643.228871996393,
        6410.161815659412,
        6363.3883073369,
        7667.0700969554455,
        7119.370448715937,
        7282.6848229114685,
        7318.770133725715,
        6732.670216614589,
        7408.733292652451,
        6496.541179368082,
        6730.10438316925,
        7155.22914197634,
        6407.441643032996,
        7021.594365582483,
        6908.598448564903,
        6827.28725776013,
        5998.914872075954,
        6925.098138817944,
        6835.541092634654,
        6513.237220150287,
        6908.079597033461,
        5960.95601112468,
        6566.522716962405,
        6809.565449844488,
        6891.337877151716,
        6653.830207094771,
        6670.345928106672,
        7146.093521012622
      ],
      "ess_valid_fraction": [
        0.7733333333333333,
        0.7333333333333333,
        0.7533333333333333,
        0.6866666666666666,
        0.7533333333333333,
        0.76,
        0.7333333333333333,
        0.8466666666666667,
        0.7933333333333333,
        0.7866666666666666,
        0.82,
        0.78,
        0.8066666666666666,
        0.7533333333333333,
        0.7933333333333333,
        0.8133333333333334,
        0.7933333333333333,
        0.7866666666666666,
        0.8,
        0.7866666666666666,
        0.7,
        0.8,
        0.8,
        0.74,
        0.7933333333333333,
        0.6866666666666666,
        0.7666666666666667,
        0.78,
        0.7866666666666666,
        0.7733333333333333,
        0.7733333333333333,
        0.8133333333333334
      ],
      "n_evaluations": 1500000.0,
      "evaluation_type": "function",
      "ess_per_eval": 0.00397397067408312,
      "time": 7.990649461746216,
      "sigma": 0.0,
      "epsilon": 0.0,
      "n_leapfrog": null,
      "n_warmup": null,
      "target_accept": null,
      "gamma": null,
      "t0": null,
      "kappa": null,
      "mean_mse": 0.003212453859318512,
      "cov_mse": 0.005358030025614806,
      "acceptance_rate_mean": 0.477795,
      "acceptance_rate_min": 0.46625,
      "acceptance_rate_max": 0.48691666666666666,
      "n_divergent": null,
      "actual_n_chains": 150,
      "diagnostic_draws_per_chain": 200,
      "sample_finite_fraction": 1.0,
      "finite_draw_fraction": 1.0,
      "sample_covariance_rank": 32,
      "sample_covariance_full_rank": true
    },
    "HMC": {
      "distribution": "Gaussian",
      "tau": 2.7798306842043714,
      "tau_std": 0.026629450701696204,
      "ess": 539601.2097151601,