{
  "dim": 32,
  "seed": 3,
  "condition_number": 50.0,
  "n_samples": 10000,
  "burn_in": 1000,
  "n_thin": 1,
  "n_chains": 16,
  "af": false,
  "transform_affine": false,
  "summary": {
    "Dense-mass NUTS": {
      "distribution": "Gaussian",
      "tau": 1.0,
      "tau_std": 0.0,
      "ess": 160000.0,
      "ess_by_coordinate": [
        160000.0,
        160000.0,
        160000.0,
        160000.0,
        160000.0,
        160000.0,
        160000.0,
        160000.0,
        160000.0,
        160000.0,
        160000.0,
        160000.0,
        160000.0,
        160000.0,
        160000.0,
        160000.0,
        160000.0,
        160000.0,
        160000.0,
        160000.0,
        160000.0,
        160000.0,
        160000.0,
        160000.0,
        160000.0,
        160000.0,
        160000.0,
        160000.0,
        160000.0,
        160000.0,
        160000.0,
        160000.0
      ],
      "ess_valid_fraction": [
        1.0,
        1.0,
        1.0,
        1.0,
        1.0,
        1.0,
        1.0,
        1.0,
        1.0,
        1.0,
        1.0,
        1.0,
        1.0,
        1.0,
        1.0,
        1.0,
        1.0,
        1.0,
        1.0,
        1.0,
        1.0,
        1.0,
        1.0,
        1.0,
        1.0,
        1.0,
        1.0,
        1.0,
        1.0,
        1.0,
        1.0,
        1.0
      ],
      "n_evaluations": 1131978.1818181819,
      "evaluation_type": "gradient",
      "ess_per_eval": 0.1413454804782617,
      "time": 50.2873740196228,
      "sigma": 0.0,
      "epsilon": 0.5817739963531494,
      "n_leapfrog": 7.074863636363636,
      "n_warmup": 1000,
      "target_accept": 0.8,
      "gamma": 0.05,
      "t0": 10,
      "kappa": 0.75
    },
    "Hamiltonian Walk Move": {
      "distribution": "Gaussian",
      "tau": 12.416777910201466,
      "tau_std": 0.45565578684886654,
      "ess": 12885.790593753476,
      "ess_by_coordinate": [
        13817.594742388468,
        12941.859587474906,
        13337.035778594454,
        13034.710532440298,
        14071.300184510197,
        13568.66604058034,
        14093.946895863517,
        13060.540368969429,
        13994.559442791502,
        13477.824424485101,
        13493.55744231455,
        14074.145374177097,
        13697.019798651996,
        15210.004505211995,
        13870.968896584413,
        14402.200060828445,
        13063.602338463108,
        14892.799052632668,
        14149.251146034723,
        13873.38712785945,
        14251.366159665711,
        13614.78486485946,
        14166.624284368205,
        13942.851605737203,
        14034.748363847288,
        13320.964717131617,
        13404.370404828976,
        13926.10799221652,
        12895.945281929495,
        12885.790593753476,
        13970.322090515714,
        14152.208092895751
      ],
      "ess_valid_fraction": [
        1.0,
        1.0,
        1.0,
        1.0,
        1.0,
        1.0,
        1.0,
        1.0,
        1.0,
        1.0,
        1.0,
        1.0,
        1.0,
        1.0,
        1.0,
        1.0,
        1.0,
        1.0,
        1.0,
        1.0,
        1.0,
        1.0,
        1.0,
        1.0,
        1.0,
        1.0,
        1.0,
        1.0,
        1.0,
        1.0,
        1.0,
        1.0
      ],
      "n_evaluations": 1280000.0,
      "evaluation_type": "gradient",
      "ess_per_eval": 0.010067023901369904,
      "time": 18.68899965286255,
      "sigma": 0.0,
      "epsilon": 0.47734931111335754,
      "n_leapfrog": 7,
      "n_warmup": 1000,
      "target_accept": 0.651,
      "gamma": 0.05,
      "t0": 10,
      "kappa": 0.75
    },
    "Stretch Move": {
      "distribution": "Gaussian",
      "tau": 560.8652724078737,
      "tau_std": 69.08171979210789,
      "ess": 285.2735012690257,
      "ess_by_coordinate": [
        482.10889575047906,
        624.5364801837153,
        611.9361748729581,
        431.70939800761056,
        511.90288237052386,
        546.7845770573077,
        559.9219056248145,
        421.79807691835754,
        499.6294550744304,
        599.976100151738,
        460.08363784574937,
        429.738532394895,
        691.6569475791092,
        456.01522784791314,
        392.0253741572337,
        476.3956842880091,
        445.5696652258078,
        343.8846904191117,
        285.2735012690257,
        395.99054517624427,
        546.265974747648,
        492.1942618947496,
        317.8747804612534,
        531.4090696940718,
        514.770581943874,
        485.99390847503446,
        482.5193770171839,
        556.9185124410989,
        492.6083549241227,
        464.74020562216174,
        567.0654933767705,
        506.89428258048525
      ],
      "ess_valid_fraction": [
        0.625,
        0.75,
        0.8125,
        0.625,
        0.625,
        0.625,
        0.6875,
        0.625,
        0.625,
        0.5,
        0.625,
        0.5625,
        0.8125,
        0.625,
        0.5,
        0.625,
        0.5625,
        0.5,
        0.375,
        0.5,
        0.625,
        0.625,
        0.375,
        0.625,
        0.75,
        0.5625,
        0.5625,
        0.625,
        0.625,
        0.5625,
        0.6875,
        0.6875
      ],
      "n_evaluations": 160000.0,
      "evaluation_type": "function",
      "ess_per_eval": 0.0017829593829314107,
      "time": 1.9505188465118408,
      "sigma": 0.0,
      "epsilon": 0.0,
      "n_leapfrog": null,
      "n_warmup": null,
      "target_accept": null,
      "gamma": null,
      "t0": null,
      "kappa": null
    },
    "HMC": {
      "distribution": "Gaussian",
      "tau": 1.9243402124753035,
      "tau_std": 0.03960085442754545,
      "ess": 83145.38092731012,
      "ess_by_coordinate": [
        85933.40527121366,
        89168.65226433979,
        88280.32181105716,
        90333.5347481605,
        83145.38092731012,
        83317.0967049695,
        85150.48412548874,
        85313.97270964243,
        83218.9952734631,
        84911.14256562782,
        85508.46106521974,
        87309.82146947304,
        89795.89268702138,
        85896.54383740973,
        86482.00318659467,
        86925.28254411904,
        87466.8415130357,
        85174.99902437876,
        86066.36555277975,
        85929.75754624832,
        87836.6788849506,
        86575.5266258663,
        87813.12370585802,
        83677.00504690775,
        90374.41980796351,
        85454.97343379473,
        86002.95204151624,
        85122.2437892624,
        86669.81115456275,
        86754.1519028406,
        85286.15995770888,
        85601.24752230842
      ],
      "ess_valid_fraction": [
        1.0,
        1.0,
        1.0,
        1.0,
        1.0,
        1.0,
        1.0,
        1.0,
        1.0,
        1.0,
        1.0,
        1.0,
        1.0,
        1.0,
        1.0,
        1.0,
        1.0,
        1.0,
        1.0,
        1.0,
        1.0,
        1.0,
        1.0,
        1.0,
        1.0,
        1.0,
        1.0,
        1.0,
        1.0,
        1.0,
        1.0,
        1.0
      ],
      "n_evaluations": 480000.0,
      "evaluation_type": "gradient",
      "ess_per_eval": 0.17321954359856276,
      "time": 9.50981855392456,
      "sigma": 0.0,
      "epsilon": 2.052581548690796,
      "n_leapfrog": 2,
      "n_warmup": 1000,
      "target_accept": 0.651,
      "gamma": 0.05,
      "t0": 10,
      "kappa": 0.75
    }
  }
}