{
  "dim": 32,
  "seed": 3,
  "n_samples": 10000,
  "burn_in": 1000,
  "n_thin": 1,
  "n_chains": 100,
  "cond": 100.0,
  "af": true,
  "transform_affine": true,
  "summary": {
    "Dense-mass NUTS": {
      "distribution": "Gaussian",
      "tau": 1.0,
      "tau_std": 0.0,
      "ess": 1000000.0,
      "ess_by_coordinate": [
        1000000.0,
        1000000.0,
        1000000.0,
        1000000.0,
        1000000.0,
        1000000.0,
        1000000.0,
        1000000.0,
        1000000.0,
        1000000.0,
        1000000.0,
        1000000.0,
        1000000.0,
        1000000.0,
        1000000.0,
        1000000.0,
        1000000.0,
        1000000.0,
        1000000.0,
        1000000.0,
        1000000.0,
        1000000.0,
        1000000.0,
        1000000.0,
        1000000.0,
        1000000.0,
        1000000.0,
        1000000.0,
        1000000.0,
        1000000.0,
        1000000.0,
        1000000.0
      ],
      "ess_valid_fraction": [
        1.0,
        1.0,
        1.0,
        1.0,
        1.0,
        1.0,
        1.0,
        1.0,
        1.0,
        1.0,
        1.0,
        1.0,
        1.0,
        1.0,
        1.0,
        1.0,
        1.0,
        1.0,
        1.0,
        1.0,
        1.0,
        1.0,
        1.0,
        1.0,
        1.0,
        1.0,
        1.0,
        1.0,
        1.0,
        1.0,
        1.0,
        1.0
      ],
      "n_evaluations": 7033043.636363637,
      "evaluation_type": "gradient",
      "ess_per_eval": 0.1421859513041554,
      "time": 343.25092363357544,
      "sigma": 0.0,
      "epsilon": 0.5161787271499634,
      "n_leapfrog": 7.033043636363637,
      "n_warmup": 1000,
      "target_accept": 0.8,
      "gamma": 0.05,
      "t0": 10,
      "kappa": 0.75
    },
    "Hamiltonian Walk Move": {
      "distribution": "Gaussian",
      "tau": 1.2571500266663684,
      "tau_std": 0.007139080961178402,
      "ess": 795450.0089792284,
      "ess_by_coordinate": [
        804371.3001235578,
        797608.6048513849,
        805574.1502209114,
        805638.5236529176,
        800104.3782581156,
        803946.8562185422,
        812499.5588634203,
        797656.8633859346,
        802510.1998033683,
        804005.2804880633,
        797529.8147019454,
        808034.2449327079,
        797125.0312316716,
        806928.7524504594,
        806083.9833147633,
        810626.1678985766,
        814338.3018405269,
        803082.714001088,
        806551.2459315372,
        805587.3373241514,
        805343.0524052188,
        807225.231769816,
        802831.7261018475,
        808063.3349393426,
        802838.4616769948,
        803593.8920510972,
        806642.6791910585,
        814309.1491188316,
        807500.4827155822,
        800999.0793433588,
        806553.8898168246,
        795450.0089792284
      ],
      "ess_valid_fraction": [
        1.0,
        1.0,
        1.0,
        1.0,
        1.0,
        1.0,
        1.0,
        1.0,
        1.0,
        1.0,
        1.0,
        1.0,
        1.0,
        1.0,
        1.0,
        1.0,
        1.0,
        1.0,
        1.0,
        1.0,
        1.0,
        1.0,
        1.0,
        1.0,
        1.0,
        1.0,
        1.0,
        1.0,
        1.0,
        1.0,
        1.0,
        1.0
      ],
      "n_evaluations": 10000000.0,
      "evaluation_type": "gradient",
      "ess_per_eval": 0.07954500089792284,
      "time": 119.64787101745605,
      "sigma": 0.0,
      "epsilon": 0.6334957480430603,
      "n_leapfrog": 9,
      "n_warmup": 1000,
      "target_accept": 0.651,
      "gamma": 0.05,
      "t0": 10,
      "kappa": 0.75
    },
    "Stretch Move": {
      "distribution": "Gaussian",
      "tau": 291.53658668708744,
      "tau_std": 19.0026195269636,
      "ess": 3430.101214271682,
      "ess_by_coordinate": [
        4443.082683979901,
        4158.624176699659,
        3826.4221258213674,
        4283.444901696603,
        3952.2630516920813,
        4458.414966372824,
        4479.679116526549,
        4286.958511756486,
        3948.4182901789145,
        4262.399691695683,
        4736.745278449131,
        4479.649939827058,
        3430.101214271682,
        4135.582593881784,
        4649.927128268861,
        3918.8911856115947,
        4706.929696852956,
        4741.972225779253,
        4348.422841687652,
        4478.27870334824,
        3792.9310599817104,
        4066.9361210190905,
        4389.240103587532,
        4462.197636371546,
        4685.248242099528,
        4174.62497765175,
        4162.998678974005,
        4327.310551257099,
        4963.711298417809,
        4267.253371585217,
        4360.1374863390765,
        4981.6181753417895
      ],
      "ess_valid_fraction": [
        0.75,
        0.78,
        0.71,
        0.78,
        0.66,
        0.79,
        0.79,
        0.75,
        0.71,
        0.71,
        0.81,
        0.73,
        0.6,
        0.76,
        0.77,
        0.75,
        0.79,
        0.82,
        0.76,
        0.83,
        0.71,
        0.71,
        0.76,
        0.8,
        0.73,
        0.74,
        0.78,
        0.75,
        0.84,
        0.68,
        0.75,
        0.82
      ],
      "n_evaluations": 1000000.0,
      "evaluation_type": "function",
      "ess_per_eval": 0.0034301012142716816,
      "time": 6.377894878387451,
      "sigma": 0.0,
      "epsilon": 0.0,
      "n_leapfrog": null,
      "n_warmup": null,
      "target_accept": null,
      "gamma": null,
      "t0": null,
      "kappa": null
    },
    "HMC": {
      "distribution": "Gaussian",
      "tau": 1157.5140700947468,
      "tau_std": 326.23074310430377,
      "ess": 863.9203840676824,
      "ess_by_coordinate": [
        1000000.0,
        1000000.0,
        1000000.0,
        1000000.0,
        884760.845320433,
        601610.1847426508,
        416483.4501532032,
        290409.23954062816,
        203236.5641560496,
        146361.85445871818,
        107024.92351463754,
        81659.6332406308,
        59068.40133136135,
        42804.84615944638,
        32376.843743903657,
        24864.094804339835,
        19688.815580156133,
        15282.771850149657,
        12721.67399215555,
        10022.036560034063,
        7962.961792298435,
        6301.419884025225,
        5434.159218934985,
        4077.173107473309,
        3629.960424068778,
        3100.9612741675373,
        2234.077653303075,
        1914.75236843289,
        996.84447927052,
        1369.8742082866665,
        951.6587371436189,
        863.9203840676824
      ],
      "ess_valid_fraction": [
        1.0,
        1.0,
        1.0,
        1.0,
        1.0,
        1.0,
        1.0,
        1.0,
        1.0,
        1.0,
        1.0,
        1.0,
        1.0,
        1.0,
        1.0,
        1.0,
        1.0,
        0.99,
        1.0,
        0.99,
        0.95,
        0.93,
        0.82,
        0.71,
        0.7,
        0.66,
        0.5,
        0.4,
        0.24,
        0.33,
        0.22,
        0.22
      ],
      "n_evaluations": 3000000.0,
      "evaluation_type": "gradient",
      "ess_per_eval": 0.00028797346135589415,
      "time": 52.323243379592896,
      "sigma": 0.0,
      "epsilon": 4.303140163421631,
      "n_leapfrog": 2,
      "n_warmup": 1000,
      "target_accept": 0.651,
      "gamma": 0.05,
      "t0": 10,
      "kappa": 0.75
    }
  }
}