{
  "dim": 32,
  "seed": 3,
  "n_samples": 10000,
  "burn_in": 2000,
  "n_thin": 1,
  "n_chains": 100,
  "hwm_walkers_requested": 300,
  "jax_enable_x64": true,
  "af": true,
  "initialization_mode": "agnostic",
  "initialization_description": "independent N(0, 2^2) coordinates in the intrinsic Rosenbrock frame",
  "transform_affine": true,
  "overlay_rosenbrock": {
    "a": 1.0,
    "b": 100.0,
    "sigma": 1.5
  },
  "summary": {
    "Dense-mass NUTS": {
      "distribution": "Paired Rosenbrock",
      "tau": 348.211946693216,
      "tau_std": 105.49873061065517,
      "ess": 2871.8141623125484,
      "ess_by_coordinate": [
        274084.77818822255,
        220469.26353129194,
        254983.4367973925,
        199567.6647139117,
        236839.88349206717,
        194566.9850935245,
        225152.10928634802,
        174840.19134835017,
        206343.8341434457,
        162487.11523196223,
        193886.5024185872,
        156657.7372918932,
        137132.89085691253,
        113192.36385963121,
        96787.78713186947,
        80516.8169385138,
        71365.85984863606,
        60620.725600777776,
        45138.063843117925,
        36245.86795831084,
        23525.858060644565,
        22055.127944764372,
        13347.498834752223,
        11894.46501014741,
        9989.354259391785,
        8737.5439289006,
        4422.996271371364,
        4394.876548707854,
        3720.475258481807,
        3446.730171854221,
        2871.8141623125484,
        3137.1443487104557
      ],
      "ess_valid_fraction": [
        0.99,
        0.99,
        0.99,
        0.99,
        1.0,
        1.0,
        0.98,
        0.98,
        0.98,
        0.99,
        0.97,
        0.99,
        0.98,
        0.97,
        0.96,
        0.97,
        0.95,
        0.95,
        0.88,
        0.9,
        0.86,
        0.87,
        0.82,
        0.82,
        0.79,
        0.76,
        0.57,
        0.64,
        0.54,
        0.59,
        0.52,
        0.58
      ],
      "n_evaluations": 253004598.3333333,
      "evaluation_type": "gradient",
      "ess_per_eval": 1.1350837815718022e-05,
      "time": 336.23284912109375,
      "sigma": 1.5,
      "epsilon": 0.01600643804575568,
      "n_leapfrog": 253.00459833333332,
      "n_warmup": 2000,
      "target_accept": 0.8,
      "cond": 1000.0,
      "mean_mse": 0.056122674409800496,
      "cov_mse": 0.08558844550605534,
      "acceptance_rate_mean": 0.8850949671151404,
      "acceptance_rate_min": 0.46502192271980963,
      "acceptance_rate_max": 0.9669389990481971,
      "n_divergent": 8050,
      "actual_n_chains": 100,
      "diagnostic_draws_per_chain": 200,
      "sample_finite_fraction": 1.0,
      "finite_draw_fraction": 1.0,
      "sample_covariance_rank": 32,
      "sample_covariance_full_rank": true
    },
    "Hamiltonian Walk Move": {
      "distribution": "Paired Rosenbrock",
      "tau": 6.249309332695419,
      "tau_std": 0.9140818809602441,
      "ess": 480053.0491112777,
      "ess_by_coordinate": [
        691188.1909456896,
        482734.9988292206,
        707209.9752581152,
        485106.37359699793,
        677019.5211187075,
        489494.26344420324,
        714666.9601113175,
        508747.22013212147,
        711685.6462003008,
        501829.77464025095,
        699871.8872818961,
        481004.413316639,
        687805.707938686,
        494667.98775052064,
        708103.8112028845,
        489979.0172808073,
        747829.1364666072,
        484706.620910782,
        696987.03986508,
        491472.748464625,
        695820.7310320886,
        491361.2764593501,
        694733.5707430126,
        480053.0491112777,
        728371.5175163178,
        518095.4790919402,
        701906.9670391198,
        501374.0422686915,
        698796.0854941342,
        494156.88575468847,
        680433.757323393,
        494859.43905964436
      ],
      "ess_valid_fraction": [
        0.9966666666666667,
        0.9966666666666667,
        0.99,
        0.9966666666666667,
        1.0,
        0.9966666666666667,
        0.9933333333333333,
        0.99,
        0.9966666666666667,
        0.99,
        0.99,
        0.9866666666666667,
        0.9966666666666667,
        0.99,
        0.99,
        0.9933333333333333,
        1.0,
        0.9966666666666667,
        0.9933333333333333,
        0.9933333333333333,
        0.9933333333333333,
        0.9966666666666667,
        1.0,
        1.0,
        0.9833333333333333,
        0.9833333333333333,
        0.9966666666666667,
        0.9966666666666667,
        1.0,
        1.0,
        0.9933333333333333,
        0.9966666666666667
      ],
      "n_evaluations": 450811500.0,
      "evaluation_type": "gradient",
      "ess_per_eval": 0.0010648642483860277,
      "time": 183.5180263519287,
      "sigma": 1.5,
      "epsilon": 0.0213000433936928,
      "n_leapfrog": 149.2705,
      "n_warmup": 2000,
      "target_accept": 0.651,
      "cond": 1000.0,
      "mean_mse": 0.0004373295770357001,
      "cov_mse": 0.004018377109533658,
      "acceptance_rate_mean": 0.6374213888888889,
      "acceptance_rate_min": 0.6374213888888889,
      "acceptance_rate_max": 0.6374213888888889,
      "n_divergent": null,
      "actual_n_chains": 300,
      "diagnostic_draws_per_chain": 200,
      "sample_finite_fraction": 1.0,
      "finite_draw_fraction": 1.0,
      "sample_covariance_rank": 32,
      "sample_covariance_full_rank": true
    },
    "Stretch Move": {
      "distribution": "Paired Rosenbrock",
      "tau": 3545.5374408409125,
      "tau_std": 674.1187095590514,
      "ess": 282.04468763495134,
      "ess_by_coordinate": [
        519.8806918118086,
        951.1858647363493,
        339.28529776771273,
        776.0617747900388,
        563.6412580299057,
        968.988849752911,
        518.1686032875641,
        768.9108873653018,
        564.7637064816228,
        1251.5231289576977,
        744.8565507372534,
        1002.6185116970344,
        516.5187890993094,
        913.3197048849496,
        452.0573568917453,
        600.5579748412794,
        349.75948102829005,
        619.4077809977235,
        326.87004994116955,
        282.04468763495134,
        499.40824883254425,
        410.4473564698863,
        431.32265621733035,
        904.558322520499,
        691.1509089959186,
        891.5419016535556,
        661.2146480420881,
        989.1358985902741,
        677.4955930131403,
        801.7899061963117,
        591.0761328713318,
        951.5103763960044
      ],
      "ess_valid_fraction": [
        0.14,
        0.2,
        0.09,
        0.18,
        0.14,
        0.22,
        0.12,
        0.18,
        0.14,
        0.27,
        0.16,
        0.23,
        0.14,
        0.2,
        0.11,
        0.16,
        0.09,
        0.14,
        0.07,
        0.07,
        0.13,
        0.1,
        0.11,
        0.21,
        0.17,
        0.23,
        0.17,
        0.22,
        0.16,
        0.18,
        0.14,
        0.21
      ],
      "n_evaluations": 1000000.0,
      "evaluation_type": "function",
      "ess_per_eval": 0.0002820446876349513,
      "time": 4.49324631690979,
      "sigma": 1.5,
      "epsilon": 0.0,
      "n_leapfrog": null,
      "n_warmup": null,
      "target_accept": null,
      "cond": 1000.0,
      "mean_mse": 4.3368285719600905,
      "cov_mse": 0.9623421758436973,
      "acceptance_rate_mean": 0.17468666666666663,
      "acceptance_rate_min": 0.14316666666666666,
      "acceptance_rate_max": 0.20591666666666666,
      "n_divergent": null,
      "actual_n_chains": 100,
      "diagnostic_draws_per_chain": 200,
      "sample_finite_fraction": 1.0,
      "finite_draw_fraction": 1.0,
      "sample_covariance_rank": 32,
      "sample_covariance_full_rank": true
    },
    "HMC": {
      "distribution": "Paired Rosenbrock",
      "tau": 6780.4293653734685,
      "tau_std": 1337.5064258581228,
      "ess": 147.48328551386948,