{
  "dim": 32,
  "seed": 3,
  "n_samples": 10000,
  "burn_in": 1000,
  "n_thin": 1,
  "n_chains": 100,
  "af": true,
  "initialization_mode": "agnostic",
  "initialization_description": "independent N(0, 2^2) coordinates in the intrinsic Rosenbrock frame",
  "transform_affine": true,
  "overlay_rosenbrock": {
    "a": 1.0,
    "b": 100.0,
    "sigma": 0.7
  },
  "summary": {
    "Dense-mass NUTS": {
      "distribution": "Paired Rosenbrock",
      "tau": 13099.579095870931,
      "tau_std": 2361.765734587922,
      "ess": 76.33833061973772,
      "ess_by_coordinate": [
        210.18889751593983,
        307.66484960874703,
        231.63140491068424,
        97.91195415098669,
        355.0786836194424,
        151.8625372842609,
        283.7689670304452,
        306.1997909258714,
        128.63465122733533,
        352.855598640333,
        156.20867259576923,
        217.15467860935374,
        222.3544591754573,
        76.33833061973772,
        303.4344524382674,
        318.17407514151904,
        408.69378784322817,
        435.4897276850296,
        446.24770425451135,
        195.8234887523107,
        206.580346592203,
        378.4508955317678,
        337.1537367851447,
        218.02016977934582,
        219.77865995938328,
        173.98551282296293,
        277.5030381461564,
        431.42925304030257,
        369.2998802430734,
        320.96093005998773,
        160.7161259614261,
        150.16938588995922
      ],
      "ess_valid_fraction": [
        0.05,
        0.08,
        0.06,
        0.03,
        0.09,
        0.03,
        0.07,
        0.08,
        0.03,
        0.09,
        0.04,
        0.05,
        0.06,
        0.02,
        0.08,
        0.08,
        0.11,
        0.12,
        0.1,
        0.05,
        0.05,
        0.09,
        0.08,
        0.06,
        0.06,
        0.05,
        0.07,
        0.1,
        0.08,
        0.08,
        0.04,
        0.04
      ],
      "n_evaluations": 255000000.0,
      "evaluation_type": "gradient",
      "ess_per_eval": 2.99366002430344e-07,
      "time": 287.42061972618103,
      "sigma": 0.7,
      "epsilon": 0.0005409388104453683,
      "n_leapfrog": 255.0,
      "n_warmup": 1000,
      "target_accept": 0.8,
      "cond": 1000.0
    },
    "Hamiltonian Walk Move": {
      "distribution": "Paired Rosenbrock",
      "tau": 13039.552905332073,
      "tau_std": 2339.7216168569576,
      "ess": 76.68974597979388,
      "ess_by_coordinate": [
        486.84593494630417,
        507.8832998356798,
        288.6855184760171,
        464.49731517076975,
        569.2082856814944,
        76.68974597979388,
        567.8625371089873,
        329.64284612231415,
        300.4480906126305,
        450.9579192455972,
        584.8176525149913,
        286.29363016635756,
        427.9663924034061,
        358.1788133068176,
        459.97200501285306,
        507.713105761391,
        280.14131827477763,
        211.27328461738904,
        288.233149556802,
        96.78178468186246,
        493.16248841906935,
        267.9951542730996,
        234.12985645915043,
        316.0672062805287,
        399.87620241959223,
        336.28568533993985,
        282.845626656596,
        649.2042313729282,
        307.8758156506077,
        487.28042807927125,
        501.9546782911782,
        468.5805903701554
      ],
      "ess_valid_fraction": [
        0.12,
        0.13,
        0.08,
        0.12,
        0.15,
        0.02,
        0.14,
        0.09,
        0.08,
        0.11,
        0.15,
        0.08,
        0.11,
        0.1,
        0.1,
        0.14,
        0.08,
        0.06,
        0.07,
        0.03,
        0.11,
        0.07,
        0.06,
        0.08,
        0.11,
        0.08,
        0.08,
        0.17,
        0.08,
        0.13,
        0.11,
        0.13
      ],
      "n_evaluations": 1001000000.0,
      "evaluation_type": "gradient",
      "ess_per_eval": 7.661313284694694e-08,
      "time": 691.2569637298584,
      "sigma": 0.7,
      "epsilon": 1.930833235519458e-07,
      "n_leapfrog": 1000,
      "n_warmup": 1000,
      "target_accept": 0.651,
      "cond": 1000.0
    },
    "Stretch Move": {
      "distribution": "Paired Rosenbrock",
      "tau": 4063.206615965216,
      "tau_std": 655.4311938623017,
      "ess": 246.11103852577523,
      "ess_by_coordinate": [
        465.2407397276432,
        832.7431974458733,
        321.74802768415503,
        461.2011334081531,
        246.11103852577523,
        510.86340480074483,
        468.48984793713566,
        681.7039905463546,
        583.5348441754908,
        819.7413553012743,
        715.9579267130041,
        801.9515837756396,
        505.199271744302,
        802.5913475931477,
        390.44320990753357,
        932.9956694580005,
        631.436635581513,
        677.5218284856635,
        531.9768570430743,
        1026.9738222666472,
        600.6598315051476,
        1158.3085550357207,
        458.0235883655008,
        736.450274014578,
        545.3417911306003,
        948.794814557554,
        523.2349838415366,
        907.696115657547,
        514.2305339071635,
        672.3525849201744,
        706.3602399196353,
        1045.1248506218678
      ],
      "ess_valid_fraction": [
        0.12,
        0.18,
        0.09,
        0.12,
        0.06,
        0.12,
        0.11,
        0.14,
        0.14,
        0.19,
        0.15,
        0.2,
        0.13,
        0.18,
        0.1,
        0.22,
        0.15,
        0.17,
        0.14,
        0.21,
        0.15,
        0.25,
        0.11,
        0.16,
        0.13,
        0.21,
        0.13,
        0.21,
        0.13,
        0.18,
        0.17,
        0.22
      ],
      "n_evaluations": 1000000.0,
      "evaluation_type": "function",
      "ess_per_eval": 0.0002461110385257752,
      "time": 4.620764970779419,
      "sigma": 0.7,
      "epsilon": 0.0,
      "n_leapfrog": null,
      "n_warmup": null,
      "target_accept": null,
      "cond": 1000.0
    },
    "HMC": {
      "distribution": "Paired Rosenbrock",
      "tau": 8146.5575092374265,
      "tau_std": 1375.6735597811846,
      "ess": 122.7512355821578,
      "ess_by_coordinate": [
        860.4709332232088,
        1083.513607590159,
        377.163584082331,
        720.9073005784114,
        641.22418703885,
        1412.186292172266,
        661.3172235061335,
        874.2548431872447,
        612.6542447369686,
        1014.0406198959067,
        515.4034332520873,
        625.6174115898867,
        384.650458365633,
        416.39568065611104,
        281.35350340626763,
        642.8225144064743,
        321.13433545622917,
        283.69554843312613,
        465.20618103976255,
        500.6771261442394,
        453.67056679073346,
        369.79063957774184,
        287.0168150421558,
        387.5704802721263,
        390.14833169065685,
        345.0639491798358,
        458.48214358038433,
        122.7512355821578,
        204.08590953519308,
        525.888350436623,
        336.3698436482067,
        302.308718687785
      ],
      "ess_valid_fraction": [
        0.21,
        0.26,
        0.1,
        0.17,
        0.17,
        0.3,
        0.17,
        0.21,
        0.15,
        0.26,
        0.12,
        0.16,
        0.1,
        0.11,
        0.06,
        0.17,
        0.08,
        0.07,
        0.1,
        0.12,
        0.11,
        0.1,
        0.07,
        0.1,
        0.11,
        0.09,
        0.12,
        0.03,
        0.06,
        0.15,
        0.09,
        0.08
      ],
      "n_evaluations": 1001000000.0,
      "evaluation_type": "gradient",
      "ess_per_eval": 1.2262860697518263e-07,
      "time": 346.6762545108795,
      "sigma": 0.7,
      "epsilon": 7.558256038464606e-05,
      "n_leapfrog": 1000,
      "n_warmup": 1000,
      "target_accept": 0.651,
      "cond": 1000.0
    }
  }
}