{
  "dim": 2,
  "seed": 4,
  "condition_number": 50,
  "n_samples": 10000,
  "burn_in": 2000,
  "n_thin": 1,
  "n_chains": 150,
  "hwm_walkers_requested": 300,
  "jax_enable_x64": true,
  "af": false,
  "initialization_mode": "agnostic",
  "initialization_description": "independent N(0, 2^2) coordinates in the intrinsic Rosenbrock frame",
  "transform_affine": false,
  "overlay_rosenbrock": {
    "a": 1.0,
    "b": 100.0,
    "sigma": 1.5
  },
  "summary": {
    "Dense-mass NUTS": {
      "distribution": "Paired Rosenbrock",
      "tau": 25.30139698026262,
      "tau_std": 2.362524525785103,
      "ess": 59285.264018035676,
      "ess_by_coordinate": [
        59285.264018035676,
        72899.23387756993
      ],
      "ess_valid_fraction": [
        0.8333333333333334,
        0.8733333333333333
      ],
      "n_evaluations": 37389646.666666664,
      "evaluation_type": "gradient",
      "ess_per_eval": 0.001585606425933124,
      "time": 275.86293721199036,
      "sigma": 1.5,
      "epsilon": 0.06367361034439231,
      "n_leapfrog": 24.92643111111111,
      "n_warmup": 2000,
      "target_accept": 0.8,
      "gamma": 0.05,
      "t0": 10,
      "kappa": 0.75,
      "mean_mse": 0.08200992445239752,
      "cov_mse": 0.12583401596058738,
      "acceptance_rate_mean": 0.7763052278861161,
      "acceptance_rate_min": 0.19929505507918718,
      "acceptance_rate_max": 0.9844911300206943,
      "n_divergent": 46544,
      "actual_n_chains": 150,
      "diagnostic_draws_per_chain": 200,
      "sample_finite_fraction": 1.0,
      "finite_draw_fraction": 1.0,
      "sample_covariance_rank": 2,
      "sample_covariance_full_rank": true
    },
    "Hamiltonian Walk Move": {
      "distribution": "Paired Rosenbrock",
      "tau": 147.9651472470465,
      "tau_std": 2.7927376575953673,
      "ess": 20275.04487250042,
      "ess_by_coordinate": [
        21070.42360257599,
        20275.04487250042
      ],
      "ess_valid_fraction": [
        0.7033333333333334,
        0.69
      ],
      "n_evaluations": 14318499.999999998,
      "evaluation_type": "gradient",
      "ess_per_eval": 0.00141600341324164,
      "time": 19.84935975074768,
      "sigma": 1.5,
      "epsilon": 0.08631189874174457,
      "n_leapfrog": 3.7728333333333333,
      "n_warmup": 2000,
      "target_accept": 0.651,
      "gamma": 0.05,
      "t0": 10,
      "kappa": 0.75,
      "mean_mse": 1.4543575554278698,
      "cov_mse": 0.6998257648916077,
      "acceptance_rate_mean": 0.5859852777777778,
      "acceptance_rate_min": 0.5859852777777778,
      "acceptance_rate_max": 0.5859852777777778,
      "n_divergent": null,
      "actual_n_chains": 300,
      "diagnostic_draws_per_chain": 200,
      "sample_finite_fraction": 1.0,
      "finite_draw_fraction": 1.0,
      "sample_covariance_rank": 2,
      "sample_covariance_full_rank": true
    },
    "Stretch Move": {
      "distribution": "Paired Rosenbrock",
      "tau": 334.5493843911388,
      "tau_std": 39.906400501568896,
      "ess": 4483.642983620837,
      "ess_by_coordinate": [
        4483.642983620837,
        5888.435732512283
      ],
      "ess_valid_fraction": [
        0.5666666666666667,
        0.6866666666666666
      ],
      "n_evaluations": 1500000.0,
      "evaluation_type": "function",
      "ess_per_eval": 0.0029890953224138914,
      "time": 1.311866283416748,
      "sigma": 1.5,
      "epsilon": 0.0,
      "n_leapfrog": null,
      "n_warmup": null,
      "target_accept": null,
      "gamma": null,
      "t0": null,
      "kappa": null,
      "mean_mse": 0.0009552134491329178,
      "cov_mse": 0.0036283253604148693,
      "acceptance_rate_mean": 0.25988888888888884,
      "acceptance_rate_min": 0.142,
      "acceptance_rate_max": 0.299,
      "n_divergent": null,
      "actual_n_chains": 150,
      "diagnostic_draws_per_chain": 200,
      "sample_finite_fraction": 1.0,
      "finite_draw_fraction": 1.0,
      "sample_covariance_rank": 2,
      "sample_covariance_full_rank": true
    },
    "HMC": {
      "distribution": "Paired Rosenbrock",
      "tau": 303.0067631840366,
      "tau_std": 23.734077347368725,
      "ess": 4950.384553261434,
      "ess_by_coordinate": [
        4950.384553261434,
        5869.954481116358
      ],
      "ess_valid_fraction": [
        0.5333333333333333,
        0.5533333333333333
      ],
      "n_evaluations": 5238250.0,
      "evaluation_type": "gradient",
      "ess_per_eval": 0.0009450454929148922,
      "time": 11.228386163711548,
      "sigma": 1.5,
      "epsilon": 0.10872483998274426,
      "n_leapfrog": 2.4921666666666664,
      "n_warmup": 2000,
      "target_accept": 0.651,
      "gamma": 0.05,
      "t0": 10,
      "kappa": 0.75,
      "mean_mse": 1.6146272105210238,
      "cov_mse": 0.7289262011399588,
      "acceptance_rate_mean": 0.5696961111111112,
      "acceptance_rate_min": 0.5696961111111111,
      "acceptance_rate_max": 0.5696961111111111,
      "n_divergent": null,
      "actual_n_chains": 150,
      "diagnostic_draws_per_chain": 200,
      "sample_finite_fraction": 1.0,
      "finite_draw_fraction": 1.0,
      "sample_covariance_rank": 2,
      "sample_covariance_full_rank": true
    }
  }
}