{
  "dim": 32,
  "seed": 0,
  "n_samples": 10000,
  "burn_in": 1000,
  "n_thin": 1,
  "n_chains": 100,
  "cond": 100.0,
  "af": true,
  "transform_affine": true,
  "summary": {
    "Dense-mass NUTS": {
      "distribution": "Gaussian",
      "tau": 1.0004086910594516,
      "tau_std": 8.971409576019219e-05,
      "ess": 999591.4759006953,
      "ess_by_coordinate": [
        1000000.0,
        1000000.0,
        1000000.0,
        1000000.0,
        1000000.0,
        1000000.0,
        1000000.0,
        1000000.0,
        1000000.0,
        1000000.0,
        1000000.0,
        1000000.0,
        1000000.0,
        1000000.0,
        1000000.0,
        1000000.0,
        1000000.0,
        1000000.0,
        1000000.0,
        999672.2661371068,
        1000000.0,
        1000000.0,
        1000000.0,
        1000000.0,
        1000000.0,
        1000000.0,
        1000000.0,
        1000000.0,
        999591.4759006953,
        1000000.0,
        1000000.0,
        1000000.0
      ],
      "ess_valid_fraction": [
        1.0,
        1.0,
        1.0,
        1.0,
        1.0,
        1.0,
        1.0,
        1.0,
        1.0,
        1.0,
        1.0,
        1.0,
        1.0,
        1.0,
        1.0,
        1.0,
        1.0,
        1.0,
        1.0,
        1.0,
        1.0,
        1.0,
        1.0,
        1.0,
        1.0,
        1.0,
        1.0,
        1.0,
        1.0,
        1.0,
        1.0,
        1.0
      ],
      "n_evaluations": 7013221.818181818,
      "evaluation_type": "gradient",
      "ess_per_eval": 0.14252956798104527,
      "time": 375.26121830940247,
      "sigma": 0.0,
      "epsilon": 0.550211489200592,
      "n_leapfrog": 7.013221818181818,
      "n_warmup": 1000,
      "target_accept": 0.8,
      "gamma": 0.05,
      "t0": 10,
      "kappa": 0.75
    },
    "Hamiltonian Walk Move": {
      "distribution": "Gaussian",
      "tau": 1.2339442662955853,
      "tau_std": 0.010351067780187224,
      "ess": 810409.3736762458,
      "ess_by_coordinate": [
        820257.1836454385,
        819418.6302229282,
        823502.3905945552,
        825167.9097542859,
        820402.5527718727,
        812366.1399561379,
        811379.4408713923,
        819109.7255386407,
        810409.3736762458,
        820366.2579042737,
        825381.1686948672,
        844572.4396840172,
        828818.3214338846,
        826092.6436437704,
        825355.6187576206,
        825549.0074135227,
        823852.473356181,
        817113.8532856007,
        828694.5014978808,
        828696.0700499583,
        819504.876753769,
        820847.2843467848,
        824900.4030436933,
        821508.4660867616,
        824708.2413348157,
        835001.6736988864,
        818137.204462981,
        832878.0645812184,
        818223.2949947052,
        825878.7770950802,
        830708.5300854462,
        812033.2660713238
      ],
      "ess_valid_fraction": [
        1.0,
        1.0,
        1.0,
        1.0,
        1.0,
        1.0,
        1.0,
        1.0,
        1.0,
        1.0,
        1.0,
        1.0,
        1.0,
        1.0,
        1.0,
        1.0,
        1.0,
        1.0,
        1.0,
        1.0,
        1.0,
        1.0,
        1.0,
        1.0,
        1.0,
        1.0,
        1.0,
        1.0,
        1.0,
        1.0,
        1.0,
        1.0
      ],
      "n_evaluations": 10000000.0,
      "evaluation_type": "gradient",
      "ess_per_eval": 0.08104093736762458,
      "time": 139.9133517742157,
      "sigma": 0.0,
      "epsilon": 0.6362147927284241,
      "n_leapfrog": 9,
      "n_warmup": 1000,
      "target_accept": 0.651,
      "gamma": 0.05,
      "t0": 10,
      "kappa": 0.75
    },
    "Stretch Move": {
      "distribution": "Gaussian",
      "tau": 271.022794297868,
      "tau_std": 15.772944665121148,
      "ess": 3689.72655082638,
      "ess_by_coordinate": [
        4377.258265501313,
        3689.72655082638,
        4655.225531148755,
        5112.935595536678,
        4590.531925489289,
        4448.797664483208,
        4445.760134988196,
        4424.162452854919,
        4463.452873455444,
        4324.500990420173,
        4494.970748244292,
        5069.33037437192,
        4222.168927298239,
        4361.131559556608,
        3945.1971601695514,
        4196.675737774632,
        3812.4303866444684,
        4121.462368145024,
        4082.04186468679,
        4578.117768399621,
        4548.3841996823285,
        4283.389210020312,
        4597.429360480731,
        4292.945814731936,
        4276.363601581583,
        4075.0521911383544,
        4376.73158118643,
        4267.171660106386,
        4510.805964965028,
        4123.217337935753,
        3975.561957539069,
        4466.123347673588
      ],
      "ess_valid_fraction": [
        0.78,
        0.68,
        0.81,
        0.87,
        0.74,
        0.78,
        0.74,
        0.77,
        0.8,
        0.73,
        0.74,
        0.79,
        0.74,
        0.7,
        0.72,
        0.75,
        0.75,
        0.71,
        0.71,
        0.82,
        0.82,
        0.79,
        0.81,
        0.71,
        0.77,
        0.71,
        0.74,
        0.77,
        0.8,
        0.74,
        0.66,
        0.74
      ],
      "n_evaluations": 1000000.0,
      "evaluation_type": "function",
      "ess_per_eval": 0.00368972655082638,
      "time": 5.714171886444092,
      "sigma": 0.0,
      "epsilon": 0.0,
      "n_leapfrog": null,
      "n_warmup": null,
      "target_accept": null,
      "gamma": null,
      "t0": null,
      "kappa": null
    },
    "HMC": {
      "distribution": "Gaussian",
      "tau": 1148.4148020928958,
      "tau_std": 332.278457779037,
      "ess": 870.7655092720665,
      "ess_by_coordinate": [
        1000000.0,
        1000000.0,
        1000000.0,
        1000000.0,
        898342.9417712517,
        604349.5246250837,
        417565.4320511726,
        291863.0069250045,
        205255.51935438142,
        147840.57819195435,
        108825.38322978998,
        78814.42087419501,
        58634.50141845857,
        41120.76492535768,
        33334.174672113535,
        24370.547534503825,
        19290.465224701187,
        16297.297485773988,
        13243.099243172626,
        9316.681621770265,
        8288.292420298872,
        6711.169341839973,
        5181.066445652842,
        4573.65085040483,
        3664.076990797951,
        2450.2199286058863,
        2268.531204617999,
        1506.2247364237385,
        2014.5887922043469,
        870.7655092720665,
        885.5371628748063,
        959.6695099723108
      ],
      "ess_valid_fraction": [
        1.0,
        1.0,
        1.0,
        1.0,
        1.0,
        1.0,
        1.0,
        1.0,
        1.0,
        1.0,
        1.0,
        1.0,
        1.0,
        1.0,
        1.0,
        1.0,
        1.0,
        1.0,
        1.0,
        0.97,
        0.98,
        0.91,
        0.87,
        0.81,
        0.67,
        0.52,
        0.5,
        0.36,
        0.46,
        0.22,
        0.21,
        0.24
      ],
      "n_evaluations": 3000000.0,
      "evaluation_type": "gradient",
      "ess_per_eval": 0.00029025516975735553,
      "time": 68.05794835090637,
      "sigma": 0.0,
      "epsilon": 4.22404146194458,
      "n_leapfrog": 2,
      "n_warmup": 1000,
      "target_accept": 0.651,
      "gamma": 0.05,
      "t0": 10,
      "kappa": 0.75
    }
  }
}