{
  "dim": 8,
  "seed": 0,
  "condition_number": 50,
  "n_samples": 10000,
  "burn_in": 1000,
  "n_thin": 1,
  "n_chains": 16,
  "af": false,
  "initialization_mode": "agnostic",
  "initialization_description": "independent N(0, 2^2) coordinates in the intrinsic Rosenbrock frame",
  "transform_affine": false,
  "overlay_rosenbrock": {
    "a": 1.0,
    "b": 100.0,
    "sigma": 0.7
  },
  "summary": {
    "Dense-mass NUTS": {
      "distribution": "Paired Rosenbrock",
      "tau": 10.406011862345096,
      "tau_std": 0.9535869957178162,
      "ess": 15375.727235039154,
      "ess_by_coordinate": [
        16183.89537471844,
        15375.727235039154,
        16657.870781305028,
        17210.537029236064,
        17120.15004434376,
        17727.844329416886,
        22427.584175628,
        19402.42944466564
      ],
      "ess_valid_fraction": [
        0.75,
        0.75,
        0.75,
        0.75,
        0.75,
        0.8125,
        0.875,
        0.75
      ],
      "n_evaluations": 18444932.727272727,
      "evaluation_type": "gradient",
      "ess_per_eval": 0.0008336016976795239,
      "time": 236.1916093826294,
      "sigma": 0.7,
      "epsilon": 0.052592623978853226,
      "n_leapfrog": 115.28082954545455,
      "n_warmup": 1000,
      "target_accept": 0.8,
      "gamma": 0.05,
      "t0": 10,
      "kappa": 0.75
    },
    "Hamiltonian Walk Move": {
      "distribution": "Paired Rosenbrock",
      "tau": 211.11318061443419,
      "tau_std": 23.575156257032383,
      "ess": 757.8873073406792,
      "ess_by_coordinate": [
        922.8400326401817,
        1112.5953257820318,
        757.8873073406792,
        806.3371182848446,
        1032.3210085585924,
        963.4594663981538,
        1112.0336411627056,
        1060.4348300912047
      ],
      "ess_valid_fraction": [
        0.6875,
        0.875,
        0.9375,
        0.875,
        0.875,
        0.8125,
        1.0,
        0.875
      ],
      "n_evaluations": 1440000.0,
      "evaluation_type": "gradient",
      "ess_per_eval": 0.0005263106300976939,
      "time": 20.836268186569214,
      "sigma": 0.7,
      "epsilon": 0.06911597400903702,
      "n_leapfrog": 8,
      "n_warmup": 1000,
      "target_accept": 0.651,
      "gamma": 0.05,
      "t0": 10,
      "kappa": 0.75
    },
    "Stretch Move": {
      "distribution": "Paired Rosenbrock",
      "tau": 5293.823386988965,
      "tau_std": 1475.7854370349835,
      "ess": 30.22390214098269,
      "ess_by_coordinate": [
        140.34837445803873,
        130.93064014532146,
        45.46783261751043,
        157.94389492196495,
        30.22390214098269,
        109.76933481778849,
        120.20861868556287,
        177.615918494475
      ],
      "ess_valid_fraction": [
        0.1875,
        0.1875,
        0.0625,
        0.25,
        0.0625,
        0.1875,
        0.1875,
        0.25
      ],
      "n_evaluations": 160000.0,
      "evaluation_type": "function",
      "ess_per_eval": 0.00018889938838114183,
      "time": 0.9027664661407471,
      "sigma": 0.7,
      "epsilon": 0.0,
      "n_leapfrog": null,
      "n_warmup": null,
      "target_accept": null,
      "gamma": null,
      "t0": null,
      "kappa": null
    },
    "HMC": {
      "distribution": "Paired Rosenbrock",
      "tau": 228.2023499626184,
      "tau_std": 26.241435157004588,
      "ess": 701.1321313133254,
      "ess_by_coordinate": [
        1054.9623153661444,
        944.371859710689,
        1051.1253483230537,
        898.3156289222676,
        897.8992679035714,
        730.4293790702416,
        863.0382720844733,
        701.1321313133254
      ],
      "ess_valid_fraction": [
        0.875,
        0.8125,
        0.9375,
        0.9375,
        0.75,
        0.75,
        0.9375,
        0.875
      ],
      "n_evaluations": 1760000.0,
      "evaluation_type": "gradient",
      "ess_per_eval": 0.0003983705291552985,
      "time": 11.654004573822021,
      "sigma": 0.7,
      "epsilon": 0.022054454311728477,
      "n_leapfrog": 10,
      "n_warmup": 1000,
      "target_accept": 0.651,
      "gamma": 0.05,
      "t0": 10,
      "kappa": 0.75
    }
  }
}