{
  "dim": 8,
  "seed": 0,
  "condition_number": 50,
  "n_samples": 10000,
  "burn_in": 2000,
  "n_thin": 1,
  "n_chains": 150,
  "hwm_walkers_requested": 300,
  "jax_enable_x64": true,
  "af": false,
  "initialization_mode": "agnostic",
  "initialization_description": "independent N(0, 2^2) coordinates in the intrinsic Rosenbrock frame",
  "transform_affine": false,
  "overlay_rosenbrock": {
    "a": 1.0,
    "b": 100.0,
    "sigma": 1.5
  },
  "summary": {
    "Dense-mass NUTS": {
      "distribution": "Paired Rosenbrock",
      "tau": 7.67601654085016,
      "tau_std": 0.6268995903435071,
      "ess": 195413.8571767417,
      "ess_by_coordinate": [
        244188.23250638176,
        209265.0395043208,
        236170.38691504736,
        195413.8571767417,
        239881.98845135435,
        202035.92383093346,
        240157.23467610104,
        197392.67123787623
      ],
      "ess_valid_fraction": [
        0.9733333333333334,
        0.9733333333333334,
        0.9933333333333333,
        0.9866666666666667,
        0.98,
        0.98,
        0.98,
        0.98
      ],
      "n_evaluations": 190290935.83333334,
      "evaluation_type": "gradient",
      "ess_per_eval": 0.0010269215205704557,
      "time": 342.7422435283661,
      "sigma": 1.5,
      "epsilon": 0.020610444130883022,
      "n_leapfrog": 126.8606238888889,
      "n_warmup": 2000,
      "target_accept": 0.8,
      "gamma": 0.05,
      "t0": 10,
      "kappa": 0.75,
      "mean_mse": 0.00437324815460887,
      "cov_mse": 0.02757485572941379,
      "acceptance_rate_mean": 0.864132525190439,
      "acceptance_rate_min": 0.3715436758594233,
      "acceptance_rate_max": 0.9627022631720537,
      "n_divergent": 20626,
      "actual_n_chains": 150,
      "diagnostic_draws_per_chain": 200,
      "sample_finite_fraction": 1.0,
      "finite_draw_fraction": 1.0,
      "sample_covariance_rank": 8,
      "sample_covariance_full_rank": true
    },
    "Hamiltonian Walk Move": {
      "distribution": "Paired Rosenbrock",
      "tau": 17.546179591400726,
      "tau_std": 0.9940685311555362,
      "ess": 170977.39051242138,
      "ess_by_coordinate": [
        197263.31821846904,
        208894.6726967839,
        178764.68622790222,
        179244.23885639315,
        170977.39051242138,
        181411.9433010326,
        173917.96211241436,
        181298.10699996946
      ],
      "ess_valid_fraction": [
        0.9433333333333334,
        0.9366666666666666,
        0.9733333333333334,
        0.9633333333333334,
        0.9633333333333334,
        0.9566666666666667,
        0.9666666666666667,
        0.9633333333333334
      ],
      "n_evaluations": 156861000.0,
      "evaluation_type": "gradient",
      "ess_per_eval": 0.0010899929906887076,
      "time": 74.41102075576782,
      "sigma": 1.5,
      "epsilon": 0.03167070924514403,
      "n_leapfrog": 51.287,
      "n_warmup": 2000,
      "target_accept": 0.651,
      "gamma": 0.05,
      "t0": 10,
      "kappa": 0.75,
      "mean_mse": 0.010797463065549103,
      "cov_mse": 0.02704246600604633,
      "acceptance_rate_mean": 0.6379811111111112,
      "acceptance_rate_min": 0.6379811111111111,
      "acceptance_rate_max": 0.6379811111111111,
      "n_divergent": null,
      "actual_n_chains": 300,
      "diagnostic_draws_per_chain": 200,
      "sample_finite_fraction": 1.0,
      "finite_draw_fraction": 1.0,
      "sample_covariance_rank": 8,
      "sample_covariance_full_rank": true
    },
    "Stretch Move": {
      "distribution": "Paired Rosenbrock",
      "tau": 2828.6393626862127,
      "tau_std": 643.6698958748934,
      "ess": 530.2902942620184,
      "ess_by_coordinate": [
        530.2902942620184,
        1228.8787148635347,
        627.401544239008,
        1159.5562999319732,
        630.3276316750666,
        1176.616418023759,
        578.7682231597284,
        1098.1246554964139
      ],
      "ess_valid_fraction": [
        0.09333333333333334,
        0.18666666666666668,
        0.11333333333333333,
        0.18666666666666668,
        0.11333333333333333,
        0.19333333333333333,
        0.09333333333333334,
        0.17333333333333334
      ],
      "n_evaluations": 1500000.0,
      "evaluation_type": "function",
      "ess_per_eval": 0.0003535268628413456,
      "time": 3.0903894901275635,
      "sigma": 1.5,
      "epsilon": 0.0,
      "n_leapfrog": null,
      "n_warmup": null,
      "target_accept": null,
      "gamma": null,
      "t0": null,
      "kappa": null,
      "mean_mse": 1.5753239701240478,
      "cov_mse": 0.6161206834715532,
      "acceptance_rate_mean": 0.11397,
      "acceptance_rate_min": 0.06708333333333333,
      "acceptance_rate_max": 0.14808333333333334,
      "n_divergent": null,
      "actual_n_chains": 150,
      "diagnostic_draws_per_chain": 200,
      "sample_finite_fraction": 1.0,
      "finite_draw_fraction": 1.0,
      "sample_covariance_rank": 8,
      "sample_covariance_full_rank": true
    },
    "HMC": {
      "distribution": "Paired Rosenbrock",
      "tau": 1811.0794017727967,
      "tau_std": 336.57850343742933,
      "ess": 828.2353598255863,
      "ess_by_coordinate": [
        1095.848036822161,
        1841.9499913847467,
        1230.4944731341964,
        1812.5129437052915,
        933.4729299971441,
        1425.2360905642374,
        828.2353598255863,
        1465.5940484200491
      ],
      "ess_valid_fraction": [
        0.17333333333333334,
        0.26,
        0.18666666666666668,
        0.25333333333333335,
        0.15333333333333332,
        0.21333333333333335,
        0.14,
        0.22666666666666666
      ],
      "n_evaluations": 1500000.0,
      "evaluation_type": "gradient",
      "ess_per_eval": 0.0005521569065503909,
      "time": 12.677554368972778,
      "sigma": 1.5,
      "epsilon": 0.051775834458826525,
      "n_leapfrog": 0.0,
      "n_warmup": 2000,
      "target_accept": 0.651,
      "gamma": 0.05,
      "t0": 10,
      "kappa": 0.75,
      "mean_mse": 0.37661210668459294,
      "cov_mse": 0.3567136213020942,
      "acceptance_rate_mean": 0.6297688888888889,
      "acceptance_rate_min": 0.6297688888888888,
      "acceptance_rate_max": 0.6297688888888888,
      "n_divergent": null,
      "actual_n_chains": 150,
      "diagnostic_draws_per_chain": 200,
      "sample_finite_fraction": 1.0,
      "finite_draw_fraction": 1.0,
      "sample_covariance_rank": 8,
      "sample_covariance_full_rank": true
    }
  }
}