{
  "dim": 2,
  "seed": 2,
  "condition_number": 50,
  "n_samples": 10000,
  "burn_in": 2000,
  "n_thin": 1,
  "n_chains": 150,
  "hwm_walkers_requested": 300,
  "jax_enable_x64": true,
  "af": false,
  "initialization_mode": "agnostic",
  "initialization_description": "independent N(0, 2^2) coordinates in the intrinsic Rosenbrock frame",
  "transform_affine": false,
  "overlay_rosenbrock": {
    "a": 1.0,
    "b": 100.0,
    "sigma": 1.5
  },
  "summary": {
    "Dense-mass NUTS": {
      "distribution": "Paired Rosenbrock",
      "tau": 28.133144905194243,
      "tau_std": 1.4805460010765916,
      "ess": 53317.89265134926,
      "ess_by_coordinate": [
        53317.89265134926,
        59589.89542004274
      ],
      "ess_valid_fraction": [
        0.8266666666666667,
        0.8666666666666667
      ],
      "n_evaluations": 37630079.166666664,
      "evaluation_type": "gradient",
      "ess_per_eval": 0.0014168955748192823,
      "time": 273.34366154670715,
      "sigma": 1.5,
      "epsilon": 0.0542880599317526,
      "n_leapfrog": 25.086719444444444,
      "n_warmup": 2000,
      "target_accept": 0.8,
      "gamma": 0.05,
      "t0": 10,
      "kappa": 0.75,
      "mean_mse": 0.014121917725567102,
      "cov_mse": 0.04130990268641255,
      "acceptance_rate_mean": 0.7781763913642915,
      "acceptance_rate_min": 0.14709387420083325,
      "acceptance_rate_max": 0.9820490910214088,
      "n_divergent": 44613,
      "actual_n_chains": 150,
      "diagnostic_draws_per_chain": 200,
      "sample_finite_fraction": 1.0,
      "finite_draw_fraction": 1.0,
      "sample_covariance_rank": 2,
      "sample_covariance_full_rank": true
    },
    "Hamiltonian Walk Move": {
      "distribution": "Paired Rosenbrock",
      "tau": 219.9562015683945,
      "tau_std": 0.5339118606767386,
      "ess": 13639.078955758208,
      "ess_by_coordinate": [
        13639.078955758208,
        13705.615754968941
      ],
      "ess_valid_fraction": [
        0.6366666666666667,
        0.5933333333333334
      ],
      "n_evaluations": 12138749.999999998,
      "evaluation_type": "gradient",
      "ess_per_eval": 0.0011235983075488178,
      "time": 19.34219527244568,
      "sigma": 1.5,
      "epsilon": 0.07125850530246598,
      "n_leapfrog": 3.0462499999999997,
      "n_warmup": 2000,
      "target_accept": 0.651,
      "gamma": 0.05,
      "t0": 10,
      "kappa": 0.75,
      "mean_mse": 0.8540037182068442,
      "cov_mse": 0.5374777158937324,
      "acceptance_rate_mean": 0.5544702777777778,
      "acceptance_rate_min": 0.5544702777777777,
      "acceptance_rate_max": 0.5544702777777777,
      "n_divergent": null,
      "actual_n_chains": 300,
      "diagnostic_draws_per_chain": 200,
      "sample_finite_fraction": 1.0,
      "finite_draw_fraction": 1.0,
      "sample_covariance_rank": 2,
      "sample_covariance_full_rank": true
    },
    "Stretch Move": {
      "distribution": "Paired Rosenbrock",
      "tau": 354.9094106328158,
      "tau_std": 47.130111124145,
      "ess": 4226.430618803395,
      "ess_by_coordinate": [
        4226.430618803395,
        5754.8615796459235
      ],
      "ess_valid_fraction": [
        0.5133333333333333,
        0.6466666666666666
      ],
      "n_evaluations": 1500000.0,
      "evaluation_type": "function",
      "ess_per_eval": 0.0028176204125355967,
      "time": 1.198148250579834,
      "sigma": 1.5,
      "epsilon": 0.0,
      "n_leapfrog": null,
      "n_warmup": null,
      "target_accept": null,
      "gamma": null,
      "t0": null,
      "kappa": null,
      "mean_mse": 0.01674526795841605,
      "cov_mse": 0.01671955193936346,
      "acceptance_rate_mean": 0.2653511111111111,
      "acceptance_rate_min": 0.17691666666666667,
      "acceptance_rate_max": 0.318,
      "n_divergent": null,
      "actual_n_chains": 150,
      "diagnostic_draws_per_chain": 200,
      "sample_finite_fraction": 1.0,
      "finite_draw_fraction": 1.0,
      "sample_covariance_rank": 2,
      "sample_covariance_full_rank": true
    },
    "HMC": {
      "distribution": "Paired Rosenbrock",
      "tau": 665.5792251949473,
      "tau_std": 113.24347579719145,
      "ess": 2253.676111300878,
      "ess_by_coordinate": [
        2253.676111300878,
        3416.1384524031214
      ],
      "ess_valid_fraction": [
        0.31333333333333335,
        0.43333333333333335
      ],
      "n_evaluations": 1500000.0,
      "evaluation_type": "gradient",
      "ess_per_eval": 0.0015024507408672519,
      "time": 11.12680959701538,
      "sigma": 1.5,
      "epsilon": 0.1153435645962307,
      "n_leapfrog": 0.0,
      "n_warmup": 2000,
      "target_accept": 0.651,
      "gamma": 0.05,
      "t0": 10,
      "kappa": 0.75,
      "mean_mse": 1.231743998458633,
      "cov_mse": 0.6379684190428421,
      "acceptance_rate_mean": 0.5909927777777778,
      "acceptance_rate_min": 0.5909927777777777,
      "acceptance_rate_max": 0.5909927777777777,
      "n_divergent": null,
      "actual_n_chains": 150,
      "diagnostic_draws_per_chain": 200,
      "sample_finite_fraction": 1.0,
      "finite_draw_fraction": 1.0,
      "sample_covariance_rank": 2,
      "sample_covariance_full_rank": true
    }
  }
}