{
  "dim": 32,
  "seed": 2,
  "n_samples": 10000,
  "burn_in": 1000,
  "n_thin": 1,
  "n_chains": 100,
  "cond": 316.2,
  "af": true,
  "transform_affine": true,
  "summary": {
    "Dense-mass NUTS": {
      "distribution": "Gaussian",
      "tau": 1.0624548564101464,
      "tau_std": 0.01562611660795455,
      "ess": 941216.4610728303,
      "ess_by_coordinate": [
        1000000.0,
        1000000.0,
        1000000.0,
        1000000.0,
        1000000.0,
        1000000.0,
        1000000.0,
        1000000.0,
        1000000.0,
        1000000.0,
        1000000.0,
        1000000.0,
        1000000.0,
        1000000.0,
        1000000.0,
        1000000.0,
        1000000.0,
        1000000.0,
        1000000.0,
        1000000.0,
        1000000.0,
        997744.4765782608,
        1000000.0,
        996016.3180354198,
        992000.7035312341,
        986845.8061868203,
        980652.0401999609,
        988678.5560191689,
        972182.1724847888,
        968717.6893490828,
        947863.1987873866,
        941216.4610728303
      ],
      "ess_valid_fraction": [
        1.0,
        1.0,
        1.0,
        1.0,
        1.0,
        1.0,
        1.0,
        1.0,
        1.0,
        1.0,
        1.0,
        1.0,
        1.0,
        1.0,
        1.0,
        1.0,
        1.0,
        1.0,
        1.0,
        1.0,
        1.0,
        1.0,
        1.0,
        1.0,
        1.0,
        1.0,
        1.0,
        1.0,
        1.0,
        1.0,
        1.0,
        1.0
      ],
      "n_evaluations": 7304785.454545454,
      "evaluation_type": "gradient",
      "ess_per_eval": 0.1288492957020595,
      "time": 497.814129114151,
      "sigma": 0.0,
      "epsilon": 0.5516821146011353,
      "n_leapfrog": 7.3047854545454545,
      "n_warmup": 1000,
      "target_accept": 0.8,
      "gamma": 0.05,
      "t0": 10,
      "kappa": 0.75
    },
    "Hamiltonian Walk Move": {
      "distribution": "Gaussian",
      "tau": 1.2280435267255125,
      "tau_std": 0.008106962391862996,
      "ess": 814303.3843974783,
      "ess_by_coordinate": [
        815304.4780058805,
        823009.3116270638,
        820484.2662162465,
        825915.4784449743,
        829037.6025630964,
        823013.6464788849,
        828143.0539208123,
        832005.0792199573,
        821223.1610102352,
        829493.8278222812,
        828502.1983768931,
        828982.0559076833,
        824999.5126888345,
        818925.6303492112,
        815488.922170549,
        823462.6960188001,
        821648.2231126112,
        833329.8494722306,
        821895.5707490492,
        826731.0065398861,
        829937.2837068917,
        815075.5550663727,
        822071.5152803636,
        823762.7093455951,
        814303.3843974783,
        822926.8882633925,
        827875.0339973667,
        818408.0819720331,
        834432.2562587596,
        814352.5274558825,
        828233.7246674453,
        824584.5745586213
      ],
      "ess_valid_fraction": [
        1.0,
        1.0,
        1.0,
        1.0,
        1.0,
        1.0,
        1.0,
        1.0,
        1.0,
        1.0,
        1.0,
        1.0,
        1.0,
        1.0,
        1.0,
        1.0,
        1.0,
        1.0,
        1.0,
        1.0,
        1.0,
        1.0,
        1.0,
        1.0,
        1.0,
        1.0,
        1.0,
        1.0,
        1.0,
        1.0,
        1.0,
        1.0
      ],
      "n_evaluations": 9000000.0,
      "evaluation_type": "gradient",
      "ess_per_eval": 0.09047815382194203,
      "time": 90.59752607345581,
      "sigma": 0.0,
      "epsilon": 0.6334365606307983,
      "n_leapfrog": 8,
      "n_warmup": 1000,
      "target_accept": 0.651,
      "gamma": 0.05,
      "t0": 10,
      "kappa": 0.75
    },
    "Stretch Move": {
      "distribution": "Gaussian",
      "tau": 262.0086718252412,
      "tau_std": 14.342440765184444,
      "ess": 3816.6675668925805,
      "ess_by_coordinate": [
        4261.317417586356,
        4918.559373429113,
        4123.392539290082,
        4397.002367414225,
        3816.6675668925805,
        4507.8414845261195,
        4333.704659631821,
        4765.749527854795,
        4391.1155878972395,
        4183.273748118608,
        4770.655347853265,
        4887.966454751202,
        4619.340941172309,
        4228.589775388293,
        4034.1496048754343,
        4485.935780087805,
        3961.4741685711642,
        4250.525292655638,
        4206.619795498231,
        4078.8023894348717,
        4399.130091310881,
        4279.852913304639,
        4042.116032493492,
        4539.907719483436,
        4453.214452853674,
        4395.933218617863,
        4524.329694780659,
        4706.938578631185,
        4049.309051592949,
        4079.5977896436443,
        4585.769473646181,
        4144.484086848348
      ],
      "ess_valid_fraction": [
        0.74,
        0.77,
        0.75,
        0.78,
        0.73,
        0.82,
        0.75,
        0.8,
        0.76,
        0.74,
        0.82,
        0.8,
        0.83,
        0.72,
        0.73,
        0.74,
        0.71,
        0.74,
        0.75,
        0.74,
        0.74,
        0.76,
        0.68,
        0.75,
        0.78,
        0.75,
        0.76,
        0.76,
        0.71,
        0.73,
        0.77,
        0.73
      ],
      "n_evaluations": 1000000.0,
      "evaluation_type": "function",
      "ess_per_eval": 0.0038166675668925803,
      "time": 5.663517713546753,
      "sigma": 0.0,
      "epsilon": 0.0,
      "n_leapfrog": null,
      "n_warmup": null,
      "target_accept": null,
      "gamma": null,
      "t0": null,
      "kappa": null
    },
    "HMC": {
      "distribution": "Gaussian",
      "tau": 3228.1260337831695,
      "tau_std": 967.3814098661679,
      "ess": 309.7772483275878,
      "ess_by_coordinate": [
        990000.0,
        1000000.0,
        1000000.0,
        982986.8902583314,
        623527.8516163281,
        381005.1392610764,
        250935.77805006356,
        162223.7517253005,
        110607.96391072428,
        77278.28755216527,
        52001.596231477946,
        37278.84169112599,
        26352.104257402243,
        19782.322081680144,
        14417.972086883397,
        10804.665697999535,
        8736.127275040559,
        6499.020450841402,
        5165.044918988414,
        3744.2634860942644,
        2677.934421463681,
        2344.6260091419936,
        1366.9348480870635,
        1290.25391156147,
        937.1426666550224,
        776.4573618186549,
        473.90323486297956,
        640.4401106043251,
        462.09709758453965,
        314.71993341288385,
        309.7772483275878,
        388.54903273465186
      ],
      "ess_valid_fraction": [
        0.99,
        1.0,
        1.0,
        1.0,
        1.0,
        1.0,
        1.0,
        1.0,
        1.0,
        1.0,
        1.0,
        1.0,
        1.0,
        1.0,
        0.99,
        0.99,
        0.96,
        0.89,
        0.8,
        0.7,
        0.55,
        0.51,
        0.32,
        0.29,
        0.24,
        0.19,
        0.12,
        0.14,
        0.13,
        0.08,
        0.08,
        0.11
      ],
      "n_evaluations": 3000000.0,
      "evaluation_type": "gradient",
      "ess_per_eval": 0.0001032590827758626,
      "time": 44.03646683692932,
      "sigma": 0.0,
      "epsilon": 4.352694988250732,
      "n_leapfrog": 2,
      "n_warmup": 1000,
      "target_accept": 0.651,
      "gamma": 0.05,
      "t0": 10,
      "kappa": 0.75
    }
  }
}