{
  "dim": 32,
  "seed": 2,
  "n_samples": 10000,
  "burn_in": 1000,
  "n_thin": 1,
  "n_chains": 100,
  "cond": 3.162,
  "af": true,
  "transform_affine": true,
  "summary": {
    "Dense-mass NUTS": {
      "distribution": "Gaussian",
      "tau": 1.0005046676029337,
      "tau_std": 0.00010428805028008006,
      "ess": 999495.5869579872,
      "ess_by_coordinate": [
        1000000.0,
        1000000.0,
        1000000.0,
        1000000.0,
        1000000.0,
        1000000.0,
        1000000.0,
        1000000.0,
        1000000.0,
        1000000.0,
        1000000.0,
        999660.0546101028,
        1000000.0,
        1000000.0,
        1000000.0,
        1000000.0,
        1000000.0,
        1000000.0,
        1000000.0,
        1000000.0,
        1000000.0,
        1000000.0,
        1000000.0,
        1000000.0,
        1000000.0,
        1000000.0,
        1000000.0,
        1000000.0,
        1000000.0,
        1000000.0,
        999495.5869579872,
        1000000.0
      ],
      "ess_valid_fraction": [
        1.0,
        1.0,
        1.0,
        1.0,
        1.0,
        1.0,
        1.0,
        1.0,
        1.0,
        1.0,
        1.0,
        1.0,
        1.0,
        1.0,
        1.0,
        1.0,
        1.0,
        1.0,
        1.0,
        1.0,
        1.0,
        1.0,
        1.0,
        1.0,
        1.0,
        1.0,
        1.0,
        1.0,
        1.0,
        1.0,
        1.0,
        1.0
      ],
      "n_evaluations": 7044276.363636363,
      "evaluation_type": "gradient",
      "ess_per_eval": 0.14188761703296265,
      "time": 217.37295269966125,
      "sigma": 0.0,
      "epsilon": 0.520553469657898,
      "n_leapfrog": 7.044276363636364,
      "n_warmup": 1000,
      "target_accept": 0.8,
      "gamma": 0.05,
      "t0": 10,
      "kappa": 0.75
    },
    "Hamiltonian Walk Move": {
      "distribution": "Gaussian",
      "tau": 1.2387720103949111,
      "tau_std": 0.007774410899781971,
      "ess": 807251.0450742325,
      "ess_by_coordinate": [
        823246.1199927909,
        812511.17081608,
        814398.5104636201,
        815609.7156257362,
        814384.0595344917,
        819289.2541567034,
        817758.8029339071,
        815470.7804255247,
        824528.3575237977,
        813245.4871863396,
        813900.0351663637,
        830086.3511850364,
        815996.4117423234,
        818433.6203212347,
        819969.4492904547,
        817492.9325665379,
        819740.2474886477,
        817792.6690152846,
        816942.4101690741,
        815225.7084060458,
        825931.4711911583,
        814597.294821703,
        818143.4923337795,
        814219.3831058138,
        815700.0877139173,
        817512.1460168143,
        819534.9791850115,
        824324.7227261607,
        807251.0450742325,
        828314.9295098563,
        828998.2115262228,
        825854.6759058766
      ],
      "ess_valid_fraction": [
        1.0,
        1.0,
        1.0,
        1.0,
        1.0,
        1.0,
        1.0,
        1.0,
        1.0,
        1.0,
        1.0,
        1.0,
        1.0,
        1.0,
        1.0,
        1.0,
        1.0,
        1.0,
        1.0,
        1.0,
        1.0,
        1.0,
        1.0,
        1.0,
        1.0,
        1.0,
        1.0,
        1.0,
        1.0,
        1.0,
        1.0,
        1.0
      ],
      "n_evaluations": 10000000.0,
      "evaluation_type": "gradient",
      "ess_per_eval": 0.08072510450742325,
      "time": 114.5173180103302,
      "sigma": 0.0,
      "epsilon": 0.637852668762207,
      "n_leapfrog": 9,
      "n_warmup": 1000,
      "target_accept": 0.651,
      "gamma": 0.05,
      "t0": 10,
      "kappa": 0.75
    },
    "Stretch Move": {
      "distribution": "Gaussian",
      "tau": 265.7162449110731,
      "tau_std": 14.262579697463943,
      "ess": 3763.4131113612143,
      "ess_by_coordinate": [
        4064.726442638804,
        5111.204773190053,
        4752.063505120755,
        4435.370149365753,
        4076.9116782144033,
        4227.028995086626,
        4731.505409699467,
        4567.300108476014,
        4151.480814296901,
        4007.2775091944395,
        4547.346665928635,
        4251.335706233384,
        4248.32047443367,
        4126.115649853087,
        4078.2347532246063,
        4574.215836270808,
        4145.742638457026,
        4248.006263274619,
        4122.303565488749,
        4345.062700398877,
        4106.861712093315,
        4193.178450293891,
        4042.805082006665,
        4271.054531315892,
        4524.373014750856,
        4712.283851285597,
        4460.4838181624955,
        4109.814978443468,
        4312.473683968741,
        4138.326580631403,
        3763.4131113612143,
        4540.005626226734
      ],
      "ess_valid_fraction": [
        0.74,
        0.83,
        0.8,
        0.79,
        0.73,
        0.75,
        0.81,
        0.81,
        0.74,
        0.77,
        0.75,
        0.74,
        0.76,
        0.71,
        0.72,
        0.81,
        0.72,
        0.76,
        0.75,
        0.77,
        0.72,
        0.74,
        0.8,
        0.7,
        0.79,
        0.8,
        0.76,
        0.74,
        0.74,
        0.75,
        0.68,
        0.8
      ],
      "n_evaluations": 1000000.0,
      "evaluation_type": "function",
      "ess_per_eval": 0.0037634131113612143,
      "time": 6.228209733963013,
      "sigma": 0.0,
      "epsilon": 0.0,
      "n_leapfrog": null,
      "n_warmup": null,
      "target_accept": null,
      "gamma": null,
      "t0": null,
      "kappa": null
    },
    "HMC": {
      "distribution": "Gaussian",
      "tau": 5.539639722951782,
      "tau_std": 1.4164914478613864,
      "ess": 180517.15454649687,
      "ess_by_coordinate": [
        1000000.0,
        1000000.0,
        1000000.0,
        1000000.0,
        1000000.0,
        1000000.0,
        1000000.0,
        1000000.0,
        1000000.0,
        1000000.0,
        1000000.0,
        999808.2261419067,
        995338.5673314388,
        945736.5647387725,
        864517.0250775763,
        775980.4526050002,
        706387.9269831179,
        626191.8114195213,
        569872.5279167944,
        521623.92345473624,
        472338.44098965044,
        429834.28636335215,
        392573.3757916647,
        347840.83344938146,
        321686.7209776435,
        294708.0748035589,
        264771.5100086142,
        244099.792937124,
        223960.19482236097,
        206786.0345133761,
        191594.4362285959,
        180517.15454649687
      ],
      "ess_valid_fraction": [
        1.0,
        1.0,
        1.0,
        1.0,
        1.0,
        1.0,
        1.0,
        1.0,
        1.0,
        1.0,
        1.0,
        1.0,
        1.0,
        1.0,
        1.0,
        1.0,
        1.0,
        1.0,
        1.0,
        1.0,
        1.0,
        1.0,
        1.0,
        1.0,
        1.0,
        1.0,
        1.0,
        1.0,
        1.0,
        1.0,
        1.0,
        1.0
      ],
      "n_evaluations": 4000000.0,
      "evaluation_type": "gradient",
      "ess_per_eval": 0.045129288636624215,
      "time": 58.808122396469116,
      "sigma": 0.0,
      "epsilon": 3.2838940620422363,
      "n_leapfrog": 3,
      "n_warmup": 1000,
      "target_accept": 0.651,
      "gamma": 0.05,
      "t0": 10,
      "kappa": 0.75
    }
  }
}