{
  "dim": 64,
  "seed": 0,
  "condition_number": 50.0,
  "n_samples": 10000,
  "burn_in": 2000,
  "n_thin": 1,
  "n_chains": 150,
  "hwm_walkers_requested": 300,
  "jax_enable_x64": true,
  "af": false,
  "transform_affine": false,
  "summary": {
    "Dense-mass NUTS": {
      "distribution": "Gaussian",
      "tau": 1.001939058000478,
      "tau_std": 0.00038552283035196824,
      "ess": 1497097.0420032118,
      "ess_by_coordinate": [
        1500000.0,
        1499217.6660555494,
        1499737.47170213,
        1497097.0420032118,
        1499255.7322904954,
        1499040.8303522593,
        1499909.7728804848,
        1499610.3498652726,
        1498580.8732107088,
        1498996.467454963,
        1499024.9081510003,
        1500000.0,
        1499960.4501669188,
        1498495.7912181392,
        1498713.7065905412,
        1499832.8742069416,
        1499489.1677037305,
        1500000.0,
        1498790.7598305836,
        1499731.6201822688,
        1499991.3278634558,
        1500000.0,
        1499748.4491639072,
        1500000.0,
        1499617.8078036958,
        1499690.450849216,
        1499747.379508287,
        1500000.0,
        1500000.0,
        1500000.0,
        1500000.0,
        1500000.0,
        1499746.2202973433,
        1499866.9885777684,
        1498561.3802454467,
        1499636.5100906866,
        1499928.0397008602,
        1500000.0,
        1500000.0,
        1499578.2743459442,
        1499920.2305862643,
        1500000.0,
        1500000.0,
        1500000.0,
        1500000.0,
        1499277.1019743343,
        1500000.0,
        1500000.0,
        1500000.0,
        1500000.0,
        1500000.0,
        1499839.0308397461,
        1499889.33354651,
        1500000.0,
        1499223.7705113464,
        1500000.0,
        1500000.0,
        1500000.0,
        1498839.89522097,
        1500000.0,
        1499600.3606215967,
        1497924.2395410733,
        1499900.9034644621,
        1499175.450681233
      ],
      "ess_valid_fraction": [
        1.0,
        1.0,
        1.0,
        1.0,
        1.0,
        1.0,
        1.0,
        1.0,
        1.0,
        1.0,
        1.0,
        1.0,
        1.0,
        1.0,
        1.0,
        1.0,
        1.0,
        1.0,
        1.0,
        1.0,
        1.0,
        1.0,
        1.0,
        1.0,
        1.0,
        1.0,
        1.0,
        1.0,
        1.0,
        1.0,
        1.0,
        1.0,
        1.0,
        1.0,
        1.0,
        1.0,
        1.0,
        1.0,
        1.0,
        1.0,
        1.0,
        1.0,
        1.0,
        1.0,
        1.0,
        1.0,
        1.0,
        1.0,
        1.0,
        1.0,
        1.0,
        1.0,
        1.0,
        1.0,
        1.0,
        1.0,
        1.0,
        1.0,
        1.0,
        1.0,
        1.0,
        1.0,
        1.0,
        1.0
      ],
      "n_evaluations": 13114653.333333332,
      "evaluation_type": "gradient",
      "ess_per_eval": 0.11415452654002382,
      "time": 193.2966136932373,
      "sigma": 0.0,
      "epsilon": 0.49249174766778414,
      "n_leapfrog": 8.743102222222221,
      "n_warmup": 2000,
      "target_accept": 0.8,
      "gamma": 0.05,
      "t0": 10,
      "kappa": 0.75,
      "mean_mse": 4.036803664852123e-06,
      "cov_mse": 8.635885490011702e-05,
      "acceptance_rate_mean": 0.8606392031391501,
      "acceptance_rate_min": 0.7962850659715041,
      "acceptance_rate_max": 0.9006730901184824,
      "n_divergent": 0,
      "actual_n_chains": 150,
      "diagnostic_draws_per_chain": 200,
      "sample_finite_fraction": 1.0,
      "finite_draw_fraction": 1.0,
      "sample_covariance_rank": 64,
      "sample_covariance_full_rank": true
    },
    "Hamiltonian Walk Move": {
      "distribution": "Gaussian",
      "tau": 1.2157776191110523,
      "tau_std": 0.004446243454480153,
      "ess": 2467556.5274787084,
      "ess_by_coordinate": [
        2502876.245961822,
        2489572.3153199004,
        2499028.0418781904,
        2485328.5284282854,
        2497796.182995484,
        2508174.1443621973,
        2503312.2158938777,
        2500088.832621996,
        2483200.829066988,
        2481210.379108479,
        2489059.4502635724,
        2492942.324675233,
        2496704.160127368,
        2506386.5349484957,
        2487244.39653536,
        2513209.822666134,
        2480726.1150233694,
        2483133.25946677,
        2498719.1625444777,
        2494544.075497834,
        2488280.3771742373,
        2493835.141716242,
        2493043.2170504844,
        2492500.5189028727,
        2498793.3473562757,
        2481834.809676986,
        2483408.3602808593,
        2497297.9502693787,
        2497231.9947530236,
        2494331.9376936783,
        2493020.0744960555,
        2503893.9839054574,
        2483257.9961497877,
        2496951.889987548,
        2482649.8536479706,
        2502000.2453541486,
        2505874.2761312854,
        2481154.6211143197,
        2484023.135316946,
        2494914.826101127,
        2482639.339672626,
        2507244.2420321917,
        2467556.5274787084,
        2498436.5513156457,
        2514078.7779541845,
        2495630.866488291,
        2476951.112067447,
        2502836.923654684,
        2498136.6968856454,
        2489265.3003381575,
        2501739.460783644,
        2492118.7731682174,
        2499791.6903324914,
        2498801.0742200045,
        2499228.297501502,
        2498016.6464675944,
        2489311.4570449246,
        2503228.6059018765,
        2497881.1026615845,
        2481360.9602695974,
        2486267.049532541,
        2490049.2356015984,
        2504265.392452905,
        2502098.305451901
      ],
      "ess_valid_fraction": [
        1.0,
        1.0,
        1.0,
        1.0,
        1.0,
        1.0,
        1.0,
        1.0,
        1.0,
        1.0,
        1.0,
        1.0,
        1.0,
        1.0,
        1.0,
        1.0,
        1.0,
        1.0,
        1.0,
        1.0,
        1.0,
        1.0,
        1.0,
        1.0,
        1.0,
        1.0,
        1.0,
        1.0,
        1.0,
        1.0,
        1.0,
        1.0,
        1.0,
        1.0,
        1.0,
        1.0,
        1.0,
        1.0,
        1.0,
        1.0,
        1.0,
        1.0,
        1.0,
        1.0,
        1.0,
        1.0,
        1.0,
        1.0,
        1.0,
        1.0,
        1.0,
        1.0,
        1.0,
        1.0,
        1.0,
        1.0,
        1.0,
        1.0,
        1.0,
        1.0,
        1.0,
        1.0,
        1.0,
        1.0
      ],
      "n_evaluations": 15081250.0,
      "evaluation_type": "gradient",
      "ess_per_eval": 0.163617507002318,
      "time": 33.54776859283447,
      "sigma": 0.0,
      "epsilon": 0.7151054864612781,
      "n_leapfrog": 4.027083333333334,
      "n_warmup": 2000,
      "target_accept": 0.651,
      "gamma": 0.05,
      "t0": 10,
      "kappa": 0.75,
      "mean_mse": 4.346957210307345e-06,
      "cov_mse": 5.3288651597694016e-05,
      "acceptance_rate_mean": 0.6542833333333334,
      "acceptance_rate_min": 0.6542833333333333,
      "acceptance_rate_max": 0.6542833333333333,
      "n_divergent": null,
      "actual_n_chains": 300,
      "diagnostic_draws_per_chain": 200,
      "sample_finite_fraction": 1.0,
      "finite_draw_fraction": 1.0,
      "sample_covariance_rank": 64,
      "sample_covariance_full_rank": true
    },
    "Stretch Move": {
      "distribution": "Gaussian",
      "tau": 469.81580465540094,
      "tau_std": 32.65193692943244,
      "ess": 3192.7406126752494,