{
  "dim": 64,
  "seed": 0,
  "condition_number": 50.0,
  "n_samples": 10000,
  "burn_in": 1000,
  "n_thin": 1,
  "n_chains": 16,
  "af": false,
  "transform_affine": false,
  "summary": {
    "Dense-mass NUTS": {
      "distribution": "Gaussian",
      "tau": 1.0068470320166607,
      "tau_std": 0.0014099616823427057,
      "ess": 158911.9249619563,
      "ess_by_coordinate": [
        160000.0,
        159669.66283773197,
        160000.0,
        160000.0,
        160000.0,
        160000.0,
        160000.0,
        160000.0,
        160000.0,
        159473.9956335689,
        160000.0,
        160000.0,
        160000.0,
        160000.0,
        160000.0,
        160000.0,
        160000.0,
        159992.63434090494,
        159617.4773821484,
        160000.0,
        160000.0,
        159473.4689979543,
        160000.0,
        160000.0,
        160000.0,
        158911.9249619563,
        160000.0,
        160000.0,
        160000.0,
        159289.20823629096,
        159214.52252646908,
        160000.0,
        160000.0,
        160000.0,
        160000.0,
        159715.90441873722,
        159840.3630748019,
        160000.0,
        160000.0,
        160000.0,
        159703.42436030952,
        160000.0,
        160000.0,
        160000.0,
        160000.0,
        160000.0,
        160000.0,
        159735.78717028684,
        159346.1552831836,
        160000.0,
        159950.98907771904,
        160000.0,
        160000.0,
        160000.0,
        160000.0,
        160000.0,
        160000.0,
        160000.0,
        160000.0,
        160000.0,
        160000.0,
        160000.0,
        159902.85713119106,
        160000.0
      ],
      "ess_valid_fraction": [
        1.0,
        1.0,
        1.0,
        1.0,
        1.0,
        1.0,
        1.0,
        1.0,
        1.0,
        1.0,
        1.0,
        1.0,
        1.0,
        1.0,
        1.0,
        1.0,
        1.0,
        1.0,
        1.0,
        1.0,
        1.0,
        1.0,
        1.0,
        1.0,
        1.0,
        1.0,
        1.0,
        1.0,
        1.0,
        1.0,
        1.0,
        1.0,
        1.0,
        1.0,
        1.0,
        1.0,
        1.0,
        1.0,
        1.0,
        1.0,
        1.0,
        1.0,
        1.0,
        1.0,
        1.0,
        1.0,
        1.0,
        1.0,
        1.0,
        1.0,
        1.0,
        1.0,
        1.0,
        1.0,
        1.0,
        1.0,
        1.0,
        1.0,
        1.0,
        1.0,
        1.0,
        1.0,
        1.0,
        1.0
      ],
      "n_evaluations": 1646138.1818181816,
      "evaluation_type": "gradient",
      "ess_per_eval": 0.0965362001301956,
      "time": 122.67426300048828,
      "sigma": 0.0,
      "epsilon": 0.4215523898601532,
      "n_leapfrog": 10.288363636363636,
      "n_warmup": 1000,
      "target_accept": 0.8,
      "gamma": 0.05,
      "t0": 10,
      "kappa": 0.75
    },
    "Hamiltonian Walk Move": {
      "distribution": "Gaussian",
      "tau": 12.167446635496374,
      "tau_std": 0.43672819166223703,
      "ess": 13149.84193423362,
      "ess_by_coordinate": [
        14287.235627486793,
        14410.547642103405,
        15757.625672829658,
        15150.359868965748,
        14463.518675171408,
        13952.570568924466,
        14116.360920537416,
        13993.159791548635,
        13552.4258748571,
        13741.776973277802,
        14740.03156669045,
        13684.52633484688,
        14758.321625046157,
        14958.253425919502,
        14791.057057918739,
        14725.052668796525,
        14714.86536228305,
        13701.370430040412,
        15088.282070013875,
        14020.52069004268,
        13984.789884139107,
        13915.707215079408,
        13886.941302049108,
        14148.043056409251,
        14166.84021377745,
        13530.90952661656,
        14716.95289554147,
        14001.070562493991,
        15288.520507257741,
        14272.348955081314,
        14995.800301962605,
        14502.105019558567,
        14452.492805908492,
        15395.261863725711,
        13819.676649592535,
        14656.739674635559,
        14564.434024580378,
        14643.896713460817,
        15190.324487482962,
        13529.603097593343,
        14452.866623984151,
        13722.171894928808,
        13680.243733694057,
        14713.381892246205,
        13684.559058475985,
        13977.56439808595,
        13167.672011856896,
        13719.240328763131,
        14175.135185236239,
        14999.610885492,
        13919.444529985176,
        14701.838945680094,
        14053.709063410653,
        14138.220539029917,
        14352.054450776719,
        14770.723032423106,
        14324.227223818802,
        15072.39957592681,
        13149.84193423362,
        14607.261718040378,
        14625.814138400907,
        14763.983424270926,
        13433.530508853757,
        14153.113338427454
      ],
      "ess_valid_fraction": [
        1.0,
        1.0,
        1.0,
        1.0,
        1.0,
        1.0,
        1.0,
        1.0,
        1.0,
        1.0,
        1.0,
        1.0,
        1.0,
        1.0,
        1.0,
        1.0,
        1.0,
        1.0,
        1.0,
        1.0,
        1.0,
        1.0,
        1.0,
        1.0,
        1.0,
        1.0,
        1.0,
        1.0,
        1.0,
        1.0,
        1.0,
        1.0,
        1.0,
        1.0,
        1.0,
        1.0,
        1.0,
        1.0,
        1.0,
        1.0,
        1.0,
        1.0,
        1.0,
        1.0,
        1.0,
        1.0,
        1.0,
        1.0,
        1.0,
        1.0,
        1.0,
        1.0,
        1.0,
        1.0,
        1.0,
        1.0,
        1.0,
        1.0,
        1.0,
        1.0,
        1.0,
        1.0,
        1.0,
        1.0
      ],
      "n_evaluations": 640000.0,
      "evaluation_type": "gradient",
      "ess_per_eval": 0.02054662802224003,
      "time": 17.967559576034546,
      "sigma": 0.0,
      "epsilon": 0.36394208669662476,
      "n_leapfrog": 3,
      "n_warmup": 1000,
      "target_accept": 0.651,
      "gamma": 0.05,
      "t0": 10,
      "kappa": 0.75
    },
    "Stretch Move": {
      "distribution": "Gaussian",
      "tau": 1445.6380032025993,
      "tau_std": 230.8116136699806,
      "ess": 110.67777662564447,