{
  "dim": 32,
  "seed": 4,
  "n_samples": 10000,
  "burn_in": 1000,
  "n_thin": 1,
  "n_chains": 100,
  "cond": 1000.0,
  "af": true,
  "transform_affine": true,
  "summary": {
    "Dense-mass NUTS": {
      "distribution": "Gaussian",
      "tau": 6.3377939334067825,
      "tau_std": 1.172246003148205,
      "ess": 157783.6090140068,
      "ess_by_coordinate": [
        998694.7441740499,
        997910.2553264035,
        998044.4804871322,
        998490.7875630806,
        998493.7261623016,
        999236.1561950825,
        998381.8325046966,
        999200.6142104992,
        998531.7193371038,
        998919.4382640952,
        999394.9915565721,
        999495.0265578588,
        999219.6797331407,
        998834.0679881471,
        999434.6060452751,
        999556.2219153494,
        996574.2759086112,
        997418.4061024522,
        998956.357349268,
        993217.913259817,
        983313.1121009683,
        972415.1011920364,
        916167.9099325842,
        878945.6606406919,
        776323.1007861916,
        687460.1050890525,
        582978.9537752923,
        460117.93457188556,
        351283.8057816276,
        288013.24105354963,
        225622.57706772853,
        157783.6090140068
      ],
      "ess_valid_fraction": [
        1.0,
        1.0,
        1.0,
        1.0,
        1.0,
        1.0,
        1.0,
        1.0,
        1.0,
        1.0,
        1.0,
        1.0,
        1.0,
        1.0,
        1.0,
        1.0,
        1.0,
        1.0,
        1.0,
        1.0,
        1.0,
        1.0,
        1.0,
        1.0,
        1.0,
        1.0,
        1.0,
        1.0,
        1.0,
        1.0,
        1.0,
        1.0
      ],
      "n_evaluations": 52271701.81818182,
      "evaluation_type": "gradient",
      "ess_per_eval": 0.00301852825765708,
      "time": 281.723792552948,
      "sigma": 0.0,
      "epsilon": 0.4749135375022888,
      "n_leapfrog": 52.27170181818182,
      "n_warmup": 1000,
      "target_accept": 0.8,
      "gamma": 0.05,
      "t0": 10,
      "kappa": 0.75
    },
    "Hamiltonian Walk Move": {
      "distribution": "Gaussian",
      "tau": 1.288832328594639,
      "tau_std": 0.01113015518595118,
      "ess": 775896.1176046958,
      "ess_by_coordinate": [
        775896.1176046958,
        796192.8192146186,
        784718.9380305255,
        796614.5654862126,
        788329.3555462883,
        802047.8437056808,
        796152.7972807601,
        788413.7669399953,
        793274.3446596417,
        802268.1707543287,
        802482.3758358594,
        802473.1453362212,
        799037.7161435054,
        804565.1669680078,
        791196.7351175094,
        798195.8621512143,
        806556.7231110887,
        791906.1369619725,
        805135.1368868554,
        807503.6649013264,
        802299.365076645,
        801070.4411693586,
        798045.7223932098,
        791018.2492464134,
        797653.2291473373,
        798177.7106562973,
        801408.7814483911,
        791057.3402955175,
        797202.4929158746,
        797685.5483410232,
        784936.7228631099,
        791019.5969882364
      ],
      "ess_valid_fraction": [
        1.0,
        1.0,
        1.0,
        1.0,
        1.0,
        1.0,
        1.0,
        1.0,
        1.0,
        1.0,
        1.0,
        1.0,
        1.0,
        1.0,
        1.0,
        1.0,
        1.0,
        1.0,
        1.0,
        1.0,
        1.0,
        1.0,
        1.0,
        1.0,
        1.0,
        1.0,
        1.0,
        1.0,
        1.0,
        1.0,
        1.0,
        1.0
      ],
      "n_evaluations": 10000000.0,
      "evaluation_type": "gradient",
      "ess_per_eval": 0.07758961176046958,
      "time": 24.043933391571045,
      "sigma": 0.0,
      "epsilon": 0.5916980504989624,
      "n_leapfrog": 9,
      "n_warmup": 1000,
      "target_accept": 0.651,
      "gamma": 0.05,
      "t0": 10,
      "kappa": 0.75
    },
    "Stretch Move": {
      "distribution": "Gaussian",
      "tau": 278.44617922873556,
      "tau_std": 19.772634133864045,
      "ess": 3591.3583112179413,
      "ess_by_coordinate": [
        4815.811487777406,
        4763.497302167976,
        4186.821922424141,
        4403.466978801044,
        4612.744130626058,
        5014.574128328429,
        4285.805174124915,
        4445.109402310746,
        3879.2755877116306,
        3591.3583112179413,
        4426.525771568956,
        4312.82255108592,
        3917.8135118351015,
        3881.5011993477315,
        4406.553959777607,
        4506.446585368995,
        4050.2372470275513,
        4901.067914900732,
        4399.250399387301,
        4796.445870656403,
        3977.3345535599315,
        4039.178040150812,
        4278.235660042568,
        4434.939144982719,
        4443.757145125962,
        4583.368639380584,
        4506.066970532747,
        4389.867222688383,
        4732.976924558576,
        3846.917198189664,
        3735.083382897608,
        3851.6600266035325
      ],
      "ess_valid_fraction": [
        0.8,
        0.83,
        0.76,
        0.76,
        0.82,
        0.78,
        0.79,
        0.77,
        0.72,
        0.72,
        0.77,
        0.76,
        0.76,
        0.7,
        0.77,
        0.77,
        0.72,
        0.82,
        0.74,
        0.79,
        0.73,
        0.72,
        0.75,
        0.79,
        0.77,
        0.81,
        0.79,
        0.77,
        0.78,
        0.67,
        0.71,
        0.7
      ],
      "n_evaluations": 1000000.0,
      "evaluation_type": "function",
      "ess_per_eval": 0.0035913583112179414,
      "time": 5.768174886703491,
      "sigma": 0.0,
      "epsilon": 0.0,
      "n_leapfrog": null,
      "n_warmup": null,
      "target_accept": null,
      "gamma": null,
      "t0": null,
      "kappa": null
    },
    "HMC": {
      "distribution": "Gaussian",
      "tau": 4343.846470765315,
      "tau_std": 1223.8372373369552,
      "ess": 230.21071456602755,
      "ess_by_coordinate": [
        990000.0,
        1000000.0,
        1000000.0,
        746338.2447678826,
        420432.1190489863,
        243810.9677949659,
        148062.7447527008,
        93415.39139303252,
        58925.46940574572,
        40453.585036590295,
        25470.90690175648,
        16514.98612287772,
        11546.070674417442,
        9044.195694464814,
        6051.893468422957,
        4998.656764518506,
        3663.0362107813276,
        2985.254854788707,
        1763.920786824875,
        1341.6037780353797,
        915.8490173925035,
        478.3194403387338,
        915.9681667518845,
        325.79767566160746,
        380.78951816565234,
        448.1532480520203,
        311.5967895311769,
        671.3617822306187,
        466.64945189758294,
        375.7233016691066,
        230.21071456602755,
        409.3676646431523
      ],
      "ess_valid_fraction": [
        0.99,
        1.0,
        1.0,
        1.0,
        1.0,
        1.0,
        1.0,
        1.0,
        1.0,
        1.0,
        1.0,
        1.0,
        0.98,
        0.97,
        0.86,
        0.83,
        0.71,
        0.59,
        0.41,
        0.34,
        0.23,
        0.13,
        0.23,
        0.07,
        0.1,
        0.11,
        0.07,
        0.16,
        0.12,
        0.11,
        0.07,
        0.09
      ],
      "n_evaluations": 3000000.0,
      "evaluation_type": "gradient",
      "ess_per_eval": 7.673690485534251e-05,
      "time": 13.043085813522339,
      "sigma": 0.0,
      "epsilon": 4.324669361114502,
      "n_leapfrog": 2,
      "n_warmup": 1000,
      "target_accept": 0.651,
      "gamma": 0.05,
      "t0": 10,
      "kappa": 0.75
    }
  }
}