{
  "dim": 32,
  "seed": 1,
  "n_samples": 10000,
  "burn_in": 1000,
  "n_thin": 1,
  "n_chains": 100,
  "cond": 1000.0,
  "af": true,
  "transform_affine": true,
  "summary": {
    "Dense-mass NUTS": {
      "distribution": "Gaussian",
      "tau": 6.046559215007623,
      "tau_std": 1.094275065239626,
      "ess": 165383.31378910333,
      "ess_by_coordinate": [
        997972.439472595,
        996715.1572264177,
        994520.8251930955,
        996988.1229313496,
        999291.4896129238,
        997414.7293936482,
        997338.3157693278,
        998190.6745833573,
        997092.2612657323,
        999344.8876741861,
        999702.9373339168,
        998305.8766822505,
        998788.8758913871,
        997932.9712497237,
        998300.5673014291,
        998588.7794453552,
        997561.743985811,
        999583.3869794544,
        996175.2341326177,
        989847.8683758064,
        983786.7879538496,
        972938.0173071884,
        928508.4058788294,
        857262.890339835,
        799609.9856483208,
        722296.6850687739,
        562472.6844501613,
        490965.4839519943,
        399985.5499813196,
        322364.2311144709,
        231122.63194093033,
        165383.31378910333
      ],
      "ess_valid_fraction": [
        1.0,
        1.0,
        1.0,
        1.0,
        1.0,
        1.0,
        1.0,
        1.0,
        1.0,
        1.0,
        1.0,
        1.0,
        1.0,
        1.0,
        1.0,
        1.0,
        1.0,
        1.0,
        1.0,
        1.0,
        1.0,
        1.0,
        1.0,
        1.0,
        1.0,
        1.0,
        1.0,
        1.0,
        1.0,
        1.0,
        1.0,
        1.0
      ],
      "n_evaluations": 56594516.36363637,
      "evaluation_type": "gradient",
      "ess_per_eval": 0.0029222497940695705,
      "time": 284.27304458618164,
      "sigma": 0.0,
      "epsilon": 0.5876518487930298,
      "n_leapfrog": 56.594516363636366,
      "n_warmup": 1000,
      "target_accept": 0.8,
      "gamma": 0.05,
      "t0": 10,
      "kappa": 0.75
    },
    "Hamiltonian Walk Move": {
      "distribution": "Gaussian",
      "tau": 1.2947835211793952,
      "tau_std": 0.011001617235732874,
      "ess": 772329.8788118016,
      "ess_by_coordinate": [
        772329.8788118016,
        782173.3746906092,
        792215.3907064246,
        796388.2654489713,
        792805.6624953463,
        795317.4448437331,
        795141.6572674704,
        800276.2162565523,
        791267.2310726807,
        800872.7418638405,
        799316.3359000583,
        789853.6902843594,
        797954.5473203857,
        788194.667970826,
        794042.526349553,
        806963.0829682886,
        798206.5583249801,
        791519.612947793,
        797872.8644619178,
        796476.9900010141,
        793799.0299207709,
        794164.5553233068,
        799873.4005917639,
        799345.3911829923,
        791382.5047339067,
        799220.4046034748,
        806007.9691589543,
        799968.4157258121,
        784335.2831668286,
        793916.641388871,
        790774.898522272,
        783452.7617170968
      ],
      "ess_valid_fraction": [
        1.0,
        1.0,
        1.0,
        1.0,
        1.0,
        1.0,
        1.0,
        1.0,
        1.0,
        1.0,
        1.0,
        1.0,
        1.0,
        1.0,
        1.0,
        1.0,
        1.0,
        1.0,
        1.0,
        1.0,
        1.0,
        1.0,
        1.0,
        1.0,
        1.0,
        1.0,
        1.0,
        1.0,
        1.0,
        1.0,
        1.0,
        1.0
      ],
      "n_evaluations": 10000000.0,
      "evaluation_type": "gradient",
      "ess_per_eval": 0.07723298788118016,
      "time": 23.63650369644165,
      "sigma": 0.0,
      "epsilon": 0.5949151515960693,
      "n_leapfrog": 9,
      "n_warmup": 1000,
      "target_accept": 0.651,
      "gamma": 0.05,
      "t0": 10,
      "kappa": 0.75
    },
    "Stretch Move": {
      "distribution": "Gaussian",
      "tau": 270.14877020039876,
      "tau_std": 16.041515659457158,
      "ess": 3701.664084045954,
      "ess_by_coordinate": [
        3701.664084045954,
        4612.534792562071,
        4510.5159941508045,
        4672.867909711085,
        4487.682154700268,
        4381.40277405369,
        4261.9951665679255,
        4411.969510905316,
        3765.9258538872855,
        4227.517405293839,
        4338.959488835203,
        3870.303042551244,
        4503.476421006143,
        4234.233557372608,
        4287.072702214917,
        3982.0709614522084,
        4550.061393898361,
        4480.9202438577,
        4781.535375061038,
        4290.553910850446,
        4171.049118626492,
        4327.430318030347,
        4065.284074735202,
        4221.613504812468,
        4443.870251637646,
        4580.596669149868,
        4331.959760178148,
        4102.400958091127,
        3889.2021652272965,
        4482.443974754073,
        5152.118700107166,
        4507.600136960854
      ],
      "ess_valid_fraction": [
        0.69,
        0.75,
        0.74,
        0.82,
        0.76,
        0.74,
        0.78,
        0.76,
        0.63,
        0.71,
        0.7,
        0.7,
        0.75,
        0.76,
        0.74,
        0.7,
        0.81,
        0.76,
        0.79,
        0.76,
        0.71,
        0.74,
        0.74,
        0.72,
        0.77,
        0.81,
        0.74,
        0.75,
        0.72,
        0.74,
        0.87,
        0.82
      ],
      "n_evaluations": 1000000.0,
      "evaluation_type": "function",
      "ess_per_eval": 0.003701664084045954,
      "time": 5.7736897468566895,
      "sigma": 0.0,
      "epsilon": 0.0,
      "n_leapfrog": null,
      "n_warmup": null,
      "target_accept": null,
      "gamma": null,
      "t0": null,
      "kappa": null
    },
    "HMC": {
      "distribution": "Gaussian",
      "tau": 9903.114487667855,
      "tau_std": 2133.209449756459,
      "ess": 100.97833376007915,
      "ess_by_coordinate": [
        990000.0,
        1000000.0,
        1000000.0,
        747398.6053800902,
        419716.5214018122,
        250405.44585381774,
        150657.1278103597,
        93494.4497621841,
        61577.736722858666,
        36122.12725392836,
        26232.09435302051,
        17543.265856916616,
        12642.274345399026,
        9299.373071422682,
        7434.714730642483,
        4704.438353744029,
        4034.89240217493,
        2780.172441347593,
        1563.7383144356938,
        1111.702837840878,
        772.8808064183505,
        533.9800517386368,
        565.2510911518194,
        201.73748406114768,
        393.1392848045514,
        236.4573110152267,
        100.97833376007915,
        330.4100681122867,
        258.23375638356237,
        252.48353743996455,
        332.04881212558905,
        501.6369081738798
      ],
      "ess_valid_fraction": [
        0.99,
        1.0,
        1.0,
        1.0,
        1.0,
        1.0,
        1.0,
        1.0,
        1.0,
        1.0,
        1.0,
        1.0,
        0.99,
        0.97,
        0.9,
        0.78,
        0.7,
        0.57,
        0.35,
        0.27,
        0.19,
        0.14,
        0.14,
        0.06,
        0.11,
        0.06,
        0.03,
        0.09,
        0.07,
        0.06,
        0.08,
        0.13
      ],
      "n_evaluations": 3000000.0,
      "evaluation_type": "gradient",
      "ess_per_eval": 3.365944458669305e-05,
      "time": 13.165969848632812,
      "sigma": 0.0,
      "epsilon": 4.284137725830078,
      "n_leapfrog": 2,
      "n_warmup": 1000,
      "target_accept": 0.651,
      "gamma": 0.05,
      "t0": 10,
      "kappa": 0.75
    }
  }
}