{
  "dim": 32,
  "seed": 1,
  "n_samples": 10000,
  "burn_in": 1000,
  "n_thin": 1,
  "n_chains": 100,
  "af": true,
  "initialization_mode": "agnostic",
  "initialization_description": "independent N(0, 2^2) coordinates in the intrinsic Rosenbrock frame",
  "transform_affine": true,
  "overlay_rosenbrock": {
    "a": 1.0,
    "b": 100.0,
    "sigma": 0.7
  },
  "summary": {
    "Dense-mass NUTS": {
      "distribution": "Paired Rosenbrock",
      "tau": 12902.642356745435,
      "tau_std": 2997.4050317777637,
      "ess": 77.50350450326209,
      "ess_by_coordinate": [
        979.8586209834108,
        955.0505016471184,
        1032.9019073742752,
        1059.6448933671072,
        1053.330375400804,
        1054.794528086472,
        835.973991027983,
        685.6535153833668,
        540.3688119905329,
        500.57571187147227,
        337.44764083897667,
        453.6079207336492,
        335.68033130214195,
        361.25027013140766,
        92.54689696938597,
        277.10512566975007,
        627.8528721865014,
        326.0374952249991,
        443.66224338095265,
        432.57842074844905,
        172.34373788626175,
        190.75441886244687,
        126.30376345678249,
        369.534175140668,
        228.08737584088465,
        269.0058242544967,
        310.5266890674813,
        270.583408984587,
        167.7210190559428,
        77.50350450326209,
        193.81453155686927,
        96.95180854895858
      ],
      "ess_valid_fraction": [
        0.09,
        0.06,
        0.09,
        0.09,
        0.11,
        0.11,
        0.1,
        0.07,
        0.06,
        0.07,
        0.06,
        0.1,
        0.05,
        0.07,
        0.01,
        0.06,
        0.09,
        0.04,
        0.07,
        0.08,
        0.05,
        0.05,
        0.03,
        0.09,
        0.06,
        0.07,
        0.08,
        0.07,
        0.05,
        0.02,
        0.05,
        0.02
      ],
      "n_evaluations": 254999185.45454547,
      "evaluation_type": "gradient",
      "ess_per_eval": 3.0393628263991996e-07,
      "time": 278.50207710266113,
      "sigma": 0.7,
      "epsilon": 0.00058504578191787,
      "n_leapfrog": 254.99918545454545,
      "n_warmup": 1000,
      "target_accept": 0.8,
      "cond": 50
    },
    "Hamiltonian Walk Move": {
      "distribution": "Paired Rosenbrock",
      "tau": 7604.11743831985,
      "tau_std": 1262.104521897326,
      "ess": 131.5077006781411,
      "ess_by_coordinate": [
        440.5860714394819,
        525.0915058089302,
        312.4761321248015,
        308.2259248679668,
        131.5077006781411,
        346.68986163430935,
        425.5901540962603,
        499.07197389090635,
        368.13294219856846,
        271.0964917522043,
        488.4059126567979,
        372.44661300304006,
        390.8833647063599,
        304.16086175859283,
        248.57467062082324,
        443.76398460594606,
        242.72791018318242,
        348.87078709030123,
        423.64001046149735,
        421.45298337627906,
        288.44272921594325,
        378.7599997727939,
        334.4306600085142,
        217.90523550828763,
        377.9432175428289,
        568.1586728544155,
        178.23656853436233,
        319.0117032339521,
        395.6962084294418,
        593.7777105135524,
        175.27902272151601,
        462.9403614961938
      ],
      "ess_valid_fraction": [
        0.12,
        0.14,
        0.08,
        0.08,
        0.04,
        0.1,
        0.11,
        0.13,
        0.1,
        0.07,
        0.13,
        0.1,
        0.09,
        0.08,
        0.07,
        0.11,
        0.06,
        0.1,
        0.12,
        0.12,
        0.08,
        0.1,
        0.09,
        0.06,
        0.1,
        0.15,
        0.05,
        0.08,
        0.12,
        0.15,
        0.05,
        0.12
      ],
      "n_evaluations": 1001000000.0,
      "evaluation_type": "gradient",
      "ess_per_eval": 1.3137632435378733e-07,
      "time": 709.4128999710083,
      "sigma": 0.7,
      "epsilon": 8.766467090026708e-07,
      "n_leapfrog": 1000,
      "n_warmup": 1000,
      "target_accept": 0.651,
      "cond": 50
    },
    "Stretch Move": {
      "distribution": "Paired Rosenbrock",
      "tau": 2844.850806007368,
      "tau_std": 482.43392417889817,
      "ess": 351.51228243264507,
      "ess_by_coordinate": [
        720.1243513913455,
        1061.6160375758304,
        592.1143404482025,
        1039.3573294604416,
        661.9706458358677,
        887.3513943042053,
        362.54639902597853,
        736.322417777674,
        647.7672962158264,
        1101.0989251836295,
        403.6005808056767,
        661.6543507687616,
        487.95595534638335,
        822.9036481695091,
        657.723216510753,
        779.7090890860503,
        575.4223722070304,
        1067.1600359714896,
        650.7279558995393,
        858.441554217676,
        537.0198865415844,
        864.8454713038294,
        619.5571872630854,
        1126.0165899431215,
        351.51228243264507,
        759.1876688739605,
        631.6061110008661,
        819.0327046990118,
        649.1598257695672,
        930.1315321779123,
        610.9235145886325,
        810.8284902667631
      ],
      "ess_valid_fraction": [
        0.18,
        0.24,
        0.15,
        0.24,
        0.15,
        0.21,
        0.09,
        0.17,
        0.17,
        0.23,
        0.11,
        0.16,
        0.12,
        0.18,
        0.15,
        0.19,
        0.15,
        0.21,
        0.14,
        0.19,
        0.13,
        0.21,
        0.15,
        0.27,
        0.09,
        0.18,
        0.16,
        0.21,
        0.17,
        0.21,
        0.16,
        0.19
      ],
      "n_evaluations": 1000000.0,
      "evaluation_type": "function",
      "ess_per_eval": 0.00035151228243264504,
      "time": 4.271630525588989,
      "sigma": 0.7,
      "epsilon": 0.0,
      "n_leapfrog": null,
      "n_warmup": null,
      "target_accept": null,
      "cond": 50
    },
    "HMC": {
      "distribution": "Paired Rosenbrock",
      "tau": 4461.415592910423,
      "tau_std": 856.2180107206625,
      "ess": 224.14410385553117,
      "ess_by_coordinate": [
        8339.959814190854,
        6748.575049426877,
        5742.17286295793,
        4966.428928712039,
        4559.457072434519,
        3759.180724947757,
        3432.2038601018453,
        2960.365620489091,
        3043.0975137681417,
        2448.0082805189854,
        1533.603196009339,
        1476.278752928935,
        1197.6616934226288,
        1275.2960846546343,
        1242.6118478107608,
        1121.029528326967,
        1067.808067462615,
        969.9489124734218,
        670.1672932659245,
        621.1561172191433,
        776.9634315359963,
        1170.4051121123305,
        647.3506930384957,
        832.630313005052,
        527.5814769789699,
        861.7223761938361,
        467.4667403792016,
        672.6333216384294,
        430.69715848279185,
        1115.7280966941594,
        224.14410385553117,
        658.2482690355471
      ],
      "ess_valid_fraction": [
        0.92,
        0.89,
        0.81,
        0.79,
        0.73,
        0.65,
        0.65,
        0.59,
        0.58,
        0.51,
        0.36,
        0.35,
        0.28,
        0.3,
        0.28,
        0.26,
        0.24,
        0.21,
        0.17,
        0.15,
        0.18,
        0.24,
        0.16,
        0.19,
        0.14,
        0.2,
        0.12,
        0.16,
        0.12,
        0.24,
        0.06,
        0.16
      ],
      "n_evaluations": 15000000.0,
      "evaluation_type": "gradient",
      "ess_per_eval": 1.494294025703541e-05,
      "time": 17.0050630569458,
      "sigma": 0.7,
      "epsilon": 0.02125987596809864,
      "n_leapfrog": 14,
      "n_warmup": 1000,
      "target_accept": 0.651,
      "cond": 50
    }
  }
}