{
  "dim": 8,
  "seed": 0,
  "condition_number": 50.0,
  "n_samples": 10000,
  "burn_in": 2000,
  "n_thin": 1,
  "n_chains": 150,
  "hwm_walkers_requested": 300,
  "jax_enable_x64": true,
  "af": false,
  "transform_affine": false,
  "summary": {
    "Dense-mass NUTS": {
      "distribution": "Gaussian",
      "tau": 1.0,
      "tau_std": 0.0,
      "ess": 1500000.0,
      "ess_by_coordinate": [
        1500000.0,
        1500000.0,
        1500000.0,
        1500000.0,
        1500000.0,
        1500000.0,
        1500000.0,
        1500000.0
      ],
      "ess_valid_fraction": [
        1.0,
        1.0,
        1.0,
        1.0,
        1.0,
        1.0,
        1.0,
        1.0
      ],
      "n_evaluations": 9299668.333333334,
      "evaluation_type": "gradient",
      "ess_per_eval": 0.16129607489586098,
      "time": 24.781394481658936,
      "sigma": 0.0,
      "epsilon": 0.6777584437098417,
      "n_leapfrog": 6.199778888888889,
      "n_warmup": 2000,
      "target_accept": 0.8,
      "gamma": 0.05,
      "t0": 10,
      "kappa": 0.75,
      "mean_mse": 3.108084706840912e-06,
      "cov_mse": 9.942406822627654e-06,
      "acceptance_rate_mean": 0.8860855518033373,
      "acceptance_rate_min": 0.8304056082032671,
      "acceptance_rate_max": 0.9212734292530731,
      "n_divergent": 0,
      "actual_n_chains": 150,
      "diagnostic_draws_per_chain": 200,
      "sample_finite_fraction": 1.0,
      "finite_draw_fraction": 1.0,
      "sample_covariance_rank": 8,
      "sample_covariance_full_rank": true
    },
    "Hamiltonian Walk Move": {
      "distribution": "Gaussian",
      "tau": 1.533752924908412,
      "tau_std": 0.009070808240593423,
      "ess": 1955986.489922518,
      "ess_by_coordinate": [
        1963896.2859333775,
        1969451.6420017309,
        1961615.8848301019,
        1984883.5613779225,
        1991003.1785208108,
        1967575.542625252,
        1955986.489922518,
        1983293.0249518687
      ],
      "ess_valid_fraction": [
        1.0,
        1.0,
        1.0,
        1.0,
        1.0,
        1.0,
        1.0,
        1.0
      ],
      "n_evaluations": 14107499.999999998,
      "evaluation_type": "gradient",
      "ess_per_eval": 0.138648696786994,
      "time": 21.688387393951416,
      "sigma": 0.0,
      "epsilon": 1.2005456629763138,
      "n_leapfrog": 3.7024999999999997,
      "n_warmup": 2000,
      "target_accept": 0.651,
      "gamma": 0.05,
      "t0": 10,
      "kappa": 0.75,
      "mean_mse": 5.5438459871522315e-06,
      "cov_mse": 7.687233947955124e-06,
      "acceptance_rate_mean": 0.6519058333333333,
      "acceptance_rate_min": 0.6519058333333333,
      "acceptance_rate_max": 0.6519058333333333,
      "n_divergent": null,
      "actual_n_chains": 300,
      "diagnostic_draws_per_chain": 200,
      "sample_finite_fraction": 1.0,
      "finite_draw_fraction": 1.0,
      "sample_covariance_rank": 8,
      "sample_covariance_full_rank": true
    },
    "Stretch Move": {
      "distribution": "Gaussian",
      "tau": 78.0280668093193,
      "tau_std": 2.530576927245375,
      "ess": 19223.85189505742,
      "ess_by_coordinate": [
        20186.93969364989,
        19610.60512720223,
        19223.85189505742,
        19918.883499415053,
        21194.7064227205,
        19646.648862634647,
        20900.199021809887,
        21012.138211632635
      ],
      "ess_valid_fraction": [
        1.0,
        1.0,
        0.9933333333333333,
        1.0,
        1.0,
        1.0,
        1.0,
        1.0
      ],
      "n_evaluations": 1500000.0,
      "evaluation_type": "function",
      "ess_per_eval": 0.012815901263371614,
      "time": 3.1333162784576416,
      "sigma": 0.0,
      "epsilon": 0.0,
      "n_leapfrog": null,
      "n_warmup": null,
      "target_accept": null,
      "gamma": null,
      "t0": null,
      "kappa": null,
      "mean_mse": 0.0003942635301732678,
      "cov_mse": 0.00020236087294780617,
      "acceptance_rate_mean": 0.533808888888889,
      "acceptance_rate_min": 0.5245,
      "acceptance_rate_max": 0.5425,
      "n_divergent": null,
      "actual_n_chains": 150,
      "diagnostic_draws_per_chain": 200,
      "sample_finite_fraction": 1.0,
      "finite_draw_fraction": 1.0,
      "sample_covariance_rank": 8,
      "sample_covariance_full_rank": true
    },
    "HMC": {
      "distribution": "Gaussian",
      "tau": 2.0577468683405513,
      "tau_std": 0.01610586099498674,
      "ess": 728952.6341058944,
      "ess_by_coordinate": [
        744803.5289942088,
        736835.7932424959,
        728952.6341058944,
        739703.3184297038,
        745322.2608418483,
        730347.2116205748,
        740222.1015640765,
        732917.1559232199
      ],
      "ess_valid_fraction": [
        1.0,
        1.0,
        1.0,
        1.0,
        1.0,
        1.0,
        1.0,
        1.0
      ],
      "n_evaluations": 3281375.0,
      "evaluation_type": "gradient",
      "ess_per_eval": 0.22214853045016017,
      "time": 12.031099557876587,
      "sigma": 0.0,
      "epsilon": 3.531774156413102,
      "n_leapfrog": 1.1875833333333332,
      "n_warmup": 2000,
      "target_accept": 0.651,
      "gamma": 0.05,
      "t0": 10,
      "kappa": 0.75,
      "mean_mse": 1.8987493729045996e-05,
      "cov_mse": 1.1067241838426693e-05,
      "acceptance_rate_mean": 0.6513327777777776,
      "acceptance_rate_min": 0.6513327777777778,
      "acceptance_rate_max": 0.6513327777777778,
      "n_divergent": null,
      "actual_n_chains": 150,
      "diagnostic_draws_per_chain": 200,
      "sample_finite_fraction": 1.0,
      "finite_draw_fraction": 1.0,
      "sample_covariance_rank": 8,
      "sample_covariance_full_rank": true
    }
  }
}