{
  "dim": 8,
  "seed": 0,
  "condition_number": 1,
  "n_samples": 10000,
  "burn_in": 1000,
  "n_thin": 1,
  "n_chains": 300,
  "af": false,
  "transform_affine": false,
  "summary": {
    "Dense-mass NUTS": {
      "distribution": "Gaussian",
      "tau": 1.0,
      "tau_std": 0.0,
      "ess": 3000000.0,
      "ess_by_coordinate": [
        3000000.0,
        3000000.0,
        3000000.0,
        3000000.0,
        3000000.0,
        3000000.0,
        3000000.0,
        3000000.0
      ],
      "ess_valid_fraction": [
        1.0,
        1.0,
        1.0,
        1.0,
        1.0,
        1.0,
        1.0,
        1.0
      ],
      "n_evaluations": 18919394.545454547,
      "evaluation_type": "gradient",
      "ess_per_eval": 0.1585674421447467,
      "time": 23.399784564971924,
      "sigma": 0.0,
      "epsilon": 0.7862336039543152,
      "n_leapfrog": 6.306464848484849,
      "n_warmup": 1000,
      "target_accept": 0.8,
      "gamma": 0.05,
      "t0": 10,
      "kappa": 0.75
    },
    "Hamiltonian Walk Move": {
      "distribution": "Gaussian",
      "tau": 1.5626619902170473,
      "tau_std": 0.00946796125465224,
      "ess": 1919800.9670557817,
      "ess_by_coordinate": [
        1950774.1188821574,
        1947950.5145636196,
        1919800.9670557817,
        1940272.7820631084,
        1943071.85470628,
        1962451.7106766338,
        1940495.666582458,
        1931972.9102493236
      ],
      "ess_valid_fraction": [
        1.0,
        1.0,
        1.0,
        1.0,
        1.0,
        1.0,
        1.0,
        1.0
      ],
      "n_evaluations": 9000000.0,
      "evaluation_type": "gradient",
      "ess_per_eval": 0.21331121856175353,
      "time": 15.866299152374268,
      "sigma": 0.0,
      "epsilon": 0.9041504859924316,
      "n_leapfrog": 2,
      "n_warmup": 1000,
      "target_accept": 0.651,
      "gamma": 0.05,
      "t0": 10,
      "kappa": 0.75
    },
    "Stretch Move": {
      "distribution": "Gaussian",
      "tau": 74.37228880613134,
      "tau_std": 1.633185951974871,
      "ess": 40337.604881573534,
      "ess_by_coordinate": [
        42342.23976252094,
        42893.095620593725,
        43139.32221789812,
        42300.3578801205,
        41986.50382071823,
        40754.59629351854,
        40337.604881573534,
        41160.21920049137
      ],
      "ess_valid_fraction": [
        0.9966666666666667,
        1.0,
        0.9966666666666667,
        0.9966666666666667,
        1.0,
        1.0,
        1.0,
        0.9933333333333333
      ],
      "n_evaluations": 3000000.0,
      "evaluation_type": "function",
      "ess_per_eval": 0.013445868293857844,
      "time": 3.845357894897461,
      "sigma": 0.0,
      "epsilon": 0.0,
      "n_leapfrog": null,
      "n_warmup": null,
      "target_accept": null,
      "gamma": null,
      "t0": null,
      "kappa": null
    },
    "HMC": {
      "distribution": "Gaussian",
      "tau": 1.8019376092677144,
      "tau_std": 0.006687963174777488,
      "ess": 1664874.5131742733,
      "ess_by_coordinate": [
        1664874.5131742733,
        1666216.2103729208,
        1677005.1487268184,
        1677444.6739941984,
        1672162.3155207231,
        1683615.9890867828,
        1666497.1678703842,
        1675872.0665471638
      ],
      "ess_valid_fraction": [
        1.0,
        1.0,
        1.0,
        1.0,
        1.0,
        1.0,
        1.0,
        1.0
      ],
      "n_evaluations": 6000000.0,
      "evaluation_type": "gradient",
      "ess_per_eval": 0.27747908552904554,
      "time": 10.875054597854614,
      "sigma": 0.0,
      "epsilon": 2.914292335510254,
      "n_leapfrog": 1,
      "n_warmup": 1000,
      "target_accept": 0.651,
      "gamma": 0.05,
      "t0": 10,
      "kappa": 0.75
    }
  }
}