{
  "dim": 32,
  "seed": 0,
  "n_samples": 10000,
  "burn_in": 2000,
  "n_thin": 1,
  "n_chains": 100,
  "hwm_walkers_requested": 300,
  "jax_enable_x64": true,
  "af": true,
  "initialization_mode": "agnostic",
  "initialization_description": "independent N(0, 2^2) coordinates in the intrinsic Rosenbrock frame",
  "transform_affine": true,
  "overlay_rosenbrock": {
    "a": 1.0,
    "b": 100.0,
    "sigma": 1.5
  },
  "summary": {
    "Dense-mass NUTS": {
      "distribution": "Paired Rosenbrock",
      "tau": 6.002273862422682,
      "tau_std": 0.5044708576743907,
      "ess": 166603.5277497939,
      "ess_by_coordinate": [
        243278.28307293047,
        192338.91554504904,
        238638.7475319019,
        188805.3727485655,
        240044.47554928003,
        200297.70377504005,
        250310.69293940236,
        207006.37352200097,
        245446.0553964409,
        198044.07179723412,
        231243.3967767057,
        187939.07401441399,
        246108.9824217258,
        192773.05371609883,
        235263.5531483109,
        196673.83900193428,
        232078.99678081932,
        200537.788535614,
        235234.23931140546,
        201306.33150529608,
        223369.3912469953,
        196440.99480398526,
        233402.84351066884,
        196513.36394177703,
        202429.98638291465,
        166603.5277497939,
        227391.53229760565,
        198297.80360559875,
        208679.96101872288,
        178281.4831833159,
        219358.62912675846,
        192074.46386182145
      ],
      "ess_valid_fraction": [
        1.0,
        1.0,
        1.0,
        1.0,
        1.0,
        1.0,
        1.0,
        1.0,
        1.0,
        1.0,
        1.0,
        1.0,
        1.0,
        1.0,
        1.0,
        1.0,
        1.0,
        1.0,
        1.0,
        1.0,
        1.0,
        1.0,
        1.0,
        1.0,
        1.0,
        1.0,
        1.0,
        1.0,
        1.0,
        1.0,
        1.0,
        1.0
      ],
      "n_evaluations": 251703051.66666666,
      "evaluation_type": "gradient",
      "ess_per_eval": 0.0006619050768221472,
      "time": 335.0389955043793,
      "sigma": 1.5,
      "epsilon": 0.01529654940385269,
      "n_leapfrog": 251.70305166666665,
      "n_warmup": 2000,
      "target_accept": 0.8,
      "cond": 3.162,
      "mean_mse": 0.0004969012483457933,
      "cov_mse": 0.0011599795358968868,
      "acceptance_rate_mean": 0.8971106929178547,
      "acceptance_rate_min": 0.7766495080337572,
      "acceptance_rate_max": 0.9780610543260424,
      "n_divergent": 601,
      "actual_n_chains": 100,
      "diagnostic_draws_per_chain": 200,
      "sample_finite_fraction": 1.0,
      "finite_draw_fraction": 1.0,
      "sample_covariance_rank": 32,
      "sample_covariance_full_rank": true
    },
    "Hamiltonian Walk Move": {
      "distribution": "Paired Rosenbrock",
      "tau": 5.330680738088538,
      "tau_std": 1.116593798741653,
      "ess": 562779.9051187846,
      "ess_by_coordinate": [
        1025933.7006812823,
        594996.4408201932,
        1010667.4138958005,
        573256.2655228804,
        973364.4397036278,
        566194.5575697573,
        1001122.4427538216,
        562779.9051187846,
        1059683.4501236016,
        594887.202651396,
        1008457.4656944295,
        578577.4359868488,
        983856.907313152,
        569534.1491811296,
        998860.7729751926,
        579767.3479982248,
        991657.7898976367,
        571374.924510581,
        1023035.8823729823,
        576537.7264840316,
        1002598.6326999736,
        565190.7498847952,
        1013618.9942750762,
        576427.3041939589,
        991094.2038913427,
        567865.8782480083,
        980731.1391577433,
        570352.098382737,
        1019038.4599105318,
        578891.0404620746,
        1019739.3690698311,
        588474.968719666
      ],
      "ess_valid_fraction": [
        0.9966666666666667,
        0.9933333333333333,
        1.0,
        1.0,
        0.9966666666666667,
        0.9966666666666667,
        0.9933333333333333,
        0.9966666666666667,
        1.0,
        1.0,
        0.9966666666666667,
        0.9966666666666667,
        0.9966666666666667,
        0.9933333333333333,
        1.0,
        0.9966666666666667,
        0.9933333333333333,
        0.99,
        1.0,
        1.0,
        1.0,
        1.0,
        1.0,
        0.9966666666666667,
        1.0,
        1.0,
        1.0,
        1.0,
        1.0,
        1.0,
        1.0,
        1.0
      ],
      "n_evaluations": 899129999.9999999,
      "evaluation_type": "gradient",
      "ess_per_eval": 0.0006259160578768195,
      "time": 353.56968808174133,
      "sigma": 1.5,
      "epsilon": 0.02099012337744167,
      "n_leapfrog": 298.71,
      "n_warmup": 2000,
      "target_accept": 0.651,
      "cond": 3.162,
      "mean_mse": 0.0003703190248071525,
      "cov_mse": 0.0011952109179863655,
      "acceptance_rate_mean": 0.6386819444444444,
      "acceptance_rate_min": 0.6386819444444444,
      "acceptance_rate_max": 0.6386819444444444,
      "n_divergent": null,
      "actual_n_chains": 300,
      "diagnostic_draws_per_chain": 200,
      "sample_finite_fraction": 1.0,
      "finite_draw_fraction": 1.0,
      "sample_covariance_rank": 32,
      "sample_covariance_full_rank": true
    },
    "Stretch Move": {
      "distribution": "Paired Rosenbrock",
      "tau": 3923.4864772270016,
      "tau_std": 711.0756758721004,
      "ess": 254.87535277724953,
      "ess_by_coordinate": [
        604.8168061432175,
        954.3236593521675,
        773.4761326573497,
        934.2036576002725,
        695.3178417314691,
        849.0866301892866,
        529.766790630886,
        884.0527231669333,
        417.0422640007016,
        735.815901269182,
        664.7779619338212,
        882.6321691817795,
        500.27817908789564,
        931.6669882082867,
        479.52576941273156,
        1048.3594863944033,
        622.3344787921111,
        1124.1063192377937,
        391.8447858551127,
        1028.680720730611,
        254.87535277724953,
        701.9457241628779,
        536.7637260180073,
        1033.2977519590213,
        308.8529646760819,
        361.9769832741388,
        597.4805050873902,
        842.6708089027637,
        470.22623491429533,
        988.4381660538062,
        632.7436082359256,
        1082.419401672607
      ],
      "ess_valid_fraction": [
        0.14,
        0.23,
        0.19,
        0.23,
        0.17,
        0.21,
        0.13,
        0.21,
        0.11,
        0.16,
        0.17,
        0.21,
        0.12,
        0.22,
        0.12,
        0.24,
        0.15,
        0.25,
        0.1,
        0.22,
        0.07,
        0.17,
        0.15,
        0.23,
        0.07,
        0.09,
        0.15,
        0.2,
        0.11,
        0.22,
        0.16,
        0.26
      ],
      "n_evaluations": 1000000.0,
      "evaluation_type": "function",
      "ess_per_eval": 0.0002548753527772495,
      "time": 4.5292463302612305,
      "sigma": 1.5,
      "epsilon": 0.0,
      "n_leapfrog": null,
      "n_warmup": null,
      "target_accept": null,
      "cond": 3.162,
      "mean_mse": 4.319453059762141,
      "cov_mse": 0.9592026126878821,
      "acceptance_rate_mean": 0.17193416666666667,
      "acceptance_rate_min": 0.13283333333333333,
      "acceptance_rate_max": 0.19858333333333333,
      "n_divergent": null,
      "actual_n_chains": 100,
      "diagnostic_draws_per_chain": 200,
      "sample_finite_fraction": 1.0,
      "finite_draw_fraction": 1.0,
      "sample_covariance_rank": 32,
      "sample_covariance_full_rank": true
    },
    "HMC": {
      "distribution": "Paired Rosenbrock",
      "tau": 4830.791472448924,
      "tau_std": 853.3828332423794,
      "ess": 207.00541633875565,