{
  "dim": 32,
  "seed": 0,
  "n_samples": 10000,
  "burn_in": 1000,
  "n_thin": 1,
  "n_chains": 100,
  "af": true,
  "initialization_mode": "agnostic",
  "initialization_description": "independent N(0, 2^2) coordinates in the intrinsic Rosenbrock frame",
  "transform_affine": true,
  "overlay_rosenbrock": {
    "a": 1.0,
    "b": 100.0,
    "sigma": 0.7
  },
  "summary": {
    "Dense-mass NUTS": {
      "distribution": "Paired Rosenbrock",
      "tau": 56.348772107976224,
      "tau_std": 9.680455729074207,
      "ess": 17746.61563314614,
      "ess_by_coordinate": [
        56159.01633400196,
        52442.397268271896,
        45809.49400474001,
        46749.76678240997,
        54018.84621400276,
        50557.76370829732,
        42444.4651241713,
        39091.901870834896,
        40805.53943017921,
        43665.99797491666,
        40079.091688196255,
        40492.934245641554,
        42100.874815209034,
        43516.28675603578,
        35387.028360545184,
        33833.97820794227,
        33997.931639679126,
        33469.97632077812,
        31699.60924678678,
        33781.93476044279,
        28764.58566870612,
        27505.94847971132,
        26386.714254106257,
        26926.6430922463,
        26035.244382485595,
        27454.429017657312,
        22180.26522569865,
        23252.135497623683,
        24093.930059225568,
        24186.926951960962,
        17746.61563314614,
        19530.48302645752
      ],
      "ess_valid_fraction": [
        1.0,
        1.0,
        1.0,
        1.0,
        0.98,
        0.99,
        1.0,
        0.99,
        1.0,
        1.0,
        1.0,
        0.99,
        1.0,
        1.0,
        0.99,
        0.99,
        0.99,
        0.99,
        0.99,
        0.99,
        0.99,
        0.99,
        0.96,
        0.97,
        0.95,
        0.96,
        0.97,
        0.99,
        0.93,
        0.97,
        0.96,
        0.98
      ],
      "n_evaluations": 254677889.0909091,
      "evaluation_type": "gradient",
      "ess_per_eval": 6.968259277039695e-05,
      "time": 280.2141888141632,
      "sigma": 0.7,
      "epsilon": 0.01170868519693613,
      "n_leapfrog": 254.6778890909091,
      "n_warmup": 1000,
      "target_accept": 0.8,
      "cond": 3.162
    },
    "Hamiltonian Walk Move": {
      "distribution": "Paired Rosenbrock",
      "tau": 13.187667380405479,
      "tau_std": 0.4472099146992418,
      "ess": 75828.42144516183,
      "ess_by_coordinate": [
        87063.8688811885,
        75828.42144516183,
        80099.43708388339,
        79551.99597855327,
        85190.84375975936,
        81244.5396470921,
        84675.03785391575,
        79543.06442459572,
        84925.08107723857,
        79579.06834176337,
        87463.25528051234,
        78586.58304293528,
        84392.2006680698,
        80060.99705802363,
        85445.22600907904,
        80116.70299518888,
        84467.95723330803,
        83668.31025147048,
        85965.50730759543,
        81525.35494725655,
        85319.23817030947,
        82703.21240096512,
        84990.7335617667,
        82065.04380073716,
        86506.77168335991,
        80472.77187937939,
        85761.37103641091,
        82791.38925212495,
        87786.70194753622,
        79914.19089238331,
        86054.68369469354,
        79456.4800548422
      ],
      "ess_valid_fraction": [
        1.0,
        1.0,
        1.0,
        1.0,
        1.0,
        1.0,
        1.0,
        1.0,
        1.0,
        1.0,
        1.0,
        1.0,
        1.0,
        1.0,
        1.0,
        1.0,
        1.0,
        1.0,
        1.0,
        1.0,
        1.0,
        1.0,
        1.0,
        1.0,
        1.0,
        1.0,
        1.0,
        1.0,
        1.0,
        1.0,
        1.0,
        1.0
      ],
      "n_evaluations": 366000000.0,
      "evaluation_type": "gradient",
      "ess_per_eval": 0.00020718147935836566,
      "time": 253.0690848827362,
      "sigma": 0.7,
      "epsilon": 0.004340066574513912,
      "n_leapfrog": 365,
      "n_warmup": 1000,
      "target_accept": 0.651,
      "cond": 3.162
    },
    "Stretch Move": {
      "distribution": "Paired Rosenbrock",
      "tau": 3984.3524738726355,
      "tau_std": 736.1817727810395,
      "ess": 250.98181111171596,
      "ess_by_coordinate": [
        349.4623435896475,
        861.159956365429,
        493.93375853825063,
        1131.819701585027,
        472.7501351363925,
        1201.4060973805585,
        250.98181111171596,
        663.9663237231437,
        476.78635403852473,
        827.6758598456055,
        501.06581263712246,
        797.1252220633098,
        301.09209156255235,
        736.7353232041953,
        537.7604965179922,
        838.6764947084881,
        569.2456293329994,
        1156.8624650504466,
        733.1237652774072,
        1034.950774858913,
        701.3193454837059,
        1159.0945009326144,
        543.4727084847106,
        1089.117565217826,
        442.6594554170419,
        460.56174250569643,
        375.0609494474945,
        600.5135306012296,
        837.9047177785937,
        693.9043197195555,
        513.6702053946534,
        954.7209453480782
      ],
      "ess_valid_fraction": [
        0.09,
        0.2,
        0.12,
        0.23,
        0.12,
        0.27,
        0.07,
        0.16,
        0.13,
        0.18,
        0.11,
        0.19,
        0.07,
        0.17,
        0.12,
        0.19,
        0.13,
        0.26,
        0.17,
        0.24,
        0.17,
        0.28,
        0.14,
        0.23,
        0.11,
        0.11,
        0.09,
        0.13,
        0.21,
        0.14,
        0.14,
        0.22
      ],
      "n_evaluations": 1000000.0,
      "evaluation_type": "function",
      "ess_per_eval": 0.00025098181111171593,
      "time": 4.444455146789551,
      "sigma": 0.7,
      "epsilon": 0.0,
      "n_leapfrog": null,
      "n_warmup": null,
      "target_accept": null,
      "cond": 3.162
    },
    "HMC": {
      "distribution": "Paired Rosenbrock",
      "tau": 452.04045462389684,
      "tau_std": 86.89118359922621,
      "ess": 2212.1913863484015,
      "ess_by_coordinate": [
        8435.389177873705,
        8308.649864136798,
        7672.575770286817,
        6909.889984324042,
        6878.788289224085,
        6100.267261220012,
        6095.750601690231,
        5444.123208069731,
        6552.491193699097,
        6130.309603550447,
        5521.945743111772,
        4897.24762711849,
        5699.728262991182,
        4823.658349107724,
        4507.834493365033,
        3667.5318582083273,
        3878.137871628232,
        3701.3132528204046,
        4189.104403202867,
        3932.2251694436095,
        3798.7288809728293,
        3368.2913786271847,
        3295.1855814437267,
        3201.5677735768763,
        3202.7937535244823,
        3458.5753325463943,
        3259.3299116185794,
        3102.334522218666,
        2659.5513570219555,
        2716.6720697854703,
        2420.8540982171535,
        2212.1913863484015
      ],
      "ess_valid_fraction": [
        0.88,
        0.88,
        0.91,
        0.85,
        0.91,
        0.85,
        0.83,
        0.81,
        0.9,
        0.79,
        0.81,
        0.79,
        0.81,
        0.75,
        0.73,
        0.63,
        0.62,
        0.67,
        0.74,
        0.67,
        0.67,
        0.58,
        0.61,
        0.61,
        0.61,
        0.59,
        0.57,
        0.49,
        0.51,
        0.47,
        0.47,
        0.42
      ],
      "n_evaluations": 41000000.0,
      "evaluation_type": "gradient",
      "ess_per_eval": 5.395588747191223e-05,
      "time": 25.00527811050415,
      "sigma": 0.7,
      "epsilon": 0.020743751898407936,
      "n_leapfrog": 40,
      "n_warmup": 1000,
      "target_accept": 0.651,
      "cond": 3.162
    }
  }
}