{
  "dim": 32,
  "seed": 4,
  "n_samples": 10000,
  "burn_in": 2000,
  "n_thin": 1,
  "n_chains": 100,
  "hwm_walkers_requested": 300,
  "jax_enable_x64": true,
  "af": true,
  "initialization_mode": "agnostic",
  "initialization_description": "independent N(0, 2^2) coordinates in the intrinsic Rosenbrock frame",
  "transform_affine": true,
  "overlay_rosenbrock": {
    "a": 1.0,
    "b": 100.0,
    "sigma": 1.5
  },
  "summary": {
    "Dense-mass NUTS": {
      "distribution": "Paired Rosenbrock",
      "tau": 5.357365300080793,
      "tau_std": 0.47304442406147273,
      "ess": 186658.9160878985,
      "ess_by_coordinate": [
        232706.62037075518,
        190575.08706484875,
        255291.9133933644,
        209241.03369793412,
        254610.9846546776,
        219522.8625000033,
        250121.6252402175,
        199568.39694696348,
        242779.98191390996,
        197898.16181106042,
        225791.450686265,
        186658.9160878985,
        236081.09030786497,
        191093.29424291992,
        234748.46253364958,
        195739.04714680315,
        248446.15895823238,
        200000.3908972983,
        234590.2284988461,
        194160.20916428592,
        234803.90785193126,
        196515.63726747892,
        234581.88292693434,
        204818.53883283024,
        235022.84103535383,
        209782.27647334366,
        230123.24855108507,
        191092.5910984071,
        235489.54002826137,
        187317.93490181016,
        248661.47477067192,
        200407.27309951445
      ],
      "ess_valid_fraction": [
        1.0,
        1.0,
        1.0,
        1.0,
        1.0,
        1.0,
        1.0,
        1.0,
        1.0,
        1.0,
        1.0,
        1.0,
        1.0,
        1.0,
        1.0,
        1.0,
        1.0,
        1.0,
        1.0,
        1.0,
        1.0,
        1.0,
        1.0,
        1.0,
        1.0,
        1.0,
        1.0,
        1.0,
        1.0,
        1.0,
        1.0,
        1.0
      ],
      "n_evaluations": 251515652.5,
      "evaluation_type": "gradient",
      "ess_per_eval": 0.0007421363809073414,
      "time": 331.02356719970703,
      "sigma": 1.5,
      "epsilon": 0.012802501331124512,
      "n_leapfrog": 251.5156525,
      "n_warmup": 2000,
      "target_accept": 0.8,
      "cond": 1.0,
      "mean_mse": 0.0004929206499052418,
      "cov_mse": 0.0016493086637642935,
      "acceptance_rate_mean": 0.8957839453194305,
      "acceptance_rate_min": 0.8178558417010288,
      "acceptance_rate_max": 0.9416788246344254,
      "n_divergent": 322,
      "actual_n_chains": 100,
      "diagnostic_draws_per_chain": 200,
      "sample_finite_fraction": 1.0,
      "finite_draw_fraction": 1.0,
      "sample_covariance_rank": 32,
      "sample_covariance_full_rank": true
    },
    "Hamiltonian Walk Move": {
      "distribution": "Paired Rosenbrock",
      "tau": 5.461447861896299,
      "tau_std": 1.1183254035637882,
      "ess": 549304.8868836686,
      "ess_by_coordinate": [
        1091883.5726401964,
        641583.6700852689,
        1050048.8389427352,
        559715.295733386,
        1083005.8549298067,
        619184.4773241574,
        1079425.3451820277,
        605095.1019508853,
        1071786.0113013415,
        599025.7237619839,
        1067837.3339696596,
        597783.8314835685,
        1059938.9289892772,
        593685.8153967881,
        1041716.0233650011,
        549304.8868836686,
        1052849.1819986675,
        611250.1995624524,
        1098569.792227403,
        614030.2556203,
        1079168.6640150116,
        592152.7020383829,
        1045080.4583243866,
        583409.7566322191,
        1062519.191660414,
        606870.2103467323,
        1043549.1107025773,
        585211.8100163641,
        1079571.6001414186,
        606295.3680447286,
        1051631.6667572693,
        581640.6526372918
      ],
      "ess_valid_fraction": [
        0.99,
        0.9866666666666667,
        0.9866666666666667,
        0.99,
        0.9833333333333333,
        0.9866666666666667,
        0.9866666666666667,
        0.99,
        0.9866666666666667,
        0.9866666666666667,
        0.9933333333333333,
        0.99,
        0.99,
        0.9866666666666667,
        0.9833333333333333,
        0.9833333333333333,
        0.9833333333333333,
        0.9866666666666667,
        0.99,
        0.99,
        0.9833333333333333,
        0.9766666666666667,
        0.9833333333333333,
        0.98,
        0.99,
        0.99,
        0.99,
        0.99,
        0.9833333333333333,
        0.99,
        0.99,
        0.9933333333333333
      ],
      "n_evaluations": 656301000.0,
      "evaluation_type": "gradient",
      "ess_per_eval": 0.0008369709735070777,
      "time": 254.29472875595093,
      "sigma": 1.5,
      "epsilon": 0.020717627664272056,
      "n_leapfrog": 217.767,
      "n_warmup": 2000,
      "target_accept": 0.651,
      "cond": 1.0,
      "mean_mse": 0.001986777910803361,
      "cov_mse": 0.013583911963974385,
      "acceptance_rate_mean": 0.6467508333333333,
      "acceptance_rate_min": 0.6467508333333333,
      "acceptance_rate_max": 0.6467508333333333,
      "n_divergent": null,
      "actual_n_chains": 300,
      "diagnostic_draws_per_chain": 200,
      "sample_finite_fraction": 1.0,
      "finite_draw_fraction": 1.0,
      "sample_covariance_rank": 32,
      "sample_covariance_full_rank": true
    },
    "Stretch Move": {
      "distribution": "Paired Rosenbrock",
      "tau": 3939.6465640498022,
      "tau_std": 626.3267431179061,
      "ess": 253.82987629530888,
      "ess_by_coordinate": [
        485.53359285257653,
        1146.8899987930513,
        502.83857754473615,
        780.2243006076916,
        556.5721145056683,
        1274.279841449545,
        656.3281306282341,
        1272.0497213146698,
        656.7139971142228,
        918.2857524106356,
        843.9773058751982,
        1122.4011721635504,
        413.42158605428176,
        1010.1345165461762,
        468.2384432465607,
        991.743394149788,
        551.1004772645394,
        728.3244740593775,
        253.82987629530888,
        783.0154311602602,
        514.5429228868388,
        812.8992109084805,
        483.6602067467135,
        776.6147488233789,
        439.6355621131348,
        737.8020744423578,
        611.3265026186659,
        635.0822498469897,
        570.4994544056517,
        1245.423524244398,
        703.3212498566203,
        502.6587543316659
      ],
      "ess_valid_fraction": [
        0.12,
        0.26,
        0.13,
        0.17,
        0.12,
        0.26,
        0.15,
        0.3,
        0.14,
        0.2,
        0.23,
        0.27,
        0.11,
        0.2,
        0.1,
        0.19,
        0.13,
        0.18,
        0.06,
        0.17,
        0.12,
        0.2,
        0.11,
        0.19,
        0.12,
        0.15,
        0.15,
        0.13,
        0.15,
        0.29,
        0.18,
        0.13
      ],
      "n_evaluations": 1000000.0,
      "evaluation_type": "function",
      "ess_per_eval": 0.0002538298762953089,
      "time": 4.597418785095215,
      "sigma": 1.5,
      "epsilon": 0.0,
      "n_leapfrog": null,
      "n_warmup": null,
      "target_accept": null,
      "cond": 1.0,
      "mean_mse": 4.408923313746053,
      "cov_mse": 0.9659677701880578,
      "acceptance_rate_mean": 0.17320666666666668,
      "acceptance_rate_min": 0.1355,
      "acceptance_rate_max": 0.21475,
      "n_divergent": null,
      "actual_n_chains": 100,
      "diagnostic_draws_per_chain": 200,
      "sample_finite_fraction": 1.0,
      "finite_draw_fraction": 1.0,
      "sample_covariance_rank": 32,
      "sample_covariance_full_rank": true
    },
    "HMC": {
      "distribution": "Paired Rosenbrock",
      "tau": 169.59380554020942,
      "tau_std": 9.843952916070975,
      "ess": 5896.441776364924,