{
  "dim": 32,
  "seed": 4,
  "n_samples": 10000,
  "burn_in": 1000,
  "n_thin": 1,
  "n_chains": 100,
  "af": true,
  "initialization_mode": "agnostic",
  "initialization_description": "independent N(0, 2^2) coordinates in the intrinsic Rosenbrock frame",
  "transform_affine": true,
  "overlay_rosenbrock": {
    "a": 1.0,
    "b": 100.0,
    "sigma": 0.7
  },
  "summary": {
    "Dense-mass NUTS": {
      "distribution": "Paired Rosenbrock",
      "tau": 23.482729092448803,
      "tau_std": 1.0406726999576539,
      "ess": 42584.488202504705,
      "ess_by_coordinate": [
        42942.428793465464,
        45765.875206031815,
        49219.41970938268,
        47932.4856001333,
        46963.00524111998,
        46625.81587236298,
        49011.5303415713,
        49474.73194504262,
        54240.27612046567,
        49366.66952247971,
        47153.12301855364,
        43370.73204012233,
        42584.488202504705,
        47788.953807860045,
        46126.66201438757,
        46919.35236746907,
        45571.968783842196,
        45756.093595511025,
        43507.621740817056,
        46907.82229963082,
        45091.88243351033,
        45695.411604825356,
        45878.19600716863,
        44843.77195818075,
        44341.61658753772,
        46777.52455188393,
        47334.744121180614,
        48983.64234498827,
        44323.60693304567,
        45560.354762410054,
        45477.06280926662,
        44242.071172047836
      ],
      "ess_valid_fraction": [
        1.0,
        0.99,
        0.99,
        0.99,
        0.97,
        0.97,
        0.96,
        0.98,
        0.99,
        0.99,
        0.97,
        0.98,
        0.98,
        0.98,
        0.98,
        0.99,
        0.96,
        0.97,
        0.98,
        0.98,
        0.99,
        0.98,
        0.99,
        0.99,
        0.97,
        0.99,
        0.98,
        0.99,
        0.98,
        0.99,
        0.98,
        0.99
      ],
      "n_evaluations": 253744522.72727275,
      "evaluation_type": "gradient",
      "ess_per_eval": 0.00016782426570158897,
      "time": 278.83282804489136,
      "sigma": 0.7,
      "epsilon": 0.008319194428622723,
      "n_leapfrog": 253.74452272727274,
      "n_warmup": 1000,
      "target_accept": 0.8,
      "cond": 1.0
    },
    "Hamiltonian Walk Move": {
      "distribution": "Paired Rosenbrock",
      "tau": 4.386769784022429,
      "tau_std": 0.45577326207762964,
      "ess": 227958.1672241424,
      "ess_by_coordinate": [
        302422.54824334953,
        239309.58671178817,
        299795.7619475352,
        234925.51407963666,
        300419.8062788752,
        235616.27652915905,
        299568.5706265022,
        232609.21161604044,
        298307.09491002175,
        234350.83646733564,
        308669.2031453664,
        246276.8339650974,
        302651.45376662037,
        238000.5052794824,
        307197.13578835654,
        241959.86583480978,
        304259.053333222,
        234973.43480061187,
        293977.3740079433,
        232007.89692032905,
        304508.07504111953,
        241310.65957765156,
        307256.342380776,
        242917.6555381183,
        304747.2138026577,
        244115.011477204,
        299239.7637947614,
        238759.02996877994,
        302206.825788019,
        234665.36387533898,
        298029.68629101635,
        227958.1672241424
      ],
      "ess_valid_fraction": [
        1.0,
        1.0,
        1.0,
        1.0,
        1.0,
        1.0,
        1.0,
        1.0,
        1.0,
        1.0,
        1.0,
        1.0,
        1.0,
        1.0,
        1.0,
        1.0,
        1.0,
        1.0,
        1.0,
        1.0,
        1.0,
        1.0,
        1.0,
        1.0,
        1.0,
        1.0,
        1.0,
        1.0,
        1.0,
        1.0,
        1.0,
        1.0
      ],
      "n_evaluations": 1001000000.0,
      "evaluation_type": "gradient",
      "ess_per_eval": 0.00022773043678735505,
      "time": 691.8687036037445,
      "sigma": 0.7,
      "epsilon": 0.003090428188443184,
      "n_leapfrog": 1000,
      "n_warmup": 1000,
      "target_accept": 0.651,
      "cond": 1.0
    },
    "Stretch Move": {
      "distribution": "Paired Rosenbrock",
      "tau": 3005.5321231412927,
      "tau_std": 634.8103853063117,
      "ess": 332.71978439372987,
      "ess_by_coordinate": [
        510.0513347178478,
        1048.200662408736,
        516.6280567306255,
        984.0687155678334,
        394.1927523254533,
        431.4379738856024,
        567.9527875234937,
        949.1048948641724,
        1006.8988878189849,
        1359.6407095878321,
        377.22006991527985,
        598.5310798950608,
        332.71978439372987,
        377.16915031214086,
        501.0215500633801,
        1424.4116454059144,
        415.210309313778,
        970.3066703999261,
        418.49762910173564,
        938.4456595431768,
        738.0987658643551,
        546.1682981357361,
        418.7411067157469,
        645.887239166175,
        766.6621084113998,
        895.2577765048009,
        415.7703019293406,
        860.2040795727403,
        722.5195194361171,
        859.9165765100695,
        724.3906781349347,
        573.3503487475357
      ],
      "ess_valid_fraction": [
        0.14,
        0.25,
        0.14,
        0.22,
        0.1,
        0.1,
        0.14,
        0.21,
        0.25,
        0.3,
        0.09,
        0.15,
        0.09,
        0.1,
        0.12,
        0.32,
        0.09,
        0.21,
        0.1,
        0.19,
        0.18,
        0.12,
        0.09,
        0.16,
        0.18,
        0.2,
        0.11,
        0.2,
        0.18,
        0.18,
        0.15,
        0.15
      ],
      "n_evaluations": 1000000.0,
      "evaluation_type": "function",
      "ess_per_eval": 0.00033271978439372986,
      "time": 4.723076105117798,
      "sigma": 0.7,
      "epsilon": 0.0,
      "n_leapfrog": null,
      "n_warmup": null,
      "target_accept": null,
      "cond": 1.0
    },
    "HMC": {
      "distribution": "Paired Rosenbrock",
      "tau": 10.35761753380302,
      "tau_std": 1.8760173090085743,
      "ess": 96547.29929314436,
      "ess_by_coordinate": [
        166295.0007655337,
        105068.57709282199,
        158983.15286796397,
        96547.29929314436,
        167508.82743578637,
        100321.52906491495,
        172300.0886302327,
        113223.22022447073,
        171870.6780630587,
        108038.72718371174,
        165207.5998890241,
        100147.45554010166,
        167698.16187628845,
        101892.31170466704,
        171022.9269179099,
        106157.31749774453,
        166166.32408166316,
        99812.94166069066,
        164981.0041752524,
        101713.24536451363,
        170749.55463590362,
        102967.00422017802,
        171439.31235323008,
        107152.68929670549,
        170921.3639844148,
        107339.1399163639,
        171016.14274607704,
        105218.35936312836,
        165000.3587014797,
        101893.00773616553,
        160794.78948540558,
        98492.84497378983
      ],
      "ess_valid_fraction": [
        1.0,
        1.0,
        1.0,
        1.0,
        1.0,
        1.0,
        1.0,
        1.0,
        1.0,
        1.0,
        1.0,
        1.0,
        1.0,
        1.0,
        1.0,
        1.0,
        1.0,
        1.0,
        1.0,
        1.0,
        1.0,
        1.0,
        1.0,
        1.0,
        1.0,
        1.0,
        1.0,
        1.0,
        1.0,
        1.0,
        1.0,
        1.0
      ],
      "n_evaluations": 606000000.0,
      "evaluation_type": "gradient",
      "ess_per_eval": 0.0001593189757312613,
      "time": 191.83669209480286,
      "sigma": 0.7,
      "epsilon": 0.011917537078261375,
      "n_leapfrog": 605,
      "n_warmup": 1000,
      "target_accept": 0.651,
      "cond": 1.0
    }
  }
}