{
  "dim": 32,
  "seed": 3,
  "n_samples": 10000,
  "burn_in": 1000,
  "n_thin": 1,
  "n_chains": 100,
  "af": true,
  "initialization_mode": "agnostic",
  "initialization_description": "independent N(0, 2^2) coordinates in the intrinsic Rosenbrock frame",
  "transform_affine": true,
  "overlay_rosenbrock": {
    "a": 1.0,
    "b": 100.0,
    "sigma": 0.7
  },
  "summary": {
    "Dense-mass NUTS": {
      "distribution": "Paired Rosenbrock",
      "tau": 3776.94545670021,
      "tau_std": 868.4167287365431,
      "ess": 264.7642152803727,
      "ess_by_coordinate": [
        4967.608059278,
        4201.320816759816,
        3089.7266408243754,
        3183.1487330877903,
        2929.9506050346745,
        2973.822016428566,
        3114.5345171803847,
        3487.2036997486543,
        2252.4969902491293,
        2081.435596002508,
        2253.1248239260444,
        2177.6599137970243,
        1271.5804231301731,
        1299.7058046355967,
        1013.5143026610223,
        1022.0871498003813,
        844.2863416169203,
        1060.772242899681,
        657.5896261943105,
        459.4427350959282,
        549.33175626013,
        586.8649140856588,
        674.5653245620028,
        599.692801199933,
        580.4934159606953,
        640.4853523302695,
        548.2316622815404,
        715.9962114816612,
        550.0260715324891,
        479.24317583357276,
        264.7642152803727,
        307.21964747999755
      ],
      "ess_valid_fraction": [
        0.14,
        0.13,
        0.11,
        0.11,
        0.12,
        0.1,
        0.11,
        0.13,
        0.12,
        0.12,
        0.11,
        0.1,
        0.1,
        0.15,
        0.12,
        0.11,
        0.08,
        0.08,
        0.14,
        0.09,
        0.1,
        0.08,
        0.1,
        0.08,
        0.07,
        0.09,
        0.06,
        0.09,
        0.09,
        0.09,
        0.06,
        0.08
      ],
      "n_evaluations": 254993389.0909091,
      "evaluation_type": "gradient",
      "ess_per_eval": 1.0383179588470827e-06,
      "time": 278.28203105926514,
      "sigma": 0.7,
      "epsilon": 0.0007114823674783111,
      "n_leapfrog": 254.9933890909091,
      "n_warmup": 1000,
      "target_accept": 0.8,
      "cond": 50
    },
    "Hamiltonian Walk Move": {
      "distribution": "Paired Rosenbrock",
      "tau": 6000.534399741025,
      "tau_std": 1075.783979785414,
      "ess": 166.65182355144213,
      "ess_by_coordinate": [
        700.8229964159888,
        526.7027109442737,
        485.69438901195895,
        393.52805032947214,
        405.13875467805445,
        286.8115237015705,
        300.74302206354787,
        313.4077234279091,
        231.95090094842024,
        355.3819454365279,
        675.3396141262158,
        397.40173701417405,
        472.4398697392276,
        328.49577042802514,
        417.45730249432813,
        384.151345707729,
        184.61358252399577,
        166.65182355144213,
        296.17269551886784,
        317.89846757932895,
        509.29480067562946,
        453.9860584080059,
        287.18259245825357,
        409.5573167724813,
        275.03139091930024,
        226.04029153150202,
        443.49067391743984,
        513.8293963829321,
        624.9660887175319,
        502.5593703147224,
        499.7289868565216,
        650.5058705907006
      ],
      "ess_valid_fraction": [
        0.16,
        0.13,
        0.11,
        0.1,
        0.1,
        0.08,
        0.09,
        0.08,
        0.07,
        0.09,
        0.17,
        0.1,
        0.12,
        0.08,
        0.11,
        0.11,
        0.05,
        0.05,
        0.08,
        0.09,
        0.13,
        0.11,
        0.06,
        0.11,
        0.07,
        0.06,
        0.11,
        0.13,
        0.14,
        0.12,
        0.13,
        0.16
      ],
      "n_evaluations": 1001000000.0,
      "evaluation_type": "gradient",
      "ess_per_eval": 1.664853382132289e-07,
      "time": 709.0020198822021,
      "sigma": 0.7,
      "epsilon": 5.26253757016093e-07,
      "n_leapfrog": 1000,
      "n_warmup": 1000,
      "target_accept": 0.651,
      "cond": 50
    },
    "Stretch Move": {
      "distribution": "Paired Rosenbrock",
      "tau": 4063.2066160716276,
      "tau_std": 655.4311938723622,
      "ess": 246.11103851932978,
      "ess_by_coordinate": [
        465.24073972888425,
        832.7431974511761,
        321.7480276875878,
        461.20113340779614,
        246.11103851932978,
        510.86340479968635,
        468.48984793733035,
        681.7039905424011,
        583.5348441760032,
        819.7413553069275,
        715.9579267108508,
        801.9515837749731,
        505.19927174247715,
        802.5913475928076,
        390.44320990718245,
        932.9956694587022,
        631.4366355814722,
        677.5218284845669,
        531.9768570433357,
        1026.9738222659653,
        600.6598315051444,
        1158.3085550359044,
        458.0235883654868,
        736.4502740145841,
        545.3417911305727,
        948.7948145574887,
        523.2349838415319,
        907.6961156575508,
        514.2305339071805,
        672.3525849201731,
        706.3602399196436,
        1045.1248506218683
      ],
      "ess_valid_fraction": [
        0.12,
        0.18,
        0.09,
        0.12,
        0.06,
        0.12,
        0.11,
        0.14,
        0.14,
        0.19,
        0.15,
        0.2,
        0.13,
        0.18,
        0.1,
        0.22,
        0.15,
        0.17,
        0.14,
        0.21,
        0.15,
        0.25,
        0.11,
        0.16,
        0.13,
        0.21,
        0.13,
        0.21,
        0.13,
        0.18,
        0.17,
        0.22
      ],
      "n_evaluations": 1000000.0,
      "evaluation_type": "function",
      "ess_per_eval": 0.0002461110385193298,
      "time": 4.239550352096558,
      "sigma": 0.7,
      "epsilon": 0.0,
      "n_leapfrog": null,
      "n_warmup": null,
      "target_accept": null,
      "cond": 50
    },
    "HMC": {
      "distribution": "Paired Rosenbrock",
      "tau": 1359.968268004332,
      "tau_std": 411.4960813020902,
      "ess": 735.3112741868875,
      "ess_by_coordinate": [
        46808.042048499454,
        34228.7400691233,
        32732.517844157584,
        25136.10022436902,
        20385.07741318468,
        15623.937907164793,
        13798.36815130554,
        11134.414651736934,
        9820.66256761841,
        8049.3653200567505,
        8000.34686062983,
        6753.882550710136,
        4439.786012841955,
        3851.443713525905,
        4159.830443924868,
        3485.4574648753855,
        2894.682105144063,
        2821.109706785589,
        2279.3554530269016,
        2102.076450121775,
        1635.5104085824946,
        1617.0900789718162,
        1494.685440504618,
        1576.8267822074756,
        963.3844913277044,
        1006.4557597648974,
        792.5406109283457,
        976.1412561538369,
        1036.30385452793,
        1029.3361760143284,
        735.3112741868875,
        922.8630594210545
      ],
      "ess_valid_fraction": [
        1.0,
        1.0,
        1.0,
        1.0,
        1.0,
        1.0,
        0.99,
        0.96,
        0.97,
        0.97,
        0.93,
        0.87,
        0.74,
        0.68,
        0.68,
        0.64,
        0.56,
        0.53,
        0.43,
        0.42,
        0.36,
        0.33,
        0.33,
        0.34,
        0.24,
        0.24,
        0.19,
        0.22,
        0.25,
        0.24,
        0.19,
        0.23
      ],
      "n_evaluations": 1001000000.0,
      "evaluation_type": "gradient",
      "ess_per_eval": 7.345766974893982e-07,
      "time": 356.4272232055664,
      "sigma": 0.7,
      "epsilon": 0.0010266717290505767,
      "n_leapfrog": 1000,
      "n_warmup": 1000,
      "target_accept": 0.651,
      "cond": 50
    }
  }
}