{
  "dim": 32,
  "seed": 2,
  "n_samples": 10000,
  "burn_in": 1000,
  "n_thin": 1,
  "n_chains": 100,
  "cond": 100.0,
  "af": true,
  "transform_affine": true,
  "summary": {
    "Dense-mass NUTS": {
      "distribution": "Gaussian",
      "tau": 1.0,
      "tau_std": 0.0,
      "ess": 1000000.0,
      "ess_by_coordinate": [
        1000000.0,
        1000000.0,
        1000000.0,
        1000000.0,
        1000000.0,
        1000000.0,
        1000000.0,
        1000000.0,
        1000000.0,
        1000000.0,
        1000000.0,
        1000000.0,
        1000000.0,
        1000000.0,
        1000000.0,
        1000000.0,
        1000000.0,
        1000000.0,
        1000000.0,
        1000000.0,
        1000000.0,
        1000000.0,
        1000000.0,
        1000000.0,
        1000000.0,
        1000000.0,
        1000000.0,
        1000000.0,
        1000000.0,
        1000000.0,
        1000000.0,
        1000000.0
      ],
      "ess_valid_fraction": [
        1.0,
        1.0,
        1.0,
        1.0,
        1.0,
        1.0,
        1.0,
        1.0,
        1.0,
        1.0,
        1.0,
        1.0,
        1.0,
        1.0,
        1.0,
        1.0,
        1.0,
        1.0,
        1.0,
        1.0,
        1.0,
        1.0,
        1.0,
        1.0,
        1.0,
        1.0,
        1.0,
        1.0,
        1.0,
        1.0,
        1.0,
        1.0
      ],
      "n_evaluations": 7005832.7272727275,
      "evaluation_type": "gradient",
      "ess_per_eval": 0.1427382067098376,
      "time": 311.427809715271,
      "sigma": 0.0,
      "epsilon": 0.5999415516853333,
      "n_leapfrog": 7.005832727272727,
      "n_warmup": 1000,
      "target_accept": 0.8,
      "gamma": 0.05,
      "t0": 10,
      "kappa": 0.75
    },
    "Hamiltonian Walk Move": {
      "distribution": "Gaussian",
      "tau": 1.2207732276897159,
      "tau_std": 0.007782045556349198,
      "ess": 819152.957582856,
      "ess_by_coordinate": [
        822960.5708961218,
        821407.1222624287,
        827961.1383663352,
        828934.5328543936,
        832482.8433740633,
        826959.5328040273,
        819152.957582856,
        834277.1423903494,
        825801.1258285966,
        829067.7202386217,
        832115.2609468017,
        834494.6368155471,
        834047.4262680357,
        826780.1853755376,
        820606.7782428983,
        821860.5943250504,
        831809.159574374,
        831607.2530971493,
        825456.406030917,
        826633.2371673465,
        835291.8913242301,
        833700.9971325648,
        833425.7348380665,
        834350.9588758944,
        837921.5359429274,
        836691.387781482,
        835150.8757322464,
        828413.3472813464,
        838075.2545371572,
        827557.3311611731,
        821267.4701901841,
        834285.1954135909
      ],
      "ess_valid_fraction": [
        1.0,
        1.0,
        1.0,
        1.0,
        1.0,
        1.0,
        1.0,
        1.0,
        1.0,
        1.0,
        1.0,
        1.0,
        1.0,
        1.0,
        1.0,
        1.0,
        1.0,
        1.0,
        1.0,
        1.0,
        1.0,
        1.0,
        1.0,
        1.0,
        1.0,
        1.0,
        1.0,
        1.0,
        1.0,
        1.0,
        1.0,
        1.0
      ],
      "n_evaluations": 9000000.0,
      "evaluation_type": "gradient",
      "ess_per_eval": 0.091016995286984,
      "time": 112.37316393852234,
      "sigma": 0.0,
      "epsilon": 0.636670708656311,
      "n_leapfrog": 8,
      "n_warmup": 1000,
      "target_accept": 0.651,
      "gamma": 0.05,
      "t0": 10,
      "kappa": 0.75
    },
    "Stretch Move": {
      "distribution": "Gaussian",
      "tau": 264.56094962291627,
      "tau_std": 15.14490727582047,
      "ess": 3779.847333574055,
      "ess_by_coordinate": [
        4170.327688305859,
        4492.087051601268,
        4164.084852757805,
        4623.823348041009,
        4314.804936775241,
        4215.97629395204,
        4330.4117946330525,
        4248.263580663729,
        4173.552153865674,
        4367.382248133462,
        4785.302729401787,
        4279.778874599431,
        4274.540667133417,
        4126.328561344435,
        4395.766246369148,
        4332.195378744503,
        3816.911626476856,
        3966.3897365638186,
        4191.880892262499,
        4816.975920241988,
        4495.457384767989,
        3885.9820601202573,
        3779.847333574055,
        4195.561022189294,
        4030.215656454207,
        4733.0398093238,
        4375.931368194868,
        4162.852649662068,
        5005.297000146515,
        4343.335140713682,
        4010.25803736844,
        3963.9179664431167
      ],
      "ess_valid_fraction": [
        0.68,
        0.77,
        0.73,
        0.78,
        0.72,
        0.76,
        0.77,
        0.74,
        0.77,
        0.78,
        0.78,
        0.74,
        0.79,
        0.72,
        0.81,
        0.78,
        0.67,
        0.69,
        0.75,
        0.85,
        0.82,
        0.72,
        0.72,
        0.76,
        0.74,
        0.8,
        0.74,
        0.73,
        0.84,
        0.78,
        0.75,
        0.72
      ],
      "n_evaluations": 1000000.0,
      "evaluation_type": "function",
      "ess_per_eval": 0.003779847333574055,
      "time": 6.5893261432647705,
      "sigma": 0.0,
      "epsilon": 0.0,
      "n_leapfrog": null,
      "n_warmup": null,
      "target_accept": null,
      "gamma": null,
      "t0": null,
      "kappa": null
    },
    "HMC": {
      "distribution": "Gaussian",
      "tau": 1493.8157417346617,
      "tau_std": 393.45756539711965,
      "ess": 669.4266046753338,
      "ess_by_coordinate": [
        1000000.0,
        1000000.0,
        1000000.0,
        1000000.0,
        888100.8456760822,
        601252.1830750621,
        418166.593440501,
        288075.01333478774,
        207995.77509188888,
        150118.63090656704,
        107518.03547348874,
        78621.13110989727,
        58399.72353800097,
        45279.58096599953,
        33172.55795442343,
        26362.336825848313,
        19677.89535942911,
        16647.26266461024,
        12384.112216146448,
        10392.93792900021,
        8179.88103301443,
        6601.972763611257,
        4840.807263944932,
        4321.457692319036,
        3666.058968434515,
        2586.8148502871586,
        1922.2348074169947,
        2122.3633396113764,
        1319.0849166772882,
        1032.8649220017337,
        669.4266046753338,
        694.1309937968954
      ],
      "ess_valid_fraction": [
        1.0,
        1.0,
        1.0,
        1.0,
        1.0,
        1.0,
        1.0,
        1.0,
        1.0,
        1.0,
        1.0,
        1.0,
        1.0,
        1.0,
        1.0,
        1.0,
        1.0,
        1.0,
        1.0,
        0.97,
        0.97,
        0.89,
        0.74,
        0.77,
        0.72,
        0.55,
        0.42,
        0.47,
        0.33,
        0.25,
        0.17,
        0.18
      ],
      "n_evaluations": 3000000.0,
      "evaluation_type": "gradient",
      "ess_per_eval": 0.0002231422015584446,
      "time": 56.10693097114563,
      "sigma": 0.0,
      "epsilon": 4.279714584350586,
      "n_leapfrog": 2,
      "n_warmup": 1000,
      "target_accept": 0.651,
      "gamma": 0.05,
      "t0": 10,
      "kappa": 0.75
    }
  }
}