{
  "dim": 8,
  "seed": 1,
  "condition_number": 50,
  "n_samples": 10000,
  "burn_in": 2000,
  "n_thin": 1,
  "n_chains": 150,
  "hwm_walkers_requested": 300,
  "jax_enable_x64": true,
  "af": false,
  "initialization_mode": "agnostic",
  "initialization_description": "independent N(0, 2^2) coordinates in the intrinsic Rosenbrock frame",
  "transform_affine": false,
  "overlay_rosenbrock": {
    "a": 1.0,
    "b": 100.0,
    "sigma": 1.5
  },
  "summary": {
    "Dense-mass NUTS": {
      "distribution": "Paired Rosenbrock",
      "tau": 8.180307953506537,
      "tau_std": 0.6615580624145126,
      "ess": 183367.17988190363,
      "ess_by_coordinate": [
        222010.10867488914,
        183367.17988190363,
        225028.41641397006,
        184969.0126783406,
        234020.63927758968,
        202149.52790297137,
        224276.3596824063,
        193264.2536210583
      ],
      "ess_valid_fraction": [
        0.9933333333333333,
        0.9933333333333333,
        0.98,
        0.9866666666666667,
        0.9666666666666667,
        0.9733333333333334,
        0.9666666666666667,
        0.9666666666666667
      ],
      "n_evaluations": 194311485.83333334,
      "evaluation_type": "gradient",
      "ess_per_eval": 0.0009436764846684516,
      "time": 346.8280117511749,
      "sigma": 1.5,
      "epsilon": 0.02156862698306114,
      "n_leapfrog": 129.54099055555557,
      "n_warmup": 2000,
      "target_accept": 0.8,
      "gamma": 0.05,
      "t0": 10,
      "kappa": 0.75,
      "mean_mse": 0.0009374968007524106,
      "cov_mse": 0.001649847032681502,
      "acceptance_rate_mean": 0.869431945043411,
      "acceptance_rate_min": 0.39253143042158356,
      "acceptance_rate_max": 0.9789964953186366,
      "n_divergent": 20992,
      "actual_n_chains": 150,
      "diagnostic_draws_per_chain": 200,
      "sample_finite_fraction": 1.0,
      "finite_draw_fraction": 1.0,
      "sample_covariance_rank": 8,
      "sample_covariance_full_rank": true
    },
    "Hamiltonian Walk Move": {
      "distribution": "Paired Rosenbrock",
      "tau": 20.410240011557402,
      "tau_std": 0.9017739692953479,
      "ess": 146985.04271881343,
      "ess_by_coordinate": [
        154519.86758067805,
        173852.10862689326,
        146985.04271881343,
        163467.07879821415,
        151913.36346320092,
        156967.8941870675,
        154819.51544820057,
        161469.16365821965
      ],
      "ess_valid_fraction": [
        0.98,
        0.9833333333333333,
        0.96,
        0.97,
        0.98,
        0.9866666666666667,
        0.98,
        0.9833333333333333
      ],
      "n_evaluations": 142798500.0,
      "evaluation_type": "gradient",
      "ess_per_eval": 0.001029317834002552,
      "time": 69.33158588409424,
      "sigma": 1.5,
      "epsilon": 0.0330745338128505,
      "n_leapfrog": 46.5995,
      "n_warmup": 2000,
      "target_accept": 0.651,
      "gamma": 0.05,
      "t0": 10,
      "kappa": 0.75,
      "mean_mse": 0.03628878158714983,
      "cov_mse": 0.06094906502212595,
      "acceptance_rate_mean": 0.6379169444444442,
      "acceptance_rate_min": 0.6379169444444444,
      "acceptance_rate_max": 0.6379169444444444,
      "n_divergent": null,
      "actual_n_chains": 300,
      "diagnostic_draws_per_chain": 200,
      "sample_finite_fraction": 1.0,
      "finite_draw_fraction": 1.0,
      "sample_covariance_rank": 8,
      "sample_covariance_full_rank": true
    },
    "Stretch Move": {
      "distribution": "Paired Rosenbrock",
      "tau": 2576.7380628146475,
      "tau_std": 547.1950973755867,
      "ess": 582.13134724354,
      "ess_by_coordinate": [
        1082.4593758118529,
        1640.1965068555496,
        1080.6492420777734,
        1717.7303396722427,
        582.13134724354,
        1341.5141027833713,
        915.3595840599062,
        1947.1560535816366
      ],
      "ess_valid_fraction": [
        0.18,
        0.26666666666666666,
        0.18,
        0.26666666666666666,
        0.1,
        0.22,
        0.14666666666666667,
        0.2866666666666667
      ],
      "n_evaluations": 1500000.0,
      "evaluation_type": "function",
      "ess_per_eval": 0.0003880875648290266,
      "time": 2.5618975162506104,
      "sigma": 1.5,
      "epsilon": 0.0,
      "n_leapfrog": null,
      "n_warmup": null,
      "target_accept": null,
      "gamma": null,
      "t0": null,
      "kappa": null,
      "mean_mse": 1.723331870844433,
      "cov_mse": 0.6779708998225293,
      "acceptance_rate_mean": 0.12395499999999998,
      "acceptance_rate_min": 0.0725,
      "acceptance_rate_max": 0.16141666666666668,
      "n_divergent": null,
      "actual_n_chains": 150,
      "diagnostic_draws_per_chain": 200,
      "sample_finite_fraction": 1.0,
      "finite_draw_fraction": 1.0,
      "sample_covariance_rank": 8,
      "sample_covariance_full_rank": true
    },
    "HMC": {
      "distribution": "Paired Rosenbrock",
      "tau": 210.75249182276565,
      "tau_std": 9.597122759464902,
      "ess": 7117.353569709817,
      "ess_by_coordinate": [
        7323.49720248829,
        7855.197816175954,
        8166.37650874909,
        7506.025805847344,
        7440.295388892371,
        8122.862386405138,
        7117.353569709817,
        7250.542132098756
      ],
      "ess_valid_fraction": [
        0.7466666666666667,
        0.78,
        0.78,
        0.7333333333333333,
        0.72,
        0.7733333333333333,
        0.7266666666666667,
        0.7733333333333333
      ],
      "n_evaluations": 12964875.0,
      "evaluation_type": "gradient",
      "ess_per_eval": 0.0005489720162909259,
      "time": 15.698328971862793,
      "sigma": 1.5,
      "epsilon": 0.05337163451626266,
      "n_leapfrog": 7.64325,
      "n_warmup": 2000,
      "target_accept": 0.651,
      "gamma": 0.05,
      "t0": 10,
      "kappa": 0.75,
      "mean_mse": 0.6305214507009489,
      "cov_mse": 0.483247289777909,
      "acceptance_rate_mean": 0.617925,
      "acceptance_rate_min": 0.617925,
      "acceptance_rate_max": 0.617925,
      "n_divergent": null,
      "actual_n_chains": 150,
      "diagnostic_draws_per_chain": 200,
      "sample_finite_fraction": 1.0,
      "finite_draw_fraction": 1.0,
      "sample_covariance_rank": 8,
      "sample_covariance_full_rank": true
    }
  }
}