{
  "dim": 8,
  "seed": 1,
  "condition_number": 50,
  "n_samples": 10000,
  "burn_in": 1000,
  "n_thin": 1,
  "n_chains": 16,
  "af": false,
  "initialization_mode": "agnostic",
  "initialization_description": "independent N(0, 2^2) coordinates in the intrinsic Rosenbrock frame",
  "transform_affine": false,
  "overlay_rosenbrock": {
    "a": 1.0,
    "b": 100.0,
    "sigma": 0.7
  },
  "summary": {
    "Dense-mass NUTS": {
      "distribution": "Paired Rosenbrock",
      "tau": 8.123899395178153,
      "tau_std": 0.5324381190950271,
      "ess": 19694.975555084566,
      "ess_by_coordinate": [
        19694.975555084566,
        20082.255569668552,
        21512.432710650188,
        19887.288415087492,
        23372.69938042568,
        24244.931615427027,
        22234.30552900634,
        20860.615137062225
      ],
      "ess_valid_fraction": [
        0.875,
        0.875,
        0.875,
        0.9375,
        0.875,
        0.875,
        0.875,
        0.875
      ],
      "n_evaluations": 15327342.727272728,
      "evaluation_type": "gradient",
      "ess_per_eval": 0.0012849569495200419,
      "time": 229.5580997467041,
      "sigma": 0.7,
      "epsilon": 0.05574905127286911,
      "n_leapfrog": 95.79589204545455,
      "n_warmup": 1000,
      "target_accept": 0.8,
      "gamma": 0.05,
      "t0": 10,
      "kappa": 0.75
    },
    "Hamiltonian Walk Move": {
      "distribution": "Paired Rosenbrock",
      "tau": 134.98758975794797,
      "tau_std": 12.164430864061858,
      "ess": 1185.2941465723097,
      "ess_by_coordinate": [
        1185.2941465723097,
        1390.7157126730424,
        1486.3317899509516,
        1521.9506029217484,
        1344.6114263730065,
        1634.6198531376644,
        1602.726592974195,
        1653.5269149210856
      ],
      "ess_valid_fraction": [
        1.0,
        1.0,
        0.9375,
        0.875,
        0.9375,
        1.0,
        1.0,
        0.9375
      ],
      "n_evaluations": 2400000.0,
      "evaluation_type": "gradient",
      "ess_per_eval": 0.0004938725610717957,
      "time": 24.12312912940979,
      "sigma": 0.7,
      "epsilon": 0.046189043670892715,
      "n_leapfrog": 14,
      "n_warmup": 1000,
      "target_accept": 0.651,
      "gamma": 0.05,
      "t0": 10,
      "kappa": 0.75
    },
    "Stretch Move": {
      "distribution": "Paired Rosenbrock",
      "tau": 3825.093333150271,
      "tau_std": 1308.123192586799,
      "ess": 41.82904469633612,
      "ess_by_coordinate": [
        48.423882318492254,
        43.85046167692713,
        78.01071509099143,
        41.82904469633612,
        212.51766332988242,
        227.87288592816523,
        160.20345911278258,
        229.13082739114193
      ],
      "ess_valid_fraction": [
        0.0625,
        0.0625,
        0.125,
        0.0625,
        0.3125,
        0.3125,
        0.25,
        0.375
      ],
      "n_evaluations": 160000.0,
      "evaluation_type": "function",
      "ess_per_eval": 0.00026143152935210074,
      "time": 0.8936114311218262,
      "sigma": 0.7,
      "epsilon": 0.0,
      "n_leapfrog": null,
      "n_warmup": null,
      "target_accept": null,
      "gamma": null,
      "t0": null,
      "kappa": null
    },
    "HMC": {
      "distribution": "Paired Rosenbrock",
      "tau": 64.82319068597363,
      "tau_std": 8.16188627148821,
      "ess": 2468.2524619174696,
      "ess_by_coordinate": [
        3096.261163971625,
        2468.2524619174696,
        3496.65658064985,
        2790.285195092175,
        3639.346842903884,
        2937.563097641038,
        4339.529209310811,
        3417.162668539189
      ],
      "ess_valid_fraction": [
        1.0,
        1.0,
        1.0,
        1.0,
        1.0,
        1.0,
        1.0,
        1.0
      ],
      "n_evaluations": 4320000.0,
      "evaluation_type": "gradient",
      "ess_per_eval": 0.0005713547365549698,
      "time": 14.938336610794067,
      "sigma": 0.7,
      "epsilon": 0.021703118458390236,
      "n_leapfrog": 26,
      "n_warmup": 1000,
      "target_accept": 0.651,
      "gamma": 0.05,
      "t0": 10,
      "kappa": 0.75
    }
  }
}