{
  "dim": 4,
  "seed": 4,
  "condition_number": 50,
  "n_samples": 10000,
  "burn_in": 2000,
  "n_thin": 1,
  "n_chains": 150,
  "hwm_walkers_requested": 300,
  "jax_enable_x64": true,
  "af": false,
  "initialization_mode": "agnostic",
  "initialization_description": "independent N(0, 2^2) coordinates in the intrinsic Rosenbrock frame",
  "transform_affine": false,
  "overlay_rosenbrock": {
    "a": 1.0,
    "b": 100.0,
    "sigma": 1.5
  },
  "summary": {
    "Dense-mass NUTS": {
      "distribution": "Paired Rosenbrock",
      "tau": 12.740288573260255,
      "tau_std": 0.3861985625306421,
      "ess": 117736.73660330194,
      "ess_by_coordinate": [
        128546.97106493558,
        121890.42790181222,
        124034.35089028848,
        117736.73660330194
      ],
      "ess_valid_fraction": [
        0.92,
        0.9266666666666666,
        0.9466666666666667,
        0.9733333333333334
      ],
      "n_evaluations": 92748477.5,
      "evaluation_type": "gradient",
      "ess_per_eval": 0.0012694196150368283,
      "time": 330.1388385295868,
      "sigma": 1.5,
      "epsilon": 0.028641387950895797,
      "n_leapfrog": 61.83231833333333,
      "n_warmup": 2000,
      "target_accept": 0.8,
      "gamma": 0.05,
      "t0": 10,
      "kappa": 0.75,
      "mean_mse": 0.020913756226672915,
      "cov_mse": 0.03458965552253947,
      "acceptance_rate_mean": 0.8260604798933865,
      "acceptance_rate_min": 0.30394714096748415,
      "acceptance_rate_max": 0.9760356692746609,
      "n_divergent": 33518,
      "actual_n_chains": 150,
      "diagnostic_draws_per_chain": 200,
      "sample_finite_fraction": 1.0,
      "finite_draw_fraction": 1.0,
      "sample_covariance_rank": 4,
      "sample_covariance_full_rank": true
    },
    "Hamiltonian Walk Move": {
      "distribution": "Paired Rosenbrock",
      "tau": 987.5702831279166,
      "tau_std": 137.54798288989792,
      "ess": 3037.758477804886,
      "ess_by_coordinate": [
        3447.596884511422,
        4568.697242233497,
        3037.758477804886,
        4428.856770196386
      ],
      "ess_valid_fraction": [
        0.25666666666666665,
        0.32,
        0.23,
        0.32666666666666666
      ],
      "n_evaluations": 3000000.0,
      "evaluation_type": "gradient",
      "ess_per_eval": 0.0010125861592682954,
      "time": 19.314394235610962,
      "sigma": 1.5,
      "epsilon": 0.057035730515766124,
      "n_leapfrog": 0.0,
      "n_warmup": 2000,
      "target_accept": 0.651,
      "gamma": 0.05,
      "t0": 10,
      "kappa": 0.75,
      "mean_mse": 0.3396454758916968,
      "cov_mse": 0.29369913758099725,
      "acceptance_rate_mean": 0.5927572222222222,
      "acceptance_rate_min": 0.5927572222222222,
      "acceptance_rate_max": 0.5927572222222222,
      "n_divergent": null,
      "actual_n_chains": 300,
      "diagnostic_draws_per_chain": 200,
      "sample_finite_fraction": 1.0,
      "finite_draw_fraction": 1.0,
      "sample_covariance_rank": 4,
      "sample_covariance_full_rank": true
    },
    "Stretch Move": {
      "distribution": "Paired Rosenbrock",
      "tau": 1078.7777279970046,
      "tau_std": 138.53107873263343,
      "ess": 1390.4625216772781,
      "ess_by_coordinate": [
        1390.4625216772781,
        1872.5211678784895,
        1536.9427169593632,
        2058.1106829549417
      ],
      "ess_valid_fraction": [
        0.23333333333333334,
        0.28,
        0.24666666666666667,
        0.3
      ],
      "n_evaluations": 1500000.0,
      "evaluation_type": "function",
      "ess_per_eval": 0.0009269750144515188,
      "time": 1.514479160308838,
      "sigma": 1.5,
      "epsilon": 0.0,
      "n_leapfrog": null,
      "n_warmup": null,
      "target_accept": null,
      "gamma": null,
      "t0": null,
      "kappa": null,
      "mean_mse": 0.009290157123957914,
      "cov_mse": 0.010947884199159657,
      "acceptance_rate_mean": 0.13986166666666666,
      "acceptance_rate_min": 0.06558333333333333,
      "acceptance_rate_max": 0.17725,
      "n_divergent": null,
      "actual_n_chains": 150,
      "diagnostic_draws_per_chain": 200,
      "sample_finite_fraction": 1.0,
      "finite_draw_fraction": 1.0,
      "sample_covariance_rank": 4,
      "sample_covariance_full_rank": true
    },
    "HMC": {
      "distribution": "Paired Rosenbrock",
      "tau": 156.77354325142394,
      "tau_std": 9.7973783660859,
      "ess": 9567.940922240881,
      "ess_by_coordinate": [
        9930.754193416187,
        10687.873398783182,
        9567.940922240881,
        11422.63584414935
      ],
      "ess_valid_fraction": [
        0.7533333333333333,
        0.74,
        0.7,
        0.7666666666666667
      ],
      "n_evaluations": 10361500.0,
      "evaluation_type": "gradient",
      "ess_per_eval": 0.0009234127223124916,
      "time": 14.804467678070068,
      "sigma": 1.5,
      "epsilon": 0.07334206574579535,
      "n_leapfrog": 5.907666666666667,
      "n_warmup": 2000,
      "target_accept": 0.651,
      "gamma": 0.05,
      "t0": 10,
      "kappa": 0.75,
      "mean_mse": 1.4205746442908125,
      "cov_mse": 0.7199355253073513,
      "acceptance_rate_mean": 0.6089872222222223,
      "acceptance_rate_min": 0.6089872222222222,
      "acceptance_rate_max": 0.6089872222222222,
      "n_divergent": null,
      "actual_n_chains": 150,
      "diagnostic_draws_per_chain": 200,
      "sample_finite_fraction": 1.0,
      "finite_draw_fraction": 1.0,
      "sample_covariance_rank": 4,
      "sample_covariance_full_rank": true
    }
  }
}