{
  "dim": 32,
  "seed": 1,
  "n_samples": 10000,
  "burn_in": 1000,
  "n_thin": 1,
  "n_chains": 100,
  "cond": 1.0,
  "af": true,
  "transform_affine": true,
  "summary": {
    "Dense-mass NUTS": {
      "distribution": "Gaussian",
      "tau": 1.000886196463078,
      "tau_std": 0.00017111539052003182,
      "ess": 999114.5881857402,
      "ess_by_coordinate": [
        1000000.0,
        1000000.0,
        1000000.0,
        1000000.0,
        1000000.0,
        1000000.0,
        1000000.0,
        1000000.0,
        1000000.0,
        1000000.0,
        1000000.0,
        1000000.0,
        1000000.0,
        1000000.0,
        999752.0358631101,
        999114.5881857402,
        1000000.0,
        1000000.0,
        1000000.0,
        1000000.0,
        1000000.0,
        1000000.0,
        999594.9861995378,
        1000000.0,
        1000000.0,
        1000000.0,
        1000000.0,
        1000000.0,
        1000000.0,
        1000000.0,
        1000000.0,
        1000000.0
      ],
      "ess_valid_fraction": [
        1.0,
        1.0,
        1.0,
        1.0,
        1.0,
        1.0,
        1.0,
        1.0,
        1.0,
        1.0,
        1.0,
        1.0,
        1.0,
        1.0,
        1.0,
        1.0,
        1.0,
        1.0,
        1.0,
        1.0,
        1.0,
        1.0,
        1.0,
        1.0,
        1.0,
        1.0,
        1.0,
        1.0,
        1.0,
        1.0,
        1.0,
        1.0
      ],
      "n_evaluations": 7068658.181818182,
      "evaluation_type": "gradient",
      "ess_per_eval": 0.14134430644215287,
      "time": 36.47136044502258,
      "sigma": 0.0,
      "epsilon": 0.6672900319099426,
      "n_leapfrog": 7.068658181818182,
      "n_warmup": 1000,
      "target_accept": 0.8,
      "gamma": 0.05,
      "t0": 10,
      "kappa": 0.75
    },
    "Hamiltonian Walk Move": {
      "distribution": "Gaussian",
      "tau": 1.2644493199725688,
      "tau_std": 0.007330202419726797,
      "ess": 790858.1104869384,
      "ess_by_coordinate": [
        801950.1783231584,
        806727.0132651464,
        809032.0744040753,
        790858.1104869384,
        809048.5255370196,
        800525.5074366004,
        805978.237410768,
        807757.3540975947,
        808700.7445027626,
        801789.9518750164,
        806769.5240565777,
        797172.0449120812,
        801375.6468171289,
        803295.1354762274,
        798455.78219875,
        804332.0445555729,
        805942.0223399758,
        804955.6030847894,
        796151.9430654207,
        807001.3333540764,
        800541.395184401,
        792510.5466668726,
        802388.4005934895,
        802597.7156185955,
        808447.0928730216,
        806080.6927463295,
        805535.0063154394,
        796568.8611938065,
        809475.1143544215,
        801946.7714412026,
        804458.2461151903,
        805401.470802825
      ],
      "ess_valid_fraction": [
        1.0,
        1.0,
        1.0,
        1.0,
        1.0,
        1.0,
        1.0,
        1.0,
        1.0,
        1.0,
        1.0,
        1.0,
        1.0,
        1.0,
        1.0,
        1.0,
        1.0,
        1.0,
        1.0,
        1.0,
        1.0,
        1.0,
        1.0,
        1.0,
        1.0,
        1.0,
        1.0,
        1.0,
        1.0,
        1.0,
        1.0,
        1.0
      ],
      "n_evaluations": 10000000.0,
      "evaluation_type": "gradient",
      "ess_per_eval": 0.07908581104869383,
      "time": 23.579054594039917,
      "sigma": 0.0,
      "epsilon": 0.6435277462005615,
      "n_leapfrog": 9,
      "n_warmup": 1000,
      "target_accept": 0.651,
      "gamma": 0.05,
      "t0": 10,
      "kappa": 0.75
    },
    "Stretch Move": {
      "distribution": "Gaussian",
      "tau": 248.64817216106047,
      "tau_std": 11.04733553110897,
      "ess": 4021.746837343552,
      "ess_by_coordinate": [
        4206.812998819926,
        4845.084270070479,
        4333.599949204461,
        4185.00217438063,
        4544.7553528476665,
        4388.852171992002,
        4480.289111075442,
        4665.507869402536,
        4021.746837343552,
        4217.8140593735825,
        4578.354492127898,
        4277.789076979879,
        4144.749059944781,
        4476.391679649476,
        4447.282122915211,
        4460.072616351992,
        4488.197745872507,
        4722.816804159603,
        4178.083774149465,
        4491.833162640191,
        4068.679917325604,
        4650.521955404572,
        4677.34224462735,
        4692.130790060288,
        4453.030399283664,
        4495.045647232422,
        4117.463912378216,
        4123.099402031232,
        4622.975426621591,
        4318.99114960444,
        4314.103952409638,
        4204.163831273232
      ],
      "ess_valid_fraction": [
        0.76,
        0.79,
        0.75,
        0.75,
        0.81,
        0.75,
        0.79,
        0.8,
        0.73,
        0.74,
        0.81,
        0.73,
        0.71,
        0.76,
        0.76,
        0.78,
        0.77,
        0.79,
        0.74,
        0.81,
        0.7,
        0.76,
        0.78,
        0.78,
        0.77,
        0.73,
        0.72,
        0.74,
        0.78,
        0.77,
        0.76,
        0.81
      ],
      "n_evaluations": 1000000.0,
      "evaluation_type": "function",
      "ess_per_eval": 0.004021746837343552,
      "time": 6.417750358581543,
      "sigma": 0.0,
      "epsilon": 0.0,
      "n_leapfrog": null,
      "n_warmup": null,
      "target_accept": null,
      "gamma": null,
      "t0": null,
      "kappa": null
    },
    "HMC": {
      "distribution": "Gaussian",
      "tau": 2.0301042507508362,
      "tau_std": 0.017779575147101746,
      "ess": 492585.5406835137,
      "ess_by_coordinate": [
        502380.96074343653,
        507826.83917974,
        504463.2825945773,
        494818.0261647466,
        513751.74555792444,
        507832.0129176905,
        501557.64581570576,
        500190.83303790056,
        498062.91330539976,
        504656.31747195113,
        500534.2015488727,
        508107.72153171443,
        503667.2396214625,
        502301.72537079814,
        503227.9508543855,
        509418.1366706302,
        503430.6903825805,
        506872.4624363691,
        506726.97921416146,
        499783.11482832744,
        503138.46931835276,
        495852.3828607288,
        501347.40710534365,
        500083.05143479205,
        507712.35730458004,
        500557.2152085889,
        501457.94737054594,
        502730.7041469459,
        508161.5066693677,
        509212.6252892292,
        504110.6710621632,
        492585.5406835137
      ],
      "ess_valid_fraction": [
        1.0,
        1.0,
        1.0,
        1.0,
        1.0,
        1.0,
        1.0,
        1.0,
        1.0,
        1.0,
        1.0,
        1.0,
        1.0,
        1.0,
        1.0,
        1.0,
        1.0,
        1.0,
        1.0,
        1.0,
        1.0,
        1.0,
        1.0,
        1.0,
        1.0,
        1.0,
        1.0,
        1.0,
        1.0,
        1.0,
        1.0,
        1.0
      ],
      "n_evaluations": 3000000.0,
      "evaluation_type": "gradient",
      "ess_per_eval": 0.16419518022783788,
      "time": 13.062016248703003,
      "sigma": 0.0,
      "epsilon": 2.058220148086548,
      "n_leapfrog": 2,
      "n_warmup": 1000,
      "target_accept": 0.651,
      "gamma": 0.05,
      "t0": 10,
      "kappa": 0.75
    }
  }
}