{
  "dim": 32,
  "seed": 0,
  "n_samples": 10000,
  "burn_in": 1000,
  "n_thin": 1,
  "n_chains": 100,
  "cond": 31.62,
  "af": true,
  "transform_affine": true,
  "summary": {
    "Dense-mass NUTS": {
      "distribution": "Gaussian",
      "tau": 1.001492032937155,
      "tau_std": 0.00035082245728592715,
      "ess": 998510.1899085714,
      "ess_by_coordinate": [
        1000000.0,
        1000000.0,
        1000000.0,
        1000000.0,
        1000000.0,
        1000000.0,
        1000000.0,
        1000000.0,
        1000000.0,
        1000000.0,
        999491.3069286675,
        1000000.0,
        999909.8484245741,
        999357.8318184456,
        999340.0322700636,
        998510.1899085714,
        1000000.0,
        1000000.0,
        1000000.0,
        1000000.0,
        1000000.0,
        999892.1997390557,
        1000000.0,
        1000000.0,
        999531.1093021628,
        999158.9406872813,
        1000000.0,
        999200.3918768769,
        1000000.0,
        1000000.0,
        1000000.0,
        1000000.0
      ],
      "ess_valid_fraction": [
        1.0,
        1.0,
        1.0,
        1.0,
        1.0,
        1.0,
        1.0,
        1.0,
        1.0,
        1.0,
        1.0,
        1.0,
        1.0,
        1.0,
        1.0,
        1.0,
        1.0,
        1.0,
        1.0,
        1.0,
        1.0,
        1.0,
        1.0,
        1.0,
        1.0,
        1.0,
        1.0,
        1.0,
        1.0,
        1.0,
        1.0,
        1.0
      ],
      "n_evaluations": 7249621.818181818,
      "evaluation_type": "gradient",
      "ess_per_eval": 0.1377327279892504,
      "time": 590.6408452987671,
      "sigma": 0.0,
      "epsilon": 0.4712684452533722,
      "n_leapfrog": 7.249621818181819,
      "n_warmup": 1000,
      "target_accept": 0.8,
      "gamma": 0.05,
      "t0": 10,
      "kappa": 0.75
    },
    "Hamiltonian Walk Move": {
      "distribution": "Gaussian",
      "tau": 1.2691066519033172,
      "tau_std": 0.009925765151043335,
      "ess": 787955.8416152576,
      "ess_by_coordinate": [
        791729.1239832828,
        797042.3543567855,
        804055.2235391077,
        794196.5425898518,
        803556.2872954868,
        797004.7450560856,
        797906.6725796766,
        805779.8047752319,
        789882.1406519043,
        802348.8542645396,
        807992.9736090528,
        793023.1939613095,
        804673.6609313219,
        798192.6488982203,
        801696.5965702774,
        811055.9995757965,
        807070.2590684532,
        797667.2634958205,
        787955.8416152576,
        796195.4847604624,
        807478.0948141573,
        789163.0979363612,
        798301.8158517086,
        795997.7552815443,
        799834.6105237983,
        794460.9457979031,
        802267.7280278541,
        806083.9163155165,
        805830.6970957451,
        810696.6628524474,
        789736.7791893819,
        799245.8995062811
      ],
      "ess_valid_fraction": [
        1.0,
        1.0,
        1.0,
        1.0,
        1.0,
        1.0,
        1.0,
        1.0,
        1.0,
        1.0,
        1.0,
        1.0,
        1.0,
        1.0,
        1.0,
        1.0,
        1.0,
        1.0,
        1.0,
        1.0,
        1.0,
        1.0,
        1.0,
        1.0,
        1.0,
        1.0,
        1.0,
        1.0,
        1.0,
        1.0,
        1.0,
        1.0
      ],
      "n_evaluations": 10000000.0,
      "evaluation_type": "gradient",
      "ess_per_eval": 0.07879558416152575,
      "time": 150.29378986358643,
      "sigma": 0.0,
      "epsilon": 0.6410084366798401,
      "n_leapfrog": 9,
      "n_warmup": 1000,
      "target_accept": 0.651,
      "gamma": 0.05,
      "t0": 10,
      "kappa": 0.75
    },
    "Stretch Move": {
      "distribution": "Gaussian",
      "tau": 279.18560076798985,
      "tau_std": 18.526991707204882,
      "ess": 3581.846618339836,
      "ess_by_coordinate": [
        4406.172427384225,
        4163.309506178602,
        4498.683801462097,
        4118.210338742005,
        4674.187653216082,
        4593.923370252961,
        4205.96683517239,
        4815.3748888365,
        4517.955810397153,
        4583.931622673784,
        4311.708072631284,
        5038.034788052618,
        4679.085310759762,
        4571.760118175386,
        4786.877397423426,
        4344.038483087867,
        3581.846618339836,
        4483.2074146432005,
        3980.6059017982416,
        4634.487688951277,
        4504.893160259834,
        3626.9010858740917,
        4725.590900765589,
        4768.78244545895,
        4145.860518013092,
        4170.172499296551,
        4091.258697345111,
        4522.815605381612,
        4367.722781151134,
        4827.688956542923,
        4009.401429906575,
        4755.326362567839
      ],
      "ess_valid_fraction": [
        0.77,
        0.67,
        0.78,
        0.69,
        0.78,
        0.78,
        0.75,
        0.8,
        0.8,
        0.82,
        0.75,
        0.82,
        0.79,
        0.78,
        0.82,
        0.75,
        0.65,
        0.77,
        0.74,
        0.82,
        0.78,
        0.68,
        0.8,
        0.8,
        0.74,
        0.75,
        0.72,
        0.79,
        0.71,
        0.87,
        0.67,
        0.78
      ],
      "n_evaluations": 1000000.0,
      "evaluation_type": "function",
      "ess_per_eval": 0.003581846618339836,
      "time": 5.680765628814697,
      "sigma": 0.0,
      "epsilon": 0.0,
      "n_leapfrog": null,
      "n_warmup": null,
      "target_accept": null,
      "gamma": null,
      "t0": null,
      "kappa": null
    },
    "HMC": {
      "distribution": "Gaussian",
      "tau": 220.16777324711117,
      "tau_std": 65.22493493628667,
      "ess": 4541.990797525228,
      "ess_by_coordinate": [
        1000000.0,
        1000000.0,
        1000000.0,
        1000000.0,
        1000000.0,
        942105.3606342339,
        712959.8063050427,
        536187.4469280903,
        399541.8813451777,
        312978.1022181893,
        233150.8707627818,
        186377.61949149362,
        142698.488065297,
        111764.01413796992,
        90953.58503496711,
        71175.96773498842,
        56915.90001661365,
        47989.02431969167,
        37453.35455053057,
        29643.23799504077,
        26620.470516127618,
        20552.62116780655,
        17120.00447992319,
        13884.987256516131,
        11157.783859900856,
        10112.625787907851,
        8415.59851275432,
        7286.345590938919,
        7157.449269079179,
        5547.420249379946,
        4541.990797525228,
        4570.869919387689
      ],
      "ess_valid_fraction": [
        1.0,
        1.0,
        1.0,
        1.0,
        1.0,
        1.0,
        1.0,
        1.0,
        1.0,
        1.0,
        1.0,
        1.0,
        1.0,
        1.0,
        1.0,
        1.0,
        1.0,
        1.0,
        1.0,
        1.0,
        1.0,
        1.0,
        1.0,
        1.0,
        0.99,
        0.99,
        0.96,
        0.95,
        0.98,
        0.84,
        0.75,
        0.78
      ],
      "n_evaluations": 3000000.0,
      "evaluation_type": "gradient",
      "ess_per_eval": 0.0015139969325084093,
      "time": 76.17447352409363,
      "sigma": 0.0,
      "epsilon": 4.106805801391602,
      "n_leapfrog": 2,
      "n_warmup": 1000,
      "target_accept": 0.651,
      "gamma": 0.05,
      "t0": 10,
      "kappa": 0.75
    }
  }
}