{
  "dim": 32,
  "seed": 4,
  "n_samples": 10000,
  "burn_in": 1000,
  "n_thin": 1,
  "n_chains": 100,
  "af": true,
  "initialization_mode": "agnostic",
  "initialization_description": "independent N(0, 2^2) coordinates in the intrinsic Rosenbrock frame",
  "transform_affine": true,
  "overlay_rosenbrock": {
    "a": 1.0,
    "b": 100.0,
    "sigma": 0.7
  },
  "summary": {
    "Dense-mass NUTS": {
      "distribution": "Paired Rosenbrock",
      "tau": 5817.676364645826,
      "tau_std": 1230.3321025933733,
      "ess": 171.88993290809827,
      "ess_by_coordinate": [
        1300.9290902869893,
        1419.869066324379,
        1844.9066486160473,
        1783.2930307553397,
        1597.6895180565684,
        1707.865611510852,
        1406.6404497720512,
        1404.1781308181694,
        1147.3792623365298,
        1206.6469829032603,
        1171.3735042976964,
        913.886673266632,
        824.9146300698386,
        652.0211615659819,
        688.9254082249134,
        852.8469364971959,
        700.592231189161,
        745.5925163648183,
        572.6324546029454,
        746.3976174375102,
        515.8474127404845,
        282.60232739008063,
        386.4222438919337,
        475.46660123825427,
        455.0215439839704,
        362.51766361734366,
        323.9285878844645,
        266.4445054708703,
        444.19548406336753,
        308.29409263878705,
        256.3998705526522,
        171.88993290809827
      ],
      "ess_valid_fraction": [
        0.07,
        0.09,
        0.08,
        0.06,
        0.08,
        0.06,
        0.08,
        0.07,
        0.08,
        0.08,
        0.06,
        0.07,
        0.12,
        0.09,
        0.09,
        0.09,
        0.08,
        0.09,
        0.06,
        0.08,
        0.08,
        0.03,
        0.07,
        0.12,
        0.08,
        0.06,
        0.07,
        0.05,
        0.1,
        0.07,
        0.07,
        0.05
      ],
      "n_evaluations": 254997061.8181818,
      "evaluation_type": "gradient",
      "ess_per_eval": 6.740859352750478e-07,
      "time": 287.6337413787842,
      "sigma": 0.7,
      "epsilon": 0.0003348623286001384,
      "n_leapfrog": 254.9970618181818,
      "n_warmup": 1000,
      "target_accept": 0.8,
      "cond": 50
    },
    "Hamiltonian Walk Move": {
      "distribution": "Paired Rosenbrock",
      "tau": 2784.7805622730307,
      "tau_std": 413.5893666269081,
      "ess": 359.09472133910856,
      "ess_by_coordinate": [
        525.2182743841933,
        695.3935310926203,
        481.5441164870398,
        690.48494782316,
        610.2776442709243,
        606.2892218758792,
        719.6942496977873,
        1043.23624711347,
        503.3745067233279,
        491.3207061509055,
        381.5331897968435,
        758.7661923291093,
        600.6984944809919,
        755.1758441796645,
        513.4087217191845,
        532.459970263926,
        588.7355994863076,
        576.407063619791,
        359.09472133910856,
        594.7239271973807,
        441.4566113398381,
        432.7654975791154,
        701.6812643963765,
        605.2055434607389,
        688.742013523248,
        840.9665477757846,
        593.4433975243411,
        802.6261292184936,
        606.6764067736251,
        541.4682425076342,
        425.75259233928244,
        445.73330264737825
      ],
      "ess_valid_fraction": [
        0.12,
        0.17,
        0.12,
        0.18,
        0.14,
        0.15,
        0.18,
        0.26,
        0.13,
        0.13,
        0.1,
        0.18,
        0.15,
        0.17,
        0.13,
        0.14,
        0.16,
        0.15,
        0.09,
        0.15,
        0.11,
        0.12,
        0.16,
        0.15,
        0.14,
        0.21,
        0.15,
        0.19,
        0.13,
        0.13,
        0.1,
        0.12
      ],
      "n_evaluations": 1001000000.0,
      "evaluation_type": "gradient",
      "ess_per_eval": 3.5873598535375483e-07,
      "time": 685.3770973682404,
      "sigma": 0.7,
      "epsilon": 2.0454267541936133e-06,
      "n_leapfrog": 1000,
      "n_warmup": 1000,
      "target_accept": 0.651,
      "cond": 50
    },
    "Stretch Move": {
      "distribution": "Paired Rosenbrock",
      "tau": 3005.5321231394732,
      "tau_std": 634.8103853063338,
      "ess": 332.71978439393126,
      "ess_by_coordinate": [
        510.0513347183807,
        1048.2006624094931,
        516.6280567304406,
        984.068715568757,
        394.1927523254274,
        431.4379738854956,
        567.9527875225193,
        949.1048948643211,
        1006.8988878186805,
        1359.6407095882194,
        377.22006991557794,
        598.531079895683,
        332.71978439393126,
        377.16915031179894,
        501.021550063413,
        1424.411645406593,
        415.21030931388873,
        970.3066703998126,
        418.4976291017161,
        938.4456595432139,
        738.0987658647363,
        546.1682981358343,
        418.74110671567956,
        645.8872391662991,
        766.6621084114386,
        895.2577765045569,
        415.77030192914435,
        860.2040795724984,
        722.5195194360712,
        859.9165765100964,
        724.390678135064,
        573.3503487472135
      ],
      "ess_valid_fraction": [
        0.14,
        0.25,
        0.14,
        0.22,
        0.1,
        0.1,
        0.14,
        0.21,
        0.25,
        0.3,
        0.09,
        0.15,
        0.09,
        0.1,
        0.12,
        0.32,
        0.09,
        0.21,
        0.1,
        0.19,
        0.18,
        0.12,
        0.09,
        0.16,
        0.18,
        0.2,
        0.11,
        0.2,
        0.18,
        0.18,
        0.15,
        0.15
      ],
      "n_evaluations": 1000000.0,
      "evaluation_type": "function",
      "ess_per_eval": 0.00033271978439393125,
      "time": 4.438439130783081,
      "sigma": 0.7,
      "epsilon": 0.0,
      "n_leapfrog": null,
      "n_warmup": null,
      "target_accept": null,
      "cond": 50
    },
    "HMC": {
      "distribution": "Paired Rosenbrock",
      "tau": 3582.095320317777,
      "tau_std": 725.1904757403969,
      "ess": 279.1662171377638,
      "ess_by_coordinate": [
        36179.3650203262,
        26455.37216135499,
        28437.320306795435,
        21862.631424239895,
        17659.614244011478,
        13971.225794178945,
        12852.50825066182,
        11190.80299281302,
        9165.516034870383,
        7884.277860321552,
        6629.767720054017,
        5868.951564458661,
        5794.756074853929,
        4960.04913031537,
        3563.62811722934,
        3154.5772506020653,
        2777.3428677974075,
        2424.5182718045066,
        1976.5689988270535,
        1876.018923136701,
        1483.087708668787,
        1475.3998049329853,
        888.782438152221,
        728.9508521468626,
        1306.0040058773927,
        1392.047163626385,
        914.8888087891104,
        716.75155361012,
        759.6285796649903,
        953.3241918996355,
        279.1662171377638,
        540.3828813386172
      ],
      "ess_valid_fraction": [
        1.0,
        1.0,
        1.0,
        1.0,
        1.0,
        1.0,
        1.0,
        1.0,
        0.96,
        0.96,
        0.9,
        0.85,
        0.84,
        0.8,
        0.66,
        0.59,
        0.56,
        0.5,
        0.43,
        0.4,
        0.31,
        0.31,
        0.21,
        0.17,
        0.28,
        0.31,
        0.21,
        0.17,
        0.19,
        0.23,
        0.08,
        0.13
      ],
      "n_evaluations": 1001000000.0,
      "evaluation_type": "gradient",
      "ess_per_eval": 2.7888732980795585e-07,
      "time": 344.47415351867676,
      "sigma": 0.7,
      "epsilon": 0.0009417699184268713,
      "n_leapfrog": 1000,
      "n_warmup": 1000,
      "target_accept": 0.651,
      "cond": 50
    }
  }
}