{
  "dim": 32,
  "seed": 2,
  "n_samples": 10000,
  "burn_in": 1000,
  "n_thin": 1,
  "n_chains": 100,
  "af": true,
  "initialization_mode": "agnostic",
  "initialization_description": "independent N(0, 2^2) coordinates in the intrinsic Rosenbrock frame",
  "transform_affine": true,
  "overlay_rosenbrock": {
    "a": 1.0,
    "b": 100.0,
    "sigma": 0.7
  },
  "summary": {
    "Dense-mass NUTS": {
      "distribution": "Paired Rosenbrock",
      "tau": 49.8934474498439,
      "tau_std": 8.759045020106743,
      "ess": 20042.712041601542,
      "ess_by_coordinate": [
        53713.27836002399,
        53214.033620925075,
        48653.423143379354,
        48741.07062705087,
        44218.5942738545,
        43231.03677470806,
        46430.534896280486,
        46603.323526183674,
        36807.92984213486,
        38956.87665884636,
        38253.16527197455,
        38800.55677301045,
        39089.23189421655,
        38847.9413933921,
        35718.79466071346,
        37231.99526237363,
        31432.929886465157,
        30148.600856209614,
        32333.650243893073,
        31660.21247247048,
        28528.730313007076,
        30150.450969934056,
        28022.781114508784,
        26361.31943962618,
        26191.035849758115,
        26711.790206091802,
        22468.195816996173,
        24123.917169912485,
        22975.216788767164,
        22243.966185766996,
        21310.02636898739,
        20042.712041601542
      ],
      "ess_valid_fraction": [
        0.99,
        1.0,
        1.0,
        0.99,
        0.98,
        1.0,
        0.99,
        0.98,
        0.97,
        0.97,
        1.0,
        1.0,
        0.98,
        0.99,
        0.99,
        0.98,
        0.97,
        0.96,
        0.97,
        0.99,
        0.96,
        0.94,
        0.94,
        0.94,
        0.98,
        0.99,
        0.95,
        0.91,
        0.95,
        0.95,
        0.94,
        0.94
      ],
      "n_evaluations": 254684076.36363637,
      "evaluation_type": "gradient",
      "ess_per_eval": 7.869636895941888e-05,
      "time": 278.63558983802795,
      "sigma": 0.7,
      "epsilon": 0.0155075304210186,
      "n_leapfrog": 254.68407636363636,
      "n_warmup": 1000,
      "target_accept": 0.8,
      "cond": 3.162
    },
    "Hamiltonian Walk Move": {
      "distribution": "Paired Rosenbrock",
      "tau": 5.459740182916703,
      "tau_std": 0.44913263794444236,
      "ess": 183158.89886646214,
      "ess_by_coordinate": [
        219875.94336311452,
        184059.44594369645,
        225218.97175282097,
        184485.7121847007,
        225846.86504477228,
        190348.00363449164,
        227936.0008683904,
        189456.8844745223,
        230443.95361065175,
        185521.42470170272,
        226107.03866412735,
        186236.2147754589,
        222869.43011858044,
        190828.3810212252,
        225117.4588161595,
        188390.04522524122,
        225057.2696164866,
        190163.15660535722,
        226378.07627405948,
        192523.13064161534,
        225757.14486471718,
        192975.4323610842,
        223875.8055447292,
        188880.99892523792,
        230446.06451665054,
        188882.88859130602,
        223629.50017615984,
        183158.89886646214,
        225871.77990570193,
        185397.8384986693,
        231083.9670327393,
        190998.3713808929
      ],
      "ess_valid_fraction": [
        1.0,
        1.0,
        1.0,
        1.0,
        1.0,
        1.0,
        1.0,
        1.0,
        1.0,
        1.0,
        1.0,
        1.0,
        1.0,
        1.0,
        1.0,
        1.0,
        1.0,
        1.0,
        1.0,
        1.0,
        1.0,
        1.0,
        1.0,
        1.0,
        1.0,
        1.0,
        1.0,
        1.0,
        1.0,
        1.0,
        1.0,
        1.0
      ],
      "n_evaluations": 1001000000.0,
      "evaluation_type": "gradient",
      "ess_per_eval": 0.00018297592294351864,
      "time": 709.6073563098907,
      "sigma": 0.7,
      "epsilon": 0.002645736327394843,
      "n_leapfrog": 1000,
      "n_warmup": 1000,
      "target_accept": 0.651,
      "cond": 3.162
    },
    "Stretch Move": {
      "distribution": "Paired Rosenbrock",
      "tau": 4580.38091532846,
      "tau_std": 709.4745583988063,
      "ess": 218.3224536311932,
      "ess_by_coordinate": [
        364.95502076662075,
        755.4964066501896,
        779.1920431010449,
        912.3069281627436,
        586.208297249521,
        1006.6486711542138,
        751.7583146490394,
        906.6899167860781,
        218.3224536311932,
        731.3775259177796,
        694.5383612720439,
        1419.3558915687622,
        509.8695734773276,
        754.4428502062063,
        599.4441657377166,
        1090.4241948761983,
        622.3410004441323,
        1211.9129782478542,
        549.283852313098,
        1206.215573215076,
        800.2860764764555,
        843.900757609315,
        536.9091404893304,
        888.8157255206505,
        606.0681594675664,
        1059.6311262717659,
        391.6298916430024,
        550.6243848733454,
        532.6178925654029,
        616.8992270894756,
        616.9705464194017,
        681.5344456088791
      ],
      "ess_valid_fraction": [
        0.08,
        0.15,
        0.19,
        0.21,
        0.15,
        0.21,
        0.19,
        0.21,
        0.05,
        0.18,
        0.16,
        0.32,
        0.14,
        0.18,
        0.14,
        0.23,
        0.16,
        0.25,
        0.12,
        0.25,
        0.21,
        0.21,
        0.13,
        0.22,
        0.13,
        0.24,
        0.09,
        0.13,
        0.12,
        0.14,
        0.17,
        0.15
      ],
      "n_evaluations": 1000000.0,
      "evaluation_type": "function",
      "ess_per_eval": 0.00021832245363119322,
      "time": 4.305604457855225,
      "sigma": 0.7,
      "epsilon": 0.0,
      "n_leapfrog": null,
      "n_warmup": null,
      "target_accept": null,
      "cond": 3.162
    },
    "HMC": {
      "distribution": "Paired Rosenbrock",
      "tau": 89.69867364557581,
      "tau_std": 21.135032330513845,
      "ess": 11148.436864866873,
      "ess_by_coordinate": [
        82363.52306865074,
        54759.24609353219,
        72393.91734084566,
        48323.20564485763,
        63569.441849745155,
        43631.868068986085,
        59002.21547578483,
        40411.359464539004,
        51411.588808575536,
        35400.94918716593,
        44224.51821492686,
        31284.809635962494,
        39389.23258503582,
        27937.571285200465,
        33028.29042743317,
        24944.05445838373,
        30825.687266851583,
        22253.982338132,
        27708.52238527547,
        19843.506919415515,
        25113.826319700096,
        19304.332668087347,
        22967.682977651664,
        16873.12456849768,
        19901.222285359006,
        15341.536839353214,
        16810.66720230433,
        12645.440080123497,
        16309.158611717856,
        12274.159228315304,
        13725.512807049989,
        11148.436864866873
      ],
      "ess_valid_fraction": [
        1.0,
        1.0,
        1.0,
        1.0,
        1.0,
        1.0,
        1.0,
        1.0,
        1.0,
        1.0,
        1.0,
        1.0,
        1.0,
        1.0,
        1.0,
        1.0,
        1.0,
        1.0,
        1.0,
        1.0,
        1.0,
        1.0,
        1.0,
        1.0,
        1.0,
        1.0,
        1.0,
        0.98,
        0.99,
        0.98,
        0.99,
        0.96
      ],
      "n_evaluations": 1001000000.0,
      "evaluation_type": "gradient",
      "ess_per_eval": 1.1137299565301571e-05,
      "time": 356.6959629058838,
      "sigma": 0.7,
      "epsilon": 0.0036593149416148663,
      "n_leapfrog": 1000,
      "n_warmup": 1000,
      "target_accept": 0.651,
      "cond": 3.162
    }
  }
}