{
  "dim": 32,
  "seed": 2,
  "n_samples": 10000,
  "burn_in": 2000,
  "n_thin": 1,
  "n_chains": 100,
  "hwm_walkers_requested": 300,
  "jax_enable_x64": true,
  "af": true,
  "initialization_mode": "agnostic",
  "initialization_description": "independent N(0, 2^2) coordinates in the intrinsic Rosenbrock frame",
  "transform_affine": true,
  "overlay_rosenbrock": {
    "a": 1.0,
    "b": 100.0,
    "sigma": 1.5
  },
  "summary": {
    "Dense-mass NUTS": {
      "distribution": "Paired Rosenbrock",
      "tau": 5.466770722183989,
      "tau_std": 0.45631052384422716,
      "ess": 182923.34740544914,
      "ess_by_coordinate": [
        245341.66215658633,
        203730.8416059371,
        251622.27337776494,
        210902.0416978598,
        240054.57445215058,
        193006.12573302689,
        246649.0049132973,
        204860.57423348192,
        246538.5298762145,
        208499.50041234904,
        233656.62898108998,
        186487.79240655075,
        228005.8289207832,
        193016.79412074096,
        245141.69093838613,
        215571.01277174082,
        241084.49853860622,
        200118.9206601355,
        225042.2196681825,
        193697.91788286067,
        224328.82232202505,
        193647.5197054763,
        225811.5138950761,
        187698.6610706734,
        243413.6386117209,
        197021.10664751756,
        223285.05585545368,
        193313.05200119698,
        234465.57866123627,
        201795.8199291604,
        210234.3669347809,
        182923.34740544914
      ],
      "ess_valid_fraction": [
        1.0,
        1.0,
        1.0,
        1.0,
        1.0,
        1.0,
        1.0,
        1.0,
        1.0,
        1.0,
        1.0,
        1.0,
        1.0,
        1.0,
        1.0,
        1.0,
        1.0,
        1.0,
        1.0,
        1.0,
        1.0,
        1.0,
        1.0,
        1.0,
        1.0,
        1.0,
        1.0,
        1.0,
        1.0,
        1.0,
        1.0,
        1.0
      ],
      "n_evaluations": 251503205.0,
      "evaluation_type": "gradient",
      "ess_per_eval": 0.000727320144510481,
      "time": 344.92604327201843,
      "sigma": 1.5,
      "epsilon": 0.012624796538033166,
      "n_leapfrog": 251.503205,
      "n_warmup": 2000,
      "target_accept": 0.8,
      "cond": 3.162,
      "mean_mse": 0.0006640703679314032,
      "cov_mse": 0.0012978999929724232,
      "acceptance_rate_mean": 0.8922366000544197,
      "acceptance_rate_min": 0.8112534664101289,
      "acceptance_rate_max": 0.951463726382481,
      "n_divergent": 576,
      "actual_n_chains": 100,
      "diagnostic_draws_per_chain": 200,
      "sample_finite_fraction": 1.0,
      "finite_draw_fraction": 1.0,
      "sample_covariance_rank": 32,
      "sample_covariance_full_rank": true
    },
    "Hamiltonian Walk Move": {
      "distribution": "Paired Rosenbrock",
      "tau": 7.441162231456409,
      "tau_std": 0.6703973280663305,
      "ess": 403162.8268119119,
      "ess_by_coordinate": [
        530912.4049685979,
        439107.05308265256,
        515895.29578831256,
        415017.3087868232,
        529619.1771175221,
        434116.9072304318,
        541155.5878124367,
        426748.51954424655,
        518563.14157284325,
        424647.39043891546,
        519058.49825523363,
        422712.1090283083,
        514279.8615628821,
        434270.184916766,
        515910.04930687736,
        422927.91450152185,
        538910.2098972051,
        432179.43048727233,
        534242.0900710037,
        432228.7453136544,
        518449.4412481012,
        403162.8268119119,
        530476.6782539601,
        425321.1821496375,
        530957.9915398923,
        432494.530233124,
        543311.5677778041,
        467895.53271196975,
        523038.1098699904,
        425652.1807182844,
        520766.9749637401,
        425007.8806837165
      ],
      "ess_valid_fraction": [
        0.99,
        0.9966666666666667,
        1.0,
        1.0,
        0.9966666666666667,
        1.0,
        0.9966666666666667,
        0.9966666666666667,
        0.9966666666666667,
        0.9966666666666667,
        0.9966666666666667,
        0.9966666666666667,
        0.9933333333333333,
        1.0,
        0.9933333333333333,
        0.9933333333333333,
        0.9933333333333333,
        0.9933333333333333,
        0.9966666666666667,
        0.9966666666666667,
        0.99,
        0.9933333333333333,
        0.9966666666666667,
        1.0,
        0.99,
        0.9933333333333333,
        0.99,
        0.99,
        0.9966666666666667,
        0.9966666666666667,
        0.9966666666666667,
        0.9966666666666667
      ],
      "n_evaluations": 351356750.0,
      "evaluation_type": "gradient",
      "ess_per_eval": 0.0011474457992109498,
      "time": 149.3689169883728,
      "sigma": 1.5,
      "epsilon": 0.021498117780838693,
      "n_leapfrog": 116.11891666666666,
      "n_warmup": 2000,
      "target_accept": 0.651,
      "cond": 3.162,
      "mean_mse": 0.000614125286921827,
      "cov_mse": 0.0026987470957089564,
      "acceptance_rate_mean": 0.6440238888888888,
      "acceptance_rate_min": 0.6440238888888888,
      "acceptance_rate_max": 0.6440238888888888,
      "n_divergent": null,
      "actual_n_chains": 300,
      "diagnostic_draws_per_chain": 200,
      "sample_finite_fraction": 1.0,
      "finite_draw_fraction": 1.0,
      "sample_covariance_rank": 32,
      "sample_covariance_full_rank": true
    },
    "Stretch Move": {
      "distribution": "Paired Rosenbrock",
      "tau": 4924.706479824706,
      "tau_std": 847.7637027916536,
      "ess": 203.05778711822737,
      "ess_by_coordinate": [
        364.47871919224497,
        719.9460832079645,
        476.31086077835346,
        520.9825204097513,
        588.1558685775627,
        839.6882328785324,
        321.77075879908114,
        721.3778002192364,
        570.8427850641643,
        465.0661974957227,
        412.0233862047601,
        724.4461477047457,
        254.12547750937955,
        571.8453027622655,
        538.2341971954655,
        736.0716332262297,
        594.9617672270708,
        915.2738455477456,
        391.6219495663738,
        689.8887378476143,
        203.05778711822737,
        642.6343287217892,
        522.9956468355558,
        817.9705450521669,
        657.8206268570194,
        951.0554018367746,
        651.1194614335175,
        1216.510239901909,
        654.2865156611657,
        926.162880473389,
        410.5524823023389,
        761.8230700854281
      ],
      "ess_valid_fraction": [
        0.09,
        0.17,
        0.11,
        0.13,
        0.14,
        0.2,
        0.09,
        0.19,
        0.13,
        0.12,
        0.1,
        0.18,
        0.06,
        0.13,
        0.14,
        0.16,
        0.14,
        0.19,
        0.11,
        0.18,
        0.05,
        0.15,
        0.13,
        0.18,
        0.17,
        0.22,
        0.17,
        0.27,
        0.15,
        0.22,
        0.1,
        0.19
      ],
      "n_evaluations": 1000000.0,
      "evaluation_type": "function",
      "ess_per_eval": 0.00020305778711822737,
      "time": 4.537356853485107,
      "sigma": 1.5,
      "epsilon": 0.0,
      "n_leapfrog": null,
      "n_warmup": null,
      "target_accept": null,
      "cond": 3.162,
      "mean_mse": 4.4411658214749155,
      "cov_mse": 0.9681691470351433,
      "acceptance_rate_mean": 0.16511333333333333,
      "acceptance_rate_min": 0.12066666666666667,
      "acceptance_rate_max": 0.20216666666666666,
      "n_divergent": null,
      "actual_n_chains": 100,
      "diagnostic_draws_per_chain": 200,
      "sample_finite_fraction": 1.0,
      "finite_draw_fraction": 1.0,
      "sample_covariance_rank": 32,
      "sample_covariance_full_rank": true
    },
    "HMC": {
      "distribution": "Paired Rosenbrock",
      "tau": 4007.391250831183,
      "tau_std": 799.8945053639678,
      "ess": 249.53889885161266,