{
  "dim": 32,
  "seed": 2,
  "n_samples": 10000,
  "burn_in": 1000,
  "n_thin": 1,
  "n_chains": 100,
  "af": true,
  "initialization_mode": "agnostic",
  "initialization_description": "independent N(0, 2^2) coordinates in the intrinsic Rosenbrock frame",
  "transform_affine": true,
  "overlay_rosenbrock": {
    "a": 1.0,
    "b": 100.0,
    "sigma": 0.7
  },
  "summary": {
    "Dense-mass NUTS": {
      "distribution": "Paired Rosenbrock",
      "tau": 5748.324873589708,
      "tau_std": 1050.483431948627,
      "ess": 173.96372369182416,
      "ess_by_coordinate": [
        2645.9204154439003,
        3408.748314777853,
        3078.5514815874344,
        2464.83247043898,
        3183.3601898020474,
        2953.2102474442263,
        2184.238771823477,
        2018.6715706218197,
        2140.4453531595927,
        2050.8199100112197,
        1663.504398510768,
        1172.3886295626432,
        2538.4654296275094,
        2303.2233148811006,
        643.332462920438,
        682.995322015237,
        1054.7196306472504,
        905.9027266417004,
        594.1120403943289,
        660.0638507026747,
        760.5823125254881,
        758.8481573060769,
        729.086595766748,
        791.3934053288455,
        712.8433001415842,
        666.6288913876137,
        173.96372369182416,
        344.2571674527433,
        446.40545915797327,
        503.1716349755191,
        489.33328087214704,
        568.1345227303442
      ],
      "ess_valid_fraction": [
        0.12,
        0.09,
        0.1,
        0.09,
        0.07,
        0.08,
        0.09,
        0.08,
        0.1,
        0.07,
        0.11,
        0.12,
        0.15,
        0.09,
        0.09,
        0.09,
        0.11,
        0.1,
        0.1,
        0.09,
        0.09,
        0.09,
        0.1,
        0.11,
        0.07,
        0.05,
        0.04,
        0.08,
        0.07,
        0.1,
        0.1,
        0.1
      ],
      "n_evaluations": 254994225.45454544,
      "evaluation_type": "gradient",
      "ess_per_eval": 6.822261303436239e-07,
      "time": 278.36017870903015,
      "sigma": 0.7,
      "epsilon": 2.3923717890284024e-05,
      "n_leapfrog": 254.99422545454544,
      "n_warmup": 1000,
      "target_accept": 0.8,
      "cond": 50
    },
    "Hamiltonian Walk Move": {
      "distribution": "Paired Rosenbrock",
      "tau": 6270.141270805113,
      "tau_std": 1076.0722081614097,
      "ess": 159.48603975737785,
      "ess_by_coordinate": [
        660.858051305369,
        365.076144876293,
        316.13184812624667,
        305.1171618923863,
        534.9769936272215,
        582.9765117099357,
        342.2178983373098,
        413.30417138860776,
        678.5586008984645,
        446.18835861649745,
        566.5813796381722,
        428.3237374337019,
        404.08259229618795,
        372.56191189050867,
        221.88126977272293,
        438.81932942785534,
        356.96556698847996,
        207.61733372713303,
        389.46586596866973,
        395.9708628716359,
        261.6816169497823,
        346.9142329014669,
        614.4357467893382,
        323.1073795518172,
        476.88703622487037,
        451.5054305712004,
        215.74514203399414,
        159.48603975737785,
        237.54287044591334,
        386.9676815081158,
        470.3036196992489,
        513.437490920303
      ],
      "ess_valid_fraction": [
        0.18,
        0.1,
        0.09,
        0.08,
        0.14,
        0.15,
        0.09,
        0.11,
        0.19,
        0.13,
        0.14,
        0.1,
        0.12,
        0.1,
        0.06,
        0.11,
        0.1,
        0.05,
        0.1,
        0.1,
        0.06,
        0.09,
        0.17,
        0.09,
        0.11,
        0.12,
        0.06,
        0.05,
        0.06,
        0.09,
        0.12,
        0.15
      ],
      "n_evaluations": 1001000000.0,
      "evaluation_type": "gradient",
      "ess_per_eval": 1.5932671304433352e-07,
      "time": 709.6997661590576,
      "sigma": 0.7,
      "epsilon": 4.2814451717276825e-07,
      "n_leapfrog": 1000,
      "n_warmup": 1000,
      "target_accept": 0.651,
      "cond": 50
    },
    "Stretch Move": {
      "distribution": "Paired Rosenbrock",
      "tau": 4580.380915328077,
      "tau_std": 709.4745583988255,
      "ess": 218.32245363121143,
      "ess_by_coordinate": [
        364.9550207665502,
        755.4964066543608,
        779.1920431017904,
        912.3069281620988,
        586.2082972498337,
        1006.6486711536106,
        751.7583146489247,
        906.689916786205,
        218.32245363121143,
        731.3775259172958,
        694.5383612722728,
        1419.355891568955,
        509.8695734773387,
        754.442850206016,
        599.4441657376773,
        1090.4241948760857,
        622.3410004440559,
        1211.912978247826,
        549.2838523131667,
        1206.215573213988,
        800.2860764765228,
        843.9007576090751,
        536.9091404893353,
        888.8157255206165,
        606.0681594675365,
        1059.6311262714999,
        391.6298916429032,
        550.6243848731336,
        532.6178925654,
        616.8992270895786,
        616.9705464194371,
        681.5344456088746
      ],
      "ess_valid_fraction": [
        0.08,
        0.15,
        0.19,
        0.21,
        0.15,
        0.21,
        0.19,
        0.21,
        0.05,
        0.18,
        0.16,
        0.32,
        0.14,
        0.18,
        0.14,
        0.23,
        0.16,
        0.25,
        0.12,
        0.25,
        0.21,
        0.21,
        0.13,
        0.22,
        0.13,
        0.24,
        0.09,
        0.13,
        0.12,
        0.14,
        0.17,
        0.15
      ],
      "n_evaluations": 1000000.0,
      "evaluation_type": "function",
      "ess_per_eval": 0.00021832245363121144,
      "time": 4.23999810218811,
      "sigma": 0.7,
      "epsilon": 0.0,
      "n_leapfrog": null,
      "n_warmup": null,
      "target_accept": null,
      "cond": 50
    },
    "HMC": {
      "distribution": "Paired Rosenbrock",
      "tau": 2687.7982790328697,
      "tau_std": 664.184551088732,
      "ess": 372.0517301468853,
      "ess_by_coordinate": [
        7705.219958576542,
        6395.2393809154155,
        6485.7920633242575,
        5216.271116452847,
        5060.278497508258,
        4521.620424732335,
        2839.84471754441,
        2491.274673441152,
        2937.6843182834127,
        2509.8331317427896,
        1692.1301009438498,
        1416.0665294251378,
        1319.486712722623,
        1234.7374095064895,
        1223.415843868261,
        1042.4801458910279,
        810.1989171848344,
        1009.6130183964482,
        912.7981291704442,
        898.470492011978,
        756.4596461606898,
        962.3020781106294,
        545.6077526046441,
        726.3865822070132,
        489.48169435786735,
        1101.9817204552387,
        521.0584893878129,
        1023.1449670265797,
        399.6506947035674,
        828.6255812864557,
        372.0517301468853,
        863.9163275541955
      ],
      "ess_valid_fraction": [
        0.89,
        0.86,
        0.88,
        0.84,
        0.82,
        0.74,
        0.54,
        0.5,
        0.54,
        0.47,
        0.38,
        0.31,
        0.29,
        0.26,
        0.28,
        0.23,
        0.21,
        0.24,
        0.23,
        0.21,
        0.19,
        0.24,
        0.15,
        0.18,
        0.13,
        0.24,
        0.13,
        0.22,
        0.11,
        0.17,
        0.1,
        0.19
      ],
      "n_evaluations": 15000000.0,
      "evaluation_type": "gradient",
      "ess_per_eval": 2.480344867645902e-05,
      "time": 17.035851001739502,
      "sigma": 0.7,
      "epsilon": 0.02237887680530548,
      "n_leapfrog": 14,
      "n_warmup": 1000,
      "target_accept": 0.651,
      "cond": 50
    }
  }
}