{
  "dim": 32,
  "seed": 1,
  "n_samples": 10000,
  "burn_in": 1000,
  "n_thin": 1,
  "n_chains": 100,
  "af": true,
  "initialization_mode": "agnostic",
  "initialization_description": "independent N(0, 2^2) coordinates in the intrinsic Rosenbrock frame",
  "transform_affine": true,
  "overlay_rosenbrock": {
    "a": 1.0,
    "b": 100.0,
    "sigma": 0.7
  },
  "summary": {
    "Dense-mass NUTS": {
      "distribution": "Paired Rosenbrock",
      "tau": 15630.139847968969,
      "tau_std": 3072.518646557458,
      "ess": 63.97895410577169,
      "ess_by_coordinate": [
        150.05411303616614,
        301.82838432597373,
        426.3287032486986,
        174.56883387827878,
        286.56569255567894,
        286.2748153041134,
        145.11289661492884,
        323.6357067387006,
        126.23022627167407,
        163.58888692406754,
        280.1675204693445,
        63.97895410577169,
        117.56882512282746,
        230.3772142098168,
        289.50053565256883,
        208.58844610306036,
        164.3027315719222,
        118.26429644474148,
        141.93957618694384,
        369.6356074895667,
        359.19446535329297,
        213.19201251979098,
        286.28928346140685,
        134.51308032068812,
        69.89081917904682,
        124.72503541407514,
        202.53679518202657,
        371.9988275902717,
        387.2295877869483,
        328.03190474573717,
        205.68594688300516,
        205.2615527068329
      ],
      "ess_valid_fraction": [
        0.03,
        0.08,
        0.11,
        0.04,
        0.08,
        0.07,
        0.04,
        0.07,
        0.04,
        0.04,
        0.04,
        0.02,
        0.03,
        0.06,
        0.06,
        0.05,
        0.04,
        0.03,
        0.04,
        0.08,
        0.05,
        0.06,
        0.07,
        0.04,
        0.02,
        0.03,
        0.06,
        0.09,
        0.09,
        0.08,
        0.05,
        0.05
      ],
      "n_evaluations": 255000000.0,
      "evaluation_type": "gradient",
      "ess_per_eval": 2.5089785923832036e-07,
      "time": 326.5997140407562,
      "sigma": 0.7,
      "epsilon": 0.0006304911803454161,
      "n_leapfrog": 255.0,
      "n_warmup": 1000,
      "target_accept": 0.8,
      "cond": 316.2
    },
    "Hamiltonian Walk Move": {
      "distribution": "Paired Rosenbrock",
      "tau": 6057.503862373229,
      "tau_std": 1140.5626189254638,
      "ess": 165.0845005995946,
      "ess_by_coordinate": [
        473.0303754122742,
        532.108298896365,
        409.87965274401995,
        296.0866000665912,
        784.8574396951323,
        326.7241703409608,
        277.02607813203775,
        463.726363406622,
        481.4402392832284,
        272.5647748845268,
        346.37301222491766,
        388.88988696932887,
        387.5285723474167,
        287.9724318646362,
        377.5532833061893,
        165.0845005995946,
        458.84311325915314,
        245.8696422136903,
        171.72269773811735,
        435.7696052036878,
        245.80515953205213,
        200.818713079149,
        379.74480136453684,
        332.4557917691335,
        383.8791692226243,
        295.3796215613088,
        494.07250095476536,
        360.73710005474527,
        430.54638431057793,
        182.25652476680816,
        253.27530246745346,
        305.02179820668096
      ],
      "ess_valid_fraction": [
        0.12,
        0.12,
        0.1,
        0.08,
        0.2,
        0.09,
        0.08,
        0.12,
        0.12,
        0.07,
        0.09,
        0.1,
        0.11,
        0.08,
        0.11,
        0.05,
        0.11,
        0.06,
        0.04,
        0.11,
        0.07,
        0.06,
        0.1,
        0.09,
        0.1,
        0.08,
        0.11,
        0.09,
        0.11,
        0.05,
        0.06,
        0.08
      ],
      "n_evaluations": 1001000000.0,
      "evaluation_type": "gradient",
      "ess_per_eval": 1.6491958101857603e-07,
      "time": 727.4731094837189,
      "sigma": 0.7,
      "epsilon": 1.8271680346515495e-07,
      "n_leapfrog": 1000,
      "n_warmup": 1000,
      "target_accept": 0.651,
      "cond": 316.2
    },
    "Stretch Move": {
      "distribution": "Paired Rosenbrock",
      "tau": 2844.850806007339,
      "tau_std": 482.43392417633584,
      "ess": 351.51228243264865,
      "ess_by_coordinate": [
        720.1243513919868,
        1061.6160375461136,
        592.1143404555285,
        1039.3573294669932,
        661.9706458384426,
        887.3513943070774,
        362.54639902872134,
        736.3224177815043,
        647.7672962168295,
        1101.0989251844858,
        403.6005808058139,
        661.6543507703984,
        487.95595534617433,
        822.9036481697028,
        657.7232165104477,
        779.7090890858258,
        575.4223722073255,
        1067.1600359718223,
        650.7279558995198,
        858.4415542185775,
        537.01988654146,
        864.8454713038235,
        619.5571872630697,
        1126.016589942784,
        351.51228243264865,
        759.187668874095,
        631.6061110007836,
        819.0327046989889,
        649.1598257695498,
        930.1315321778354,
        610.9235145885987,
        810.8284902666635
      ],
      "ess_valid_fraction": [
        0.18,
        0.24,
        0.15,
        0.24,
        0.15,
        0.21,
        0.09,
        0.17,
        0.17,
        0.23,
        0.11,
        0.16,
        0.12,
        0.18,
        0.15,
        0.19,
        0.15,
        0.21,
        0.14,
        0.19,
        0.13,
        0.21,
        0.15,
        0.27,
        0.09,
        0.18,
        0.16,
        0.21,
        0.17,
        0.21,
        0.16,
        0.19
      ],
      "n_evaluations": 1000000.0,
      "evaluation_type": "function",
      "ess_per_eval": 0.00035151228243264867,
      "time": 4.419344425201416,
      "sigma": 0.7,
      "epsilon": 0.0,
      "n_leapfrog": null,
      "n_warmup": null,
      "target_accept": null,
      "cond": 316.2
    },
    "HMC": {
      "distribution": "Paired Rosenbrock",
      "tau": 3645.586552182007,
      "tau_std": 863.6732188861555,
      "ess": 274.3042815432447,
      "ess_by_coordinate": [
        7296.529001866383,
        5525.622178944741,
        5443.441729461974,
        4813.032384746969,
        3211.0546942548444,
        3248.57594675388,
        2525.765864358877,
        2408.836278414612,
        1434.7175297788642,
        1854.67024260859,
        1274.2992343441467,
        1705.1309867812076,
        872.1922929631663,
        1205.4629423455244,
        638.6418395649167,
        1303.890596572693,
        698.5200856095126,
        1214.5453340714646,
        585.45370858788,
        1042.376063677728,
        403.2084012327237,
        833.0019642799598,
        613.9071400313712,
        958.703599737589,
        361.35564773172894,
        643.3016158563634,
        646.2797088149018,
        717.8566391644551,
        355.87312291153165,
        482.03261496054324,
        274.3042815432447,
        490.8452598462179
      ],
      "ess_valid_fraction": [
        0.85,
        0.78,
        0.81,
        0.75,
        0.61,
        0.58,
        0.53,
        0.49,
        0.29,
        0.38,
        0.29,
        0.35,
        0.22,
        0.29,
        0.15,
        0.28,
        0.18,
        0.26,
        0.15,
        0.22,
        0.11,
        0.2,
        0.14,
        0.21,
        0.09,
        0.14,
        0.16,
        0.19,
        0.1,
        0.13,
        0.07,
        0.13
      ],
      "n_evaluations": 1001000000.0,
      "evaluation_type": "gradient",
      "ess_per_eval": 2.7403025129195276e-07,
      "time": 366.3431615829468,
      "sigma": 0.7,
      "epsilon": 0.0008042929694056511,
      "n_leapfrog": 1000,
      "n_warmup": 1000,
      "target_accept": 0.651,
      "cond": 316.2
    }
  }
}