{
  "dim": 32,
  "seed": 1,
  "n_samples": 10000,
  "burn_in": 2000,
  "n_thin": 1,
  "n_chains": 100,
  "hwm_walkers_requested": 300,
  "jax_enable_x64": true,
  "af": true,
  "initialization_mode": "agnostic",
  "initialization_description": "independent N(0, 2^2) coordinates in the intrinsic Rosenbrock frame",
  "transform_affine": true,
  "overlay_rosenbrock": {
    "a": 1.0,
    "b": 100.0,
    "sigma": 1.5
  },
  "summary": {
    "Dense-mass NUTS": {
      "distribution": "Paired Rosenbrock",
      "tau": 133.97034098125584,
      "tau_std": 34.02903130146611,
      "ess": 7464.338693740525,
      "ess_by_coordinate": [
        274777.4616255677,
        221716.59923976206,
        283026.34995928325,
        230987.75305541328,
        264853.96055339463,
        211076.16910615683,
        255897.31316671794,
        200786.53596152886,
        248863.01070021992,
        202707.77826950094,
        237573.54802967317,
        195418.57655945493,
        215773.08283442896,
        182008.9712149297,
        169616.5825352118,
        133689.77636292967,
        152930.27398299178,
        121651.7196208508,
        108696.9285594107,
        98217.51811404034,
        71066.27486744028,
        58700.50511567951,
        56368.94802218737,
        48238.04900637999,
        33988.37138347932,
        30390.37487061859,
        31432.717535440985,
        28698.260120009567,
        12148.394829142348,
        11098.531937346823,
        8131.115698045034,
        7464.338693740525
      ],
      "ess_valid_fraction": [
        1.0,
        1.0,
        1.0,
        1.0,
        1.0,
        1.0,
        1.0,
        1.0,
        1.0,
        1.0,
        1.0,
        1.0,
        1.0,
        1.0,
        1.0,
        1.0,
        1.0,
        1.0,
        0.99,
        1.0,
        0.98,
        0.98,
        0.99,
        0.98,
        0.95,
        0.92,
        0.97,
        0.96,
        0.8,
        0.82,
        0.79,
        0.76
      ],
      "n_evaluations": 253464150.0,
      "evaluation_type": "gradient",
      "ess_per_eval": 2.944928777399299e-05,
      "time": 327.0493631362915,
      "sigma": 1.5,
      "epsilon": 0.013240582795242602,
      "n_leapfrog": 253.46415,
      "n_warmup": 2000,
      "target_accept": 0.8,
      "cond": 316.2,
      "mean_mse": 0.0011253114902661724,
      "cov_mse": 0.00226152828353267,
      "acceptance_rate_mean": 0.898598857125418,
      "acceptance_rate_min": 0.7767509562022956,
      "acceptance_rate_max": 0.9762199035941479,
      "n_divergent": 1419,
      "actual_n_chains": 100,
      "diagnostic_draws_per_chain": 200,
      "sample_finite_fraction": 1.0,
      "finite_draw_fraction": 1.0,
      "sample_covariance_rank": 32,
      "sample_covariance_full_rank": true
    },
    "Hamiltonian Walk Move": {
      "distribution": "Paired Rosenbrock",
      "tau": 6.322316361268748,
      "tau_std": 0.8543267932337946,
      "ess": 474509.63042253815,
      "ess_by_coordinate": [
        660029.6976726614,
        474552.6037453088,
        672814.6520672909,
        474509.63042253815,
        719677.5582644622,
        521556.34801897587,
        695246.6149022338,
        498615.5709132528,
        676430.7896517287,
        497593.99040365394,
        692067.6280433743,
        519437.0953143287,
        663797.9177792631,
        480553.8971989992,
        686531.3187229936,
        498815.1775273799,
        717603.993631761,
        516113.6979844919,
        679685.9896115444,
        494760.4713756546,
        685941.1643056028,
        490256.7944993932,
        671171.0514202421,
        492198.3582941384,
        696359.6213263802,
        499766.09862655937,
        686942.0600735557,
        498130.2380885028,
        721138.333086695,
        487008.6415230135,
        702384.4551109901,
        509732.66849802143
      ],
      "ess_valid_fraction": [
        1.0,
        0.9933333333333333,
        0.9933333333333333,
        0.9933333333333333,
        0.9966666666666667,
        0.9933333333333333,
        0.9933333333333333,
        0.9966666666666667,
        0.99,
        0.9933333333333333,
        0.99,
        0.9966666666666667,
        0.9933333333333333,
        1.0,
        0.9933333333333333,
        0.9966666666666667,
        0.9933333333333333,
        0.9933333333333333,
        0.99,
        0.9866666666666667,
        0.9966666666666667,
        0.9966666666666667,
        0.9966666666666667,
        0.9966666666666667,
        0.9933333333333333,
        0.9966666666666667,
        1.0,
        0.9966666666666667,
        0.9966666666666667,
        0.9933333333333333,
        0.9933333333333333,
        0.9933333333333333
      ],
      "n_evaluations": 428393250.0,
      "evaluation_type": "gradient",
      "ess_per_eval": 0.0011076496429916628,
      "time": 172.72836780548096,
      "sigma": 1.5,
      "epsilon": 0.02131286155787845,
      "n_leapfrog": 141.79775,
      "n_warmup": 2000,
      "target_accept": 0.651,
      "cond": 316.2,
      "mean_mse": 0.00029485397067611276,
      "cov_mse": 0.0018638288394756861,
      "acceptance_rate_mean": 0.6451013888888887,
      "acceptance_rate_min": 0.6451013888888888,
      "acceptance_rate_max": 0.6451013888888888,
      "n_divergent": null,
      "actual_n_chains": 300,
      "diagnostic_draws_per_chain": 200,
      "sample_finite_fraction": 1.0,
      "finite_draw_fraction": 1.0,
      "sample_covariance_rank": 32,
      "sample_covariance_full_rank": true
    },
    "Stretch Move": {
      "distribution": "Paired Rosenbrock",
      "tau": 4266.555716090895,
      "tau_std": 743.7068182846107,
      "ess": 234.38109485564632,
      "ess_by_coordinate": [
        545.3662066967458,
        760.1946247677378,
        464.09562807869656,
        787.8197124592787,
        755.831520227344,
        971.4349454519948,
        430.6425082903869,
        1035.5244034312586,
        342.19377095180596,
        630.566559446393,
        775.4692336946988,
        842.967729562075,
        288.30222458792497,
        580.1019573961028,
        543.6465483719352,
        1045.6644145158016,
        607.8059363340269,
        1050.8040750459663,
        563.2597871197949,
        720.9154009519963,
        577.3057078033979,
        880.5268616946025,
        234.38109485564632,
        784.7988490277787,
        684.285763701523,
        521.4624478251117,
        603.2856624559043,
        1129.4639056458393,
        387.451792383203,
        1053.7314688229333,
        504.91152005814234,
        666.7334659739238
      ],
      "ess_valid_fraction": [
        0.15,
        0.17,
        0.12,
        0.2,
        0.17,
        0.23,
        0.11,
        0.24,
        0.09,
        0.14,
        0.19,
        0.2,
        0.08,
        0.16,
        0.12,
        0.25,
        0.16,
        0.24,
        0.14,
        0.19,
        0.15,
        0.2,
        0.06,
        0.17,
        0.17,
        0.14,
        0.15,
        0.26,
        0.1,
        0.21,
        0.11,
        0.15
      ],
      "n_evaluations": 1000000.0,
      "evaluation_type": "function",
      "ess_per_eval": 0.00023438109485564632,
      "time": 4.618679523468018,
      "sigma": 1.5,
      "epsilon": 0.0,
      "n_leapfrog": null,
      "n_warmup": null,
      "target_accept": null,
      "cond": 316.2,
      "mean_mse": 4.354852305914585,
      "cov_mse": 0.9616721476044161,
      "acceptance_rate_mean": 0.16854,
      "acceptance_rate_min": 0.12983333333333333,
      "acceptance_rate_max": 0.20575,
      "n_divergent": null,
      "actual_n_chains": 100,
      "diagnostic_draws_per_chain": 200,
      "sample_finite_fraction": 1.0,
      "finite_draw_fraction": 1.0,
      "sample_covariance_rank": 32,
      "sample_covariance_full_rank": true
    },
    "HMC": {
      "distribution": "Paired Rosenbrock",
      "tau": 2611.693605481487,
      "tau_std": 619.3775993075584,
      "ess": 382.8933064357838,