{
  "dim": 32,
  "seed": 3,
  "condition_number": 50,
  "n_samples": 10000,
  "burn_in": 1000,
  "n_thin": 1,
  "n_chains": 16,
  "af": false,
  "initialization_mode": "agnostic",
  "initialization_description": "independent N(0, 2^2) coordinates in the intrinsic Rosenbrock frame",
  "transform_affine": false,
  "overlay_rosenbrock": {
    "a": 1.0,
    "b": 100.0,
    "sigma": 0.7
  },
  "summary": {
    "Dense-mass NUTS": {
      "distribution": "Paired Rosenbrock",
      "tau": 6.251339164627998,
      "tau_std": 0.5022514578312804,
      "ess": 25594.515956729603,
      "ess_by_coordinate": [
        31148.874338645644,
        28324.967944809265,
        30053.546810178796,
        25594.515956729603,
        31652.266925423555,
        27222.31888704464,
        29750.409686369996,
        28372.1891928953,
        34634.39557707065,
        28944.24342817047,
        32607.795691112027,
        31283.757096209018,
        38306.48891523398,
        33833.304355786226,
        30758.714404140952,
        27286.266744642853,
        35213.127079236125,
        34509.43571456143,
        35616.86415724141,
        32586.44589481943,
        32602.42816717754,
        28558.18008768957,
        30202.468693968956,
        28139.544185397088,
        28367.935982865543,
        26082.88846179666,
        32072.128306062692,
        29114.170329414155,
        35655.40897826993,
        30581.641785851516,
        34082.65330699328,
        30347.252947404668
      ],
      "ess_valid_fraction": [
        0.625,
        0.5625,
        0.5625,
        0.625,
        0.625,
        0.5625,
        0.5625,
        0.625,
        0.625,
        0.5625,
        0.5625,
        0.625,
        0.5625,
        0.625,
        0.5625,
        0.5625,
        0.5625,
        0.5625,
        0.5625,
        0.625,
        0.625,
        0.625,
        0.5625,
        0.6875,
        0.5625,
        0.6875,
        0.625,
        0.625,
        0.625,
        0.6875,
        0.6875,
        0.5625
      ],
      "n_evaluations": 36157460.0,
      "evaluation_type": "gradient",
      "ess_per_eval": 0.000707862663935177,
      "time": 262.4764006137848,
      "sigma": 0.7,
      "epsilon": 7.543947140220553e-05,
      "n_leapfrog": 225.984125,
      "n_warmup": 1000,
      "target_accept": 0.8,
      "gamma": 0.05,
      "t0": 10,
      "kappa": 0.75
    },
    "Hamiltonian Walk Move": {
      "distribution": "Paired Rosenbrock",
      "tau": NaN,
      "tau_std": 1572.4256085523073,
      "ess": 0.0,
      "ess_by_coordinate": [
        47.694008792317,
        35.84112608412298,
        299.1958402191605,
        0.0,
        45.6525098684117,
        0.0,
        252.96824215255683,
        283.942886628358,
        644.0353856078774,
        176.631822124596,
        0.0,
        50.62185478020567,
        0.0,
        0.0,
        0.0,
        0.0,
        52.784533771103355,
        204.37770520842938,
        0.0,
        0.0,
        0.0,
        51.2572132499852,
        482.239175702274,
        33.14413654570842,
        390.43979372972234,
        844.1536154172103,
        0.0,
        79.52553530540334,
        0.0,
        0.0,
        0.0,
        0.0
      ],
      "ess_valid_fraction": [
        0.0625,
        0.0625,
        0.375,
        0.0,
        0.0625,
        0.0,
        0.375,
        0.5,
        0.875,
        0.3125,
        0.0,
        0.0625,
        0.0,
        0.0,
        0.0,
        0.0,
        0.0625,
        0.3125,
        0.0,
        0.0,
        0.0,
        0.0625,
        0.6875,
        0.0625,
        0.5,
        0.625,
        0.0,
        0.125,
        0.0,
        0.0,
        0.0,
        0.0
      ],
      "n_evaluations": 1280000.0,
      "evaluation_type": "gradient",
      "ess_per_eval": 0.0,
      "time": 20.6982479095459,
      "sigma": 0.7,
      "epsilon": 0.6046537160873413,
      "n_leapfrog": 7,
      "n_warmup": 1000,
      "target_accept": 0.651,
      "gamma": 0.05,
      "t0": 10,
      "kappa": 0.75
    },
    "Stretch Move": {
      "distribution": "Paired Rosenbrock",
      "tau": NaN,
      "tau_std": 1102.4768644810151,
      "ess": 0.0,
      "ess_by_coordinate": [
        200.17233924486072,
        41.535056223767484,
        75.26555446705021,
        220.17571058400387,
        36.1809938772139,
        0.0,
        321.3812273664798,
        214.85170166882128,
        154.05998560868105,
        152.2692774476205,
        47.832868715966114,
        293.0032730834913,
        79.67919540504391,
        0.0,
        44.28614919001997,
        0.0,
        0.0,
        78.6711850554464,
        330.74200555549834,
        156.43441731037066,
        151.19683754031396,
        169.94767152259334,
        229.59580389123087,
        100.86275543004564,
        108.27673221649846,
        129.21324534343773,
        67.34494536159704,
        138.22586891309498,
        0.0,
        176.46471795376667,
        0.0,
        0.0
      ],
      "ess_valid_fraction": [
        0.3125,
        0.0625,
        0.125,
        0.3125,
        0.0625,
        0.0,
        0.4375,
        0.3125,
        0.25,
        0.1875,
        0.0625,
        0.5,
        0.125,
        0.0,
        0.0625,
        0.0,
        0.0,
        0.125,
        0.3125,
        0.25,
        0.25,
        0.25,
        0.3125,
        0.1875,
        0.125,
        0.1875,
        0.125,
        0.25,
        0.0,
        0.25,
        0.0,
        0.0
      ],
      "n_evaluations": 160000.0,
      "evaluation_type": "function",
      "ess_per_eval": 0.0,
      "time": 1.8398981094360352,
      "sigma": 0.7,
      "epsilon": 0.0,
      "n_leapfrog": null,
      "n_warmup": null,
      "target_accept": null,
      "gamma": null,
      "t0": null,
      "kappa": null
    },
    "HMC": {
      "distribution": "Paired Rosenbrock",
      "tau": 165.8019954288688,
      "tau_std": 18.064874479250467,
      "ess": 965.006480085712,
      "ess_by_coordinate": [
        1724.5703427481278,
        1563.0046669531841,
        1763.9758612787805,
        1498.5618758125122,
        1368.8289914617606,
        1200.0964834562078,
        1252.3785247743847,
        965.006480085712,
        1321.4767134256906,
        1077.116924599138,
        1300.6447167494857,
        1057.4567114045346,
        1381.027262228757,
        1238.0344036552879,
        1573.0691242970365,
        1241.4528504149384,
        1293.4786691586041,
        1100.8885176899241,
        1484.5650156583274,
        1262.4984024191142,
        1503.341111025215,
        1333.8560040376017,
        1408.8864934336195,
        1131.9149623068695,
        1551.3384893147222,
        1343.8200972479694,
        1404.4926584645364,
        1140.3052058928452,
        1145.2916991087498,
        1070.3970539718484,
        1574.8878903656005,
        1213.329562746216
      ],
      "ess_valid_fraction": [
        0.9375,
        0.9375,
        0.9375,
        0.9375,
        0.875,
        0.8125,
        1.0,
        0.875,
        0.875,
        0.875,
        0.9375,
        0.9375,
        1.0,
        1.0,
        1.0,
        1.0,
        1.0,
        0.9375,
        1.0,
        1.0,
        0.9375,
        0.875,
        0.9375,
        0.9375,
        1.0,
        0.9375,
        0.9375,
        0.875,
        0.8125,
        0.8125,
        1.0,
        0.875
      ],
      "n_evaluations": 3040000.0,
      "evaluation_type": "gradient",
      "ess_per_eval": 0.0003174363421334579,
      "time": 15.592857837677002,
      "sigma": 0.7,
      "epsilon": 0.01664338819682598,
      "n_leapfrog": 18,
      "n_warmup": 1000,
      "target_accept": 0.651,
      "gamma": 0.05,
      "t0": 10,
      "kappa": 0.75
    }
  }
}