{
  "dim": 32,
  "seed": 3,
  "condition_number": 50,
  "n_samples": 10000,
  "burn_in": 2000,
  "n_thin": 1,
  "n_chains": 150,
  "hwm_walkers_requested": 300,
  "jax_enable_x64": true,
  "af": false,
  "initialization_mode": "agnostic",
  "initialization_description": "independent N(0, 2^2) coordinates in the intrinsic Rosenbrock frame",
  "transform_affine": false,
  "overlay_rosenbrock": {
    "a": 1.0,
    "b": 100.0,
    "sigma": 1.5
  },
  "summary": {
    "Dense-mass NUTS": {
      "distribution": "Paired Rosenbrock",
      "tau": 5.37909043869631,
      "tau_std": 0.4650213069805335,
      "ess": 278857.55353902245,
      "ess_by_coordinate": [
        359672.3762348731,
        292690.7601670278,
        365410.97541958484,
        294623.28558782465,
        358369.45597966923,
        314624.74422275834,
        347467.9471394606,
        301376.01748614875,
        373318.5020902745,
        306891.1000484916,
        353549.5381061181,
        297637.0484101465,
        375755.472890738,
        302414.1199026255,
        369305.5961367108,
        295992.7617016862,
        374312.4483780358,
        301541.5418817623,
        360659.81063178135,
        300512.0658406239,
        382817.6374112392,
        310852.5270499225,
        377606.07220820803,
        301241.2533286968,
        365078.2079807046,
        297064.6648953516,
        377736.4134704685,
        305171.7189549161,
        341666.9103302376,
        278857.55353902245,
        371847.1534146394,
        307010.7397287426
      ],
      "ess_valid_fraction": [
        1.0,
        1.0,
        1.0,
        1.0,
        1.0,
        1.0,
        1.0,
        1.0,
        1.0,
        1.0,
        1.0,
        1.0,
        1.0,
        1.0,
        1.0,
        1.0,
        1.0,
        1.0,
        1.0,
        1.0,
        1.0,
        1.0,
        1.0,
        1.0,
        1.0,
        1.0,
        1.0,
        1.0,
        1.0,
        1.0,
        1.0,
        1.0
      ],
      "n_evaluations": 376847763.3333333,
      "evaluation_type": "gradient",
      "ess_per_eval": 0.0007399740178167503,
      "time": 354.346289396286,
      "sigma": 1.5,
      "epsilon": 0.016492308080171866,
      "n_leapfrog": 251.2318422222222,
      "n_warmup": 2000,
      "target_accept": 0.8,
      "gamma": 0.05,
      "t0": 10,
      "kappa": 0.75,
      "mean_mse": 0.0006998045734469573,
      "cov_mse": 0.0010749989165754683,
      "acceptance_rate_mean": 0.892265059373834,
      "acceptance_rate_min": 0.8113264392350551,
      "acceptance_rate_max": 0.9553979174473515,
      "n_divergent": 1357,
      "actual_n_chains": 150,
      "diagnostic_draws_per_chain": 200,
      "sample_finite_fraction": 1.0,
      "finite_draw_fraction": 1.0,
      "sample_covariance_rank": 32,
      "sample_covariance_full_rank": true
    },
    "Hamiltonian Walk Move": {
      "distribution": "Paired Rosenbrock",
      "tau": 6.238548119668288,
      "tau_std": 0.8730680593221867,
      "ess": 480881.1188843589,
      "ess_by_coordinate": [
        712636.4854372285,
        506957.7043143858,
        737782.3875903571,
        516509.3186232709,
        703133.1949079002,
        480881.1188843589,
        739758.3001375601,
        509765.81269338913,
        724983.5389902035,
        506059.5618120585,
        734060.6790828088,
        532699.2796533277,
        746531.8559993819,
        526970.7980875082,
        719185.8765377477,
        502773.46080886875,
        721332.7074523699,
        517092.049479214,
        718845.758960403,
        507629.283912303,
        728554.5765250173,
        528740.7389954962,
        749809.7807376971,
        520896.95178593555,
        718950.7178581299,
        508412.1533615651,
        708744.7580596479,
        505878.80408864375,
        722520.5658932545,
        510692.91346951266,
        735251.9351526125,
        508779.0998075883
      ],
      "ess_valid_fraction": [
        1.0,
        1.0,
        1.0,
        1.0,
        1.0,
        1.0,
        0.9933333333333333,
        0.9933333333333333,
        1.0,
        1.0,
        0.9966666666666667,
        0.9966666666666667,
        0.9933333333333333,
        0.9933333333333333,
        0.9933333333333333,
        0.9966666666666667,
        0.9966666666666667,
        0.9966666666666667,
        0.9933333333333333,
        0.9933333333333333,
        0.9966666666666667,
        1.0,
        0.9933333333333333,
        0.9966666666666667,
        0.99,
        0.99,
        1.0,
        1.0,
        0.9966666666666667,
        0.9966666666666667,
        0.9966666666666667,
        0.9966666666666667
      ],
      "n_evaluations": 449578749.99999994,
      "evaluation_type": "gradient",
      "ess_per_eval": 0.0010696259974128204,
      "time": 176.0942509174347,
      "sigma": 1.5,
      "epsilon": 0.021359043746674578,
      "n_leapfrog": 148.85958333333332,
      "n_warmup": 2000,
      "target_accept": 0.651,
      "gamma": 0.05,
      "t0": 10,
      "kappa": 0.75,
      "mean_mse": 0.00030116536080218267,
      "cov_mse": 0.001937894966401567,
      "acceptance_rate_mean": 0.6438941666666667,
      "acceptance_rate_min": 0.6438941666666667,
      "acceptance_rate_max": 0.6438941666666667,
      "n_divergent": null,
      "actual_n_chains": 300,
      "diagnostic_draws_per_chain": 200,
      "sample_finite_fraction": 1.0,
      "finite_draw_fraction": 1.0,
      "sample_covariance_rank": 32,
      "sample_covariance_full_rank": true
    },
    "Stretch Move": {
      "distribution": "Paired Rosenbrock",
      "tau": 2667.9229747437244,
      "tau_std": 558.928961046493,
      "ess": 562.235122302992,
      "ess_by_coordinate": [
        766.0522066329789,
        1246.0300484155553,
        872.7525960717045,
        1250.1995562224643,
        844.5890740478916,
        1517.8860401057455,
        572.0640955982401,
        1457.5860402240364,
        562.235122302992,
        1361.6016399683797,
        704.5253731932203,
        1265.338763738156,
        596.6300946272727,
        1161.5835418540216,
        562.4887655665415,
        1821.4447035514986,
        644.5342702720259,
        873.9279491817432,
        622.8757277025493,
        1121.9292031341708,
        1033.5074688142624,
        1524.6041318949312,
        1090.514816837054,
        1389.8022144756894,
        758.051665325645,
        1664.053180409601,
        849.8188431509558,
        1354.8817333695902,
        710.8639126070439,
        1004.1616172807968,
        860.4542734816323,
        1147.3589032393152
      ],
      "ess_valid_fraction": [
        0.12666666666666668,
        0.2,
        0.13333333333333333,
        0.18666666666666668,
        0.12,
        0.20666666666666667,
        0.09333333333333334,
        0.22,
        0.08666666666666667,
        0.20666666666666667,
        0.11333333333333333,
        0.19333333333333333,
        0.08666666666666667,
        0.16666666666666666,
        0.08666666666666667,
        0.26,
        0.11333333333333333,
        0.13333333333333333,
        0.10666666666666667,
        0.18,
        0.14666666666666667,
        0.22,
        0.16666666666666666,
        0.2,
        0.13333333333333333,
        0.23333333333333334,
        0.14666666666666667,
        0.18,
        0.11333333333333333,
        0.16,
        0.12666666666666668,
        0.18666666666666668
      ],
      "n_evaluations": 1500000.0,
      "evaluation_type": "function",
      "ess_per_eval": 0.00037482341486866133,
      "time": 6.042367458343506,
      "sigma": 1.5,
      "epsilon": 0.0,
      "n_leapfrog": null,
      "n_warmup": null,
      "target_accept": null,
      "gamma": null,
      "t0": null,
      "kappa": null,
      "mean_mse": 4.183694283514327,
      "cov_mse": 0.9560980705817992,
      "acceptance_rate_mean": 0.16776611111111112,
      "acceptance_rate_min": 0.12233333333333334,
      "acceptance_rate_max": 0.20116666666666666,