{
  "dim": 4,
  "seed": 1,
  "condition_number": 50.0,
  "n_samples": 10000,
  "burn_in": 2000,
  "n_thin": 1,
  "n_chains": 150,
  "hwm_walkers_requested": 300,
  "jax_enable_x64": true,
  "af": false,
  "transform_affine": false,
  "summary": {
    "Dense-mass NUTS": {
      "distribution": "Gaussian",
      "tau": 1.0018246998185143,
      "tau_std": 0.0006924566353462573,
      "ess": 1497267.9354698807,
      "ess_by_coordinate": [
        1499289.492301779,
        1497267.9354698807,
        1498028.1626197584,
        1499913.3698219033
      ],
      "ess_valid_fraction": [
        1.0,
        1.0,
        1.0,
        1.0
      ],
      "n_evaluations": 7601941.666666666,
      "evaluation_type": "gradient",
      "ess_per_eval": 0.1969586194057721,
      "time": 29.21530318260193,
      "sigma": 0.0,
      "epsilon": 0.7809447991172014,
      "n_leapfrog": 5.067961111111111,
      "n_warmup": 2000,
      "target_accept": 0.8,
      "gamma": 0.05,
      "t0": 10,
      "kappa": 0.75,
      "mean_mse": 1.3061799766069008e-05,
      "cov_mse": 6.44687961428654e-06,
      "acceptance_rate_mean": 0.9035565034354963,
      "acceptance_rate_min": 0.8548230550438781,
      "acceptance_rate_max": 0.9403470174259481,
      "n_divergent": 0,
      "actual_n_chains": 150,
      "diagnostic_draws_per_chain": 200,
      "sample_finite_fraction": 1.0,
      "finite_draw_fraction": 1.0,
      "sample_covariance_rank": 4,
      "sample_covariance_full_rank": true
    },
    "Hamiltonian Walk Move": {
      "distribution": "Gaussian",
      "tau": 1.8491572540757626,
      "tau_std": 0.009225153716213243,
      "ess": 1622360.6691035298,
      "ess_by_coordinate": [
        1641390.441738375,
        1640911.0407181326,
        1622360.6691035298,
        1628242.9996217082
      ],
      "ess_valid_fraction": [
        1.0,
        1.0,
        1.0,
        1.0
      ],
      "n_evaluations": 17638500.0,
      "evaluation_type": "gradient",
      "ess_per_eval": 0.0919783807638705,
      "time": 21.45286464691162,
      "sigma": 0.0,
      "epsilon": 1.397388147493347,
      "n_leapfrog": 4.8795,
      "n_warmup": 2000,
      "target_accept": 0.651,
      "gamma": 0.05,
      "t0": 10,
      "kappa": 0.75,
      "mean_mse": 4.834827855655179e-06,
      "cov_mse": 2.587393709974552e-06,
      "acceptance_rate_mean": 0.6563625000000001,
      "acceptance_rate_min": 0.6563625,
      "acceptance_rate_max": 0.6563625,
      "n_divergent": null,
      "actual_n_chains": 300,
      "diagnostic_draws_per_chain": 200,
      "sample_finite_fraction": 1.0,
      "finite_draw_fraction": 1.0,
      "sample_covariance_rank": 4,
      "sample_covariance_full_rank": true
    },
    "Stretch Move": {
      "distribution": "Gaussian",
      "tau": 41.332820206673205,
      "tau_std": 1.1049041990789266,
      "ess": 36290.773107174144,
      "ess_by_coordinate": [
        39186.27295336703,
        36290.773107174144,
        37924.05299534763,
        37307.0162076424
      ],
      "ess_valid_fraction": [
        1.0,
        1.0,
        1.0,
        1.0
      ],
      "n_evaluations": 1500000.0,
      "evaluation_type": "function",
      "ess_per_eval": 0.024193848738116096,
      "time": 1.4030687808990479,
      "sigma": 0.0,
      "epsilon": 0.0,
      "n_leapfrog": null,
      "n_warmup": null,
      "target_accept": null,
      "gamma": null,
      "t0": null,
      "kappa": null,
      "mean_mse": 0.0001336475947922595,
      "cov_mse": 7.523807660775578e-05,
      "acceptance_rate_mean": 0.5766955555555555,
      "acceptance_rate_min": 0.5599166666666666,
      "acceptance_rate_max": 0.5903333333333334,
      "n_divergent": null,
      "actual_n_chains": 150,
      "diagnostic_draws_per_chain": 200,
      "sample_finite_fraction": 1.0,
      "finite_draw_fraction": 1.0,
      "sample_covariance_rank": 4,
      "sample_covariance_full_rank": true
    },
    "HMC": {
      "distribution": "Gaussian",
      "tau": 1.8298181131785682,
      "tau_std": 0.012299198900944391,
      "ess": 819753.60785688,
      "ess_by_coordinate": [
        827572.5925451077,
        835513.7959339663,
        819753.60785688,
        829184.2843157402
      ],
      "ess_valid_fraction": [
        1.0,
        1.0,
        1.0,
        1.0
      ],
      "n_evaluations": 3121749.9999999995,
      "evaluation_type": "gradient",
      "ess_per_eval": 0.26259425253683993,
      "time": 11.522556066513062,
      "sigma": 0.0,
      "epsilon": 4.059397894742194,
      "n_leapfrog": 1.0811666666666666,
      "n_warmup": 2000,
      "target_accept": 0.651,
      "gamma": 0.05,
      "t0": 10,
      "kappa": 0.75,
      "mean_mse": 4.6079291970568294e-06,
      "cov_mse": 6.143522299241001e-06,
      "acceptance_rate_mean": 0.6435866666666665,
      "acceptance_rate_min": 0.6435866666666666,
      "acceptance_rate_max": 0.6435866666666666,
      "n_divergent": null,
      "actual_n_chains": 150,
      "diagnostic_draws_per_chain": 200,
      "sample_finite_fraction": 1.0,
      "finite_draw_fraction": 1.0,
      "sample_covariance_rank": 4,
      "sample_covariance_full_rank": true
    }
  }
}