{
  "dim": 4,
  "seed": 0,
  "condition_number": 50.0,
  "n_samples": 10000,
  "burn_in": 2000,
  "n_thin": 1,
  "n_chains": 150,
  "hwm_walkers_requested": 300,
  "jax_enable_x64": true,
  "af": false,
  "transform_affine": false,
  "summary": {
    "Dense-mass NUTS": {
      "distribution": "Gaussian",
      "tau": 1.0041622924807387,
      "tau_std": 0.0013077750810591969,
      "ess": 1493782.4405797157,
      "ess_by_coordinate": [
        1493782.4405797157,
        1498974.0451249948,
        1497918.5158569352,
        1496397.8728627996
      ],
      "ess_valid_fraction": [
        1.0,
        1.0,
        1.0,
        1.0
      ],
      "n_evaluations": 7526835.000000001,
      "evaluation_type": "gradient",
      "ess_per_eval": 0.1984608989807423,
      "time": 32.69151496887207,
      "sigma": 0.0,
      "epsilon": 0.773988814385495,
      "n_leapfrog": 5.01789,
      "n_warmup": 2000,
      "target_accept": 0.8,
      "gamma": 0.05,
      "t0": 10,
      "kappa": 0.75,
      "mean_mse": 6.186355741186308e-06,
      "cov_mse": 3.0131956440928235e-06,
      "acceptance_rate_mean": 0.9008515131103225,
      "acceptance_rate_min": 0.8512342786277352,
      "acceptance_rate_max": 0.9387445591669181,
      "n_divergent": 0,
      "actual_n_chains": 150,
      "diagnostic_draws_per_chain": 200,
      "sample_finite_fraction": 1.0,
      "finite_draw_fraction": 1.0,
      "sample_covariance_rank": 4,
      "sample_covariance_full_rank": true
    },
    "Hamiltonian Walk Move": {
      "distribution": "Gaussian",
      "tau": 1.433260481728804,
      "tau_std": 0.007968893943394477,
      "ess": 2093129.6426881102,
      "ess_by_coordinate": [
        2124128.046803087,
        2110175.2823693026,
        2093129.6426881102,
        2119162.691442521
      ],
      "ess_valid_fraction": [
        1.0,
        1.0,
        1.0,
        1.0
      ],
      "n_evaluations": 6503750.0,
      "evaluation_type": "gradient",
      "ess_per_eval": 0.3218342714108184,
      "time": 18.290868282318115,
      "sigma": 0.0,
      "epsilon": 1.2917716289074648,
      "n_leapfrog": 1.1679166666666667,
      "n_warmup": 2000,
      "target_accept": 0.651,
      "gamma": 0.05,
      "t0": 10,
      "kappa": 0.75,
      "mean_mse": 3.952774607002623e-06,
      "cov_mse": 2.813613368858655e-06,
      "acceptance_rate_mean": 0.6535147222222221,
      "acceptance_rate_min": 0.6535147222222222,
      "acceptance_rate_max": 0.6535147222222222,
      "n_divergent": null,
      "actual_n_chains": 300,
      "diagnostic_draws_per_chain": 200,
      "sample_finite_fraction": 1.0,
      "finite_draw_fraction": 1.0,
      "sample_covariance_rank": 4,
      "sample_covariance_full_rank": true
    },
    "Stretch Move": {
      "distribution": "Gaussian",
      "tau": 41.90176202869773,
      "tau_std": 1.2343648029314762,
      "ess": 35798.01725217851,
      "ess_by_coordinate": [
        35798.01725217851,
        37712.28954886562,
        38985.08993101675,
        37819.14071701691
      ],
      "ess_valid_fraction": [
        1.0,
        1.0,
        1.0,
        1.0
      ],
      "n_evaluations": 1500000.0,
      "evaluation_type": "function",
      "ess_per_eval": 0.023865344834785675,
      "time": 1.4765706062316895,
      "sigma": 0.0,
      "epsilon": 0.0,
      "n_leapfrog": null,
      "n_warmup": null,
      "target_accept": null,
      "gamma": null,
      "t0": null,
      "kappa": null,
      "mean_mse": 0.0003811808417208054,
      "cov_mse": 7.631872472069551e-05,
      "acceptance_rate_mean": 0.5766833333333333,
      "acceptance_rate_min": 0.5635,
      "acceptance_rate_max": 0.58825,
      "n_divergent": null,
      "actual_n_chains": 150,
      "diagnostic_draws_per_chain": 200,
      "sample_finite_fraction": 1.0,
      "finite_draw_fraction": 1.0,
      "sample_covariance_rank": 4,
      "sample_covariance_full_rank": true
    },
    "HMC": {
      "distribution": "Gaussian",
      "tau": 1.714981233031828,
      "tau_std": 0.006782442365217108,
      "ess": 874645.1396137009,
      "ess_by_coordinate": [
        877161.9101577385,
        877018.977613491,
        874645.1396137009,
        884019.7181143247
      ],
      "ess_valid_fraction": [
        1.0,
        1.0,
        1.0,
        1.0
      ],
      "n_evaluations": 3142750.0,
      "evaluation_type": "gradient",
      "ess_per_eval": 0.2783056684794212,
      "time": 11.245026588439941,
      "sigma": 0.0,
      "epsilon": 4.059468436607961,
      "n_leapfrog": 1.0951666666666666,
      "n_warmup": 2000,
      "target_accept": 0.651,
      "gamma": 0.05,
      "t0": 10,
      "kappa": 0.75,
      "mean_mse": 5.316623672198077e-06,
      "cov_mse": 6.561627530166912e-06,
      "acceptance_rate_mean": 0.6471866666666666,
      "acceptance_rate_min": 0.6471866666666666,
      "acceptance_rate_max": 0.6471866666666666,
      "n_divergent": null,
      "actual_n_chains": 150,
      "diagnostic_draws_per_chain": 200,
      "sample_finite_fraction": 1.0,
      "finite_draw_fraction": 1.0,
      "sample_covariance_rank": 4,
      "sample_covariance_full_rank": true
    }
  }
}