{
  "dim": 8,
  "seed": 3,
  "condition_number": 50,
  "n_samples": 10000,
  "burn_in": 2000,
  "n_thin": 1,
  "n_chains": 150,
  "hwm_walkers_requested": 300,
  "jax_enable_x64": true,
  "af": false,
  "initialization_mode": "agnostic",
  "initialization_description": "independent N(0, 2^2) coordinates in the intrinsic Rosenbrock frame",
  "transform_affine": false,
  "overlay_rosenbrock": {
    "a": 1.0,
    "b": 100.0,
    "sigma": 1.5
  },
  "summary": {
    "Dense-mass NUTS": {
      "distribution": "Paired Rosenbrock",
      "tau": 7.418786977355078,
      "tau_std": 0.6400715895088717,
      "ess": 202189.3881814592,
      "ess_by_coordinate": [
        251249.66988713836,
        202189.3881814592,
        255643.5621209124,
        213477.11372125754,
        246946.63396267424,
        207405.4318522396,
        251568.8509116723,
        207183.45456905066
      ],
      "ess_valid_fraction": [
        1.0,
        1.0,
        0.9933333333333333,
        0.9933333333333333,
        0.9933333333333333,
        1.0,
        0.9933333333333333,
        0.9933333333333333
      ],
      "n_evaluations": 197406600.0,
      "evaluation_type": "gradient",
      "ess_per_eval": 0.0010242281067677533,
      "time": 334.0074465274811,
      "sigma": 1.5,
      "epsilon": 0.03519705298436701,
      "n_leapfrog": 131.6044,
      "n_warmup": 2000,
      "target_accept": 0.8,
      "gamma": 0.05,
      "t0": 10,
      "kappa": 0.75,
      "mean_mse": 0.0003800419566318305,
      "cov_mse": 0.002522836252956316,
      "acceptance_rate_mean": 0.8813755042304884,
      "acceptance_rate_min": 0.6362766080872704,
      "acceptance_rate_max": 0.9668261904651152,
      "n_divergent": 11638,
      "actual_n_chains": 150,
      "diagnostic_draws_per_chain": 200,
      "sample_finite_fraction": 1.0,
      "finite_draw_fraction": 1.0,
      "sample_covariance_rank": 8,
      "sample_covariance_full_rank": true
    },
    "Hamiltonian Walk Move": {
      "distribution": "Paired Rosenbrock",
      "tau": 18.143471448852154,
      "tau_std": 0.8747051288763228,
      "ess": 165348.73210219067,
      "ess_by_coordinate": [
        170529.7418237145,
        182202.1996669671,
        192640.48264450696,
        195025.08280864003,
        175697.35306287179,
        181579.78046212328,
        181105.2104297899,
        165348.73210219067
      ],
      "ess_valid_fraction": [
        0.93,
        0.92,
        0.92,
        0.9166666666666666,
        0.92,
        0.9233333333333333,
        0.9233333333333333,
        0.92
      ],
      "n_evaluations": 159803750.0,
      "evaluation_type": "gradient",
      "ess_per_eval": 0.0010346986982607772,
      "time": 82.20901799201965,
      "sigma": 1.5,
      "epsilon": 0.031178351152914834,
      "n_leapfrog": 52.267916666666665,
      "n_warmup": 2000,
      "target_accept": 0.651,
      "gamma": 0.05,
      "t0": 10,
      "kappa": 0.75,
      "mean_mse": 0.007941597933408682,
      "cov_mse": 0.02358077410091136,
      "acceptance_rate_mean": 0.6061544444444443,
      "acceptance_rate_min": 0.6061544444444444,
      "acceptance_rate_max": 0.6061544444444444,
      "n_divergent": null,
      "actual_n_chains": 300,
      "diagnostic_draws_per_chain": 200,
      "sample_finite_fraction": 1.0,
      "finite_draw_fraction": 1.0,
      "sample_covariance_rank": 8,
      "sample_covariance_full_rank": true
    },
    "Stretch Move": {
      "distribution": "Paired Rosenbrock",
      "tau": 1708.7623672407638,
      "tau_std": 331.5249824361316,
      "ess": 877.8283211036158,
      "ess_by_coordinate": [
        877.8283211036158,
        1427.673671707948,
        982.0960654342074,
        1611.8023208519899,
        881.7882895370733,
        1715.5508567916431,
        1138.7750070101658,
        1609.8350532733111
      ],
      "ess_valid_fraction": [
        0.15333333333333332,
        0.22,
        0.17333333333333334,
        0.24666666666666667,
        0.14,
        0.2733333333333333,
        0.19333333333333333,
        0.24666666666666667
      ],
      "n_evaluations": 1500000.0,
      "evaluation_type": "function",
      "ess_per_eval": 0.0005852188807357439,
      "time": 5.006820201873779,
      "sigma": 1.5,
      "epsilon": 0.0,
      "n_leapfrog": null,
      "n_warmup": null,
      "target_accept": null,
      "gamma": null,
      "t0": null,
      "kappa": null,
      "mean_mse": 1.4645536431888773,
      "cov_mse": 0.6442433575862252,
      "acceptance_rate_mean": 0.11770833333333333,
      "acceptance_rate_min": 0.0705,
      "acceptance_rate_max": 0.159,
      "n_divergent": null,
      "actual_n_chains": 150,
      "diagnostic_draws_per_chain": 200,
      "sample_finite_fraction": 1.0,
      "finite_draw_fraction": 1.0,
      "sample_covariance_rank": 8,
      "sample_covariance_full_rank": true
    },
    "HMC": {
      "distribution": "Paired Rosenbrock",
      "tau": 127.9318879482812,
      "tau_std": 4.744791368936216,
      "ess": 11724.98916459673,
      "ess_by_coordinate": [
        12482.806443187217,
        11809.418108949287,
        12710.242374292618,
        13179.000040510091,
        12553.781140694595,
        12077.203476208544,
        11833.749475276461,
        11724.98916459673
      ],
      "ess_valid_fraction": [
        0.8466666666666667,
        0.8066666666666666,
        0.8666666666666667,
        0.8466666666666667,
        0.8933333333333333,
        0.82,
        0.8266666666666667,
        0.8266666666666667
      ],
      "n_evaluations": 20404750.0,
      "evaluation_type": "gradient",
      "ess_per_eval": 0.0005746205743563008,
      "time": 21.45253825187683,
      "sigma": 1.5,
      "epsilon": 0.051126545902128166,
      "n_leapfrog": 12.603166666666667,
      "n_warmup": 2000,
      "target_accept": 0.651,
      "gamma": 0.05,
      "t0": 10,
      "kappa": 0.75,
      "mean_mse": 0.48026714655522706,
      "cov_mse": 0.4282222855663229,
      "acceptance_rate_mean": 0.6306744444444444,
      "acceptance_rate_min": 0.6306744444444444,
      "acceptance_rate_max": 0.6306744444444444,
      "n_divergent": null,
      "actual_n_chains": 150,
      "diagnostic_draws_per_chain": 200,
      "sample_finite_fraction": 1.0,
      "finite_draw_fraction": 1.0,
      "sample_covariance_rank": 8,
      "sample_covariance_full_rank": true
    }
  }
}