{
  "dim": 8,
  "seed": 3,
  "condition_number": 50,
  "n_samples": 10000,
  "burn_in": 1000,
  "n_thin": 1,
  "n_chains": 16,
  "af": false,
  "initialization_mode": "agnostic",
  "initialization_description": "independent N(0, 2^2) coordinates in the intrinsic Rosenbrock frame",
  "transform_affine": false,
  "overlay_rosenbrock": {
    "a": 1.0,
    "b": 100.0,
    "sigma": 0.7
  },
  "summary": {
    "Dense-mass NUTS": {
      "distribution": "Paired Rosenbrock",
      "tau": 8.92878200889084,
      "tau_std": 0.3502940059624611,
      "ess": 17919.57736684353,
      "ess_by_coordinate": [
        18254.730325273074,
        17919.57736684353,
        18851.901527282036,
        18838.96947037051,
        19732.04375628566,
        18836.85214907094,
        20727.997372386748,
        19047.1880069197
      ],
      "ess_valid_fraction": [
        0.75,
        0.75,
        0.75,
        0.75,
        0.75,
        0.75,
        0.75,
        0.75
      ],
      "n_evaluations": 19621450.90909091,
      "evaluation_type": "gradient",
      "ess_per_eval": 0.0009132646433674853,
      "time": 231.22865629196167,
      "sigma": 0.7,
      "epsilon": 0.04378136992454529,
      "n_leapfrog": 122.63406818181818,
      "n_warmup": 1000,
      "target_accept": 0.8,
      "gamma": 0.05,
      "t0": 10,
      "kappa": 0.75
    },
    "Hamiltonian Walk Move": {
      "distribution": "Paired Rosenbrock",
      "tau": 295.9437982531583,
      "tau_std": 39.37225473541651,
      "ess": 540.643192877898,
      "ess_by_coordinate": [
        540.643192877898,
        702.422265819673,
        884.7693648448324,
        926.4617111433294,
        753.1441327291409,
        927.123078194632,
        815.7104908696793,
        905.6303919808581
      ],
      "ess_valid_fraction": [
        0.625,
        0.75,
        0.8125,
        0.8125,
        0.8125,
        0.8125,
        0.8125,
        0.8125
      ],
      "n_evaluations": 1440000.0,
      "evaluation_type": "gradient",
      "ess_per_eval": 0.0003754466617207625,
      "time": 20.40164852142334,
      "sigma": 0.7,
      "epsilon": 0.059175290167331696,
      "n_leapfrog": 8,
      "n_warmup": 1000,
      "target_accept": 0.651,
      "gamma": 0.05,
      "t0": 10,
      "kappa": 0.75
    },
    "Stretch Move": {
      "distribution": "Paired Rosenbrock",
      "tau": 2567.954625903668,
      "tau_std": 584.9075417098709,
      "ess": 62.30639684441298,
      "ess_by_coordinate": [
        79.0112826491976,
        143.18228694528943,
        78.54929864409688,
        70.34386524574006,
        145.6429813302064,
        72.8484311396655,
        62.30639684441298,
        166.30542532797685
      ],
      "ess_valid_fraction": [
        0.125,
        0.1875,
        0.125,
        0.125,
        0.125,
        0.0625,
        0.0625,
        0.25
      ],
      "n_evaluations": 160000.0,
      "evaluation_type": "function",
      "ess_per_eval": 0.00038941498027758115,
      "time": 0.9075572490692139,
      "sigma": 0.7,
      "epsilon": 0.0,
      "n_leapfrog": null,
      "n_warmup": null,
      "target_accept": null,
      "gamma": null,
      "t0": null,
      "kappa": null
    },
    "HMC": {
      "distribution": "Paired Rosenbrock",
      "tau": 88.36333806206898,
      "tau_std": 9.170657657341193,
      "ess": 1810.7057011315185,
      "ess_by_coordinate": [
        2685.9834779696957,
        2221.3492776725807,
        2112.198848486347,
        1810.7057011315185,
        2591.5769932269886,
        2143.9139926628986,
        2262.3116591415715,
        1912.1436559619656
      ],
      "ess_valid_fraction": [
        1.0,
        1.0,
        1.0,
        1.0,
        1.0,
        1.0,
        0.9375,
        0.9375
      ],
      "n_evaluations": 3520000.0,
      "evaluation_type": "gradient",
      "ess_per_eval": 0.0005144050287305451,
      "time": 14.188181161880493,
      "sigma": 0.7,
      "epsilon": 0.01923513598740101,
      "n_leapfrog": 21,
      "n_warmup": 1000,
      "target_accept": 0.651,
      "gamma": 0.05,
      "t0": 10,
      "kappa": 0.75
    }
  }
}