{
  "dim": 64,
  "seed": 0,
  "condition_number": 50,
  "n_samples": 10000,
  "burn_in": 2000,
  "n_thin": 1,
  "n_chains": 150,
  "hwm_walkers_requested": 300,
  "jax_enable_x64": true,
  "af": false,
  "initialization_mode": "agnostic",
  "initialization_description": "independent N(0, 2^2) coordinates in the intrinsic Rosenbrock frame",
  "transform_affine": false,
  "overlay_rosenbrock": {
    "a": 1.0,
    "b": 100.0,
    "sigma": 1.5
  },
  "summary": {
    "Dense-mass NUTS": {
      "distribution": "Paired Rosenbrock",
      "tau": 16.75688334722589,
      "tau_std": 0.6972350832869446,
      "ess": 89515.45277948871,
      "ess_by_coordinate": [
        101313.72779773358,
        100493.78387361369,
        106463.51667047033,
        101647.60098667684,
        98456.69742182427,
        102633.39545445642,
        97290.7174521814,
        92060.38250590663,
        97535.44441826141,
        98182.52716978898,
        109956.93625847166,
        108792.33257931424,
        99870.4264628459,
        90358.01069306911,
        105282.97739373245,
        105671.13589340003,
        104451.06643212194,
        97251.44998315154,
        103257.06818871589,
        100069.11697149754,
        102778.02053730577,
        102077.15124092536,
        95671.05103103735,
        95134.38921893609,
        101449.16379460756,
        94714.73982104844,
        95652.52684263521,
        92188.61536757927,
        103499.17052539601,
        97888.70543110634,
        104976.41384421982,
        102934.10108509356,
        102767.63862580441,
        100464.7908657727,
        98314.6397115658,
        95545.46547111758,
        104894.38354777229,
        99897.08130549925,
        96802.99691324346,
        94446.28178659172,
        99709.30456316838,
        102210.93368839778,
        102858.13405854498,
        100480.800425753,
        96153.6526068394,
        101115.60480303326,
        102598.70598370512,
        108268.98920849117,
        104522.2184971973,
        99961.09880177464,
        100361.80940143972,
        100149.71221350133,
        103635.9092838585,
        97217.16884172708,
        103505.01427932423,
        101040.83269922095,
        93832.50115982129,
        89515.45277948871,
        104281.90412476666,
        106311.84506541232,
        101443.31764237184,
        96240.95649474296,
        92934.57208462254,
        90617.58822202467
      ],
      "ess_valid_fraction": [
        1.0,
        1.0,
        1.0,
        1.0,
        0.9933333333333333,
        1.0,
        1.0,
        1.0,
        1.0,
        1.0,
        1.0,
        1.0,
        1.0,
        1.0,
        1.0,
        1.0,
        1.0,
        1.0,
        1.0,
        1.0,
        1.0,
        1.0,
        1.0,
        1.0,
        1.0,
        1.0,
        1.0,
        1.0,
        0.9933333333333333,
        1.0,
        1.0,
        1.0,
        0.9933333333333333,
        1.0,
        0.9933333333333333,
        1.0,
        1.0,
        1.0,
        0.9933333333333333,
        1.0,
        0.9933333333333333,
        0.9933333333333333,
        1.0,
        1.0,
        1.0,
        1.0,
        1.0,
        1.0,
        0.9933333333333333,
        1.0,
        1.0,
        1.0,
        1.0,
        1.0,
        1.0,
        1.0,
        0.9933333333333333,
        0.9933333333333333,
        0.9933333333333333,
        1.0,
        1.0,
        1.0,
        0.9933333333333333,
        1.0
      ],
      "n_evaluations": 381728458.3333334,
      "evaluation_type": "gradient",
      "ess_per_eval": 0.0002345003387232972,
      "time": 380.6636826992035,
      "sigma": 1.5,
      "epsilon": 0.009052610641954912,
      "n_leapfrog": 254.4856388888889,
      "n_warmup": 2000,
      "target_accept": 0.8,
      "gamma": 0.05,
      "t0": 10,
      "kappa": 0.75,
      "mean_mse": 0.0004025306469504921,
      "cov_mse": 0.0015095364228836106,
      "acceptance_rate_mean": 0.8918226698866079,
      "acceptance_rate_min": 0.6609426311636364,
      "acceptance_rate_max": 0.9555094087755259,
      "n_divergent": 4016,
      "actual_n_chains": 150,
      "diagnostic_draws_per_chain": 200,
      "sample_finite_fraction": 1.0,
      "finite_draw_fraction": 1.0,
      "sample_covariance_rank": 64,
      "sample_covariance_full_rank": true
    },
    "Hamiltonian Walk Move": {
      "distribution": "Paired Rosenbrock",
      "tau": 3.6970938602542147,
      "tau_std": 0.6892234048319382,
      "ess": 811448.1572273953,
      "ess_by_coordinate": [
        1344378.5078004417,
        836524.3982660734,
        1342956.7528943378,
        833780.3263217909,
        1336220.6512632486,
        824559.6284177038,
        1350229.3559428407,
        841377.3016948006,
        1344616.0315773082,
        840057.5037929188,
        1344345.8972598482,
        836742.8376628582,
        1362006.1264237445,
        835678.8786654728,
        1349880.205006572,
        823105.0725182557,
        1352856.903413308,
        839305.4082191591,
        1376880.738878903,
        856440.9217140025,
        1348510.9272315926,
        858531.5104604403,
        1337449.3841158557,
        820179.5079918285,
        1368760.925870351,
        843072.30412813,
        1338750.4472031055,
        819303.5640901511,
        1363152.3665351693,
        838895.229680563,
        1345797.5630949526,
        813492.1940305599,
        1332534.8272746243,
        815551.9756905014,
        1360309.5711994274,
        856307.4930659097,
        1358388.7792210863,
        828726.920618292,
        1333410.4070167844,
        836753.5347264874,
        1378697.3211468323,
        852850.7602555887,
        1335011.778494201,
        815141.100827209,
        1316491.702010585,
        827464.9698531241,
        1359492.0510153198,
        845419.6991755161,
        1323516.6936309785,
        811448.1572273953,
        1345841.5414295313,
        833418.2067749931,
        1347023.6051576189,
        833764.1964625327,
        1358085.0394954088,
        826281.8883558504,
        1351224.182566317,
        827693.8842033258,
        1352815.955995129,
        836101.6013279547,
        1335853.3221606284,
        818716.2316764228,
        1365903.2084016416,
        843264.261611392
      ],
      "ess_valid_fraction": [
        1.0,
        1.0,
        1.0,
        1.0,
        1.0,
        1.0,
        1.0,
        1.0,
        1.0,
        1.0,
        1.0,
        1.0,
        1.0,
        1.0,
        1.0,
        1.0,
        1.0,
        1.0,
        1.0,
        1.0,
        1.0,
        1.0,
        1.0,
        0.9966666666666667,
        1.0,
        1.0,
        1.0,
        1.0,
        1.0,
        1.0,
        1.0,
        1.0,
        1.0,
        1.0,
        1.0,
        1.0,
        1.0,
        1.0,
        1.0,
        1.0,
        1.0,
        1.0,
        1.0,
        1.0,
        1.0,
        1.0,
        1.0,
        1.0,
        0.9966666666666667,
        0.9966666666666667,
        1.0,
        1.0,
        1.0,
        1.0,
        1.0,
        1.0,
        1.0,
        1.0,
        1.0,
        1.0,
        1.0,
        1.0,
        1.0,
        1.0
      ],
      "n_evaluations": 920252999.9999999,
      "evaluation_type": "gradient",
      "ess_per_eval": 0.0008817663807967977,
      "time": 359.82346844673157,
      "sigma": 1.5,
      "epsilon": 0.018342881984438925,
      "n_leapfrog": 305.751,
      "n_warmup": 2000,
      "target_accept": 0.651,
      "gamma": 0.05,
      "t0": 10,
      "kappa": 0.75,
      "mean_mse": 0.00016761064011965414,
      "cov_mse": 0.0007873512176339518,
      "acceptance_rate_mean": 0.6471188888888887,
      "acceptance_rate_min": 0.6471188888888888,
      "acceptance_rate_max": 0.6471188888888888,
      "n_divergent": null,
      "actual_n_chains": 300,
      "diagnostic_draws_per_chain": 200,
      "sample_finite_fraction": 1.0,
      "finite_draw_fraction": 1.0,
      "sample_covariance_rank": 64,