{
  "dim": 64,
  "seed": 0,
  "condition_number": 50,
  "n_samples": 10000,
  "burn_in": 1000,
  "n_thin": 1,
  "n_chains": 16,
  "af": false,
  "initialization_mode": "agnostic",
  "initialization_description": "independent N(0, 2^2) coordinates in the intrinsic Rosenbrock frame",
  "transform_affine": false,
  "overlay_rosenbrock": {
    "a": 1.0,
    "b": 100.0,
    "sigma": 0.7
  },
  "summary": {
    "Dense-mass NUTS": {
      "distribution": "Paired Rosenbrock",
      "tau": 14.857893686584251,
      "tau_std": 1.5432471262259617,
      "ess": 10768.686556457864,
      "ess_by_coordinate": [
        19554.687035409937,
        17830.136714293665,
        17198.300714102268,
        19075.448829552388,
        12476.055533335642,
        13154.151048893249,
        19366.57165415317,
        17435.713152344255,
        16600.393149418564,
        15351.827261686229,
        19235.126540929457,
        19674.016513734856,
        17301.540733574886,
        16098.802769403057,
        20027.867057891308,
        19775.211099021664,
        16048.085458702262,
        14495.47899718412,
        18459.975147930643,
        17665.966878360447,
        21810.32820929725,
        19220.856703191144,
        21768.347282706156,
        17432.835843336936,
        16618.689957539893,
        13238.68237437216,
        21312.288767908318,
        19407.107421610955,
        17159.153039396482,
        15500.570691570154,
        19598.92400724086,
        20324.31370523815,
        16830.688787046798,
        15223.5759252211,
        18504.371731242867,
        15820.830917666746,
        18110.925072289418,
        16351.405366150408,
        16349.790047916516,
        15647.49576400965,
        17386.398691185565,
        16760.62496417125,
        17877.396866963027,
        17112.516629601774,
        16392.821656766188,
        14798.982090269912,
        17308.254832942206,
        16687.26036587157,
        15514.947651013481,
        14368.07562899614,
        23932.671109142113,
        22519.282675474133,
        16567.115244254273,
        15699.794697445028,
        11712.101961197128,
        10768.686556457864,
        14790.167366068981,
        12623.046032460685,
        16916.804607873844,
        14201.149837339282,
        15796.66468847023,
        13607.745399510324,
        16047.869040964237,
        15611.560936573618
      ],
      "ess_valid_fraction": [
        0.75,
        0.75,
        0.75,
        0.75,
        0.8125,
        0.8125,
        0.8125,
        0.75,
        0.75,
        0.8125,
        0.8125,
        0.75,
        0.8125,
        0.75,
        0.8125,
        0.75,
        0.75,
        0.75,
        0.75,
        0.75,
        0.75,
        0.75,
        0.75,
        0.75,
        0.875,
        0.75,
        0.75,
        0.75,
        0.75,
        0.75,
        0.75,
        0.75,
        0.75,
        0.8125,
        0.8125,
        0.8125,
        0.75,
        0.8125,
        0.75,
        0.875,
        0.75,
        0.75,
        0.75,
        0.75,
        0.75,
        0.75,
        0.8125,
        0.75,
        0.8125,
        0.75,
        0.75,
        0.75,
        0.75,
        0.8125,
        0.75,
        0.75,
        0.75,
        0.75,
        0.75,
        0.75,
        0.75,
        0.75,
        0.75,
        0.8125
      ],
      "n_evaluations": 40784176.36363637,
      "evaluation_type": "gradient",
      "ess_per_eval": 0.00026404080005056437,
      "time": 264.8222119808197,
      "sigma": 0.7,
      "epsilon": 0.020202893763780594,
      "n_leapfrog": 254.9011022727273,
      "n_warmup": 1000,
      "target_accept": 0.8,
      "gamma": 0.05,
      "t0": 10,
      "kappa": 0.75
    },
    "Hamiltonian Walk Move": {
      "distribution": "Paired Rosenbrock",
      "tau": NaN,
      "tau_std": 77.39773927236813,
      "ess": 0.0,
      "ess_by_coordinate": [
        23437.424265817106,
        5601.256519084045,
        603.5779729042354,
        19701.229179311624,
        10933.661968050397,
        2865.651191657492,
        15201.50762276915,
        3818.8001933876753,
        0.0,
        15628.248199276417,
        13505.76784326114,
        19380.482255597482,
        14869.615613422131,
        13134.86195601819,
        11469.72057147945,
        2859.593270163424,
        2809.3005127154865,
        2337.28401136482,
        1625.9191314866962,
        0.0,
        5666.651313615546,
        22836.887938912376,
        15151.19424370911,
        23525.405025593067,
        24020.848295770396,
        15376.968583164678,
        10529.57230838076,
        0.0,
        5338.056467373497,
        920.6800263874027,
        18125.872102727975,
        2843.9209140275443,
        20304.962438470375,
        0.0,
        365.9264740660259,
        10864.039781530842,
        8436.262940635828,
        640.0880679500565,
        15258.717928196269,
        21730.826117857025,
        9133.217372365172,
        8703.12318912031,
        1468.3984793663508,
        4754.139778518188,
        18846.934147780237,
        9258.63949824721,
        19088.7051680976,
        14332.389159995335,
        22921.396904382567,
        10845.279308591755,
        9287.34964825069,
        6899.667374918146,
        8734.04160412719,
        16609.313974562356,
        4661.233269975238,
        2763.599011592224,
        717.7281553217276,
        16523.88924527383,
        14805.998510324174,
        4786.150858133153,
        18863.828481856646,
        8301.211599264927,
        978.4552860614572,
        15472.572538230135
      ],
      "ess_valid_fraction": [
        1.0,
        1.0,
        0.8125,
        1.0,
        1.0,
        1.0,
        1.0,
        0.9375,
        0.0,
        1.0,
        1.0,
        1.0,
        1.0,
        1.0,
        1.0,
        1.0,
        1.0,
        1.0,
        1.0,
        0.0,
        1.0,
        1.0,
        1.0,
        1.0,
        1.0,
        1.0,
        1.0,
        0.0,
        1.0,
        1.0,
        1.0,
        1.0,
        1.0,
        0.0,
        0.625,
        1.0,
        1.0,
        0.875,
        1.0,
        1.0,
        1.0,
        1.0,
        1.0,
        1.0,
        1.0,
        1.0,
        1.0,
        1.0,
        1.0,
        1.0,
        1.0,
        1.0,
        1.0,
        1.0,
        1.0,
        1.0,
        0.9375,
        1.0,
        1.0,
        1.0,
        1.0,
        1.0,
        0.9375,
        1.0
      ],
      "n_evaluations": 1600000.0,
      "evaluation_type": "gradient",
      "ess_per_eval": 0.0,
      "time": 22.783207654953003,
      "sigma": 0.7,
      "epsilon": 0.5882920026779175,
      "n_leapfrog": 9,
      "n_warmup": 1000,
      "target_accept": 0.651,
      "gamma": 0.05,
      "t0": 10,
      "kappa": 0.75
    },
    "Stretch Move": {
      "distribution": "Paired Rosenbrock",
      "tau": NaN,
      "tau_std": 644.1457787649405,
      "ess": 0.0,