{
  "dim": 64,
  "seed": 4,
  "condition_number": 50,
  "n_samples": 10000,
  "burn_in": 2000,
  "n_thin": 1,
  "n_chains": 150,
  "hwm_walkers_requested": 300,
  "jax_enable_x64": true,
  "af": false,
  "initialization_mode": "agnostic",
  "initialization_description": "independent N(0, 2^2) coordinates in the intrinsic Rosenbrock frame",
  "transform_affine": false,
  "overlay_rosenbrock": {
    "a": 1.0,
    "b": 100.0,
    "sigma": 1.5
  },
  "summary": {
    "Dense-mass NUTS": {
      "distribution": "Paired Rosenbrock",
      "tau": 15.56806572482516,
      "tau_std": 0.6610155087818163,
      "ess": 96351.08346235132,
      "ess_by_coordinate": [
        114273.15841050976,
        114057.60570232058,
        116746.54625865731,
        121526.04147298753,
        106839.29118803148,
        106976.1277330268,
        101565.15840549956,
        101468.0776968597,
        108804.86051518985,
        107318.39186191699,
        110973.40564220348,
        105377.76439976612,
        110440.3485144623,
        108508.31207551065,
        104503.58179904745,
        107859.24640538757,
        105143.7132877311,
        97100.752413958,
        98171.22965603266,
        98012.08104400437,
        106652.35392435943,
        100960.66226528885,
        102497.42761514604,
        103423.62004047749,
        103253.5531776071,
        96351.08346235132,
        107185.74732941741,
        101760.073192715,
        103200.77096057477,
        105919.43763099951,
        101232.3103729311,
        105146.91006378454,
        104506.47085468963,
        100464.9615441352,
        107437.3183825117,
        102537.92945759343,
        115944.58139759084,
        109219.95484398969,
        106365.9984294004,
        107457.34363239247,
        104192.8477418375,
        102378.03142107671,
        104766.96302617346,
        102548.65247732228,
        108060.11729155044,
        101523.97376049774,
        103731.47578615577,
        98645.17314520414,
        113601.97140300623,
        111654.96126789699,
        105637.56819515926,
        108718.795989821,
        111306.45091795942,
        111241.1860104684,
        100220.00235882754,
        101229.46862741298,
        113738.77284886327,
        109722.3650077054,
        111568.10252624442,
        105941.71444116508,
        108955.67958764394,
        107412.85095896822,
        111579.95905370015,
        104874.78931218208
      ],
      "ess_valid_fraction": [
        1.0,
        1.0,
        1.0,
        1.0,
        1.0,
        1.0,
        1.0,
        1.0,
        1.0,
        1.0,
        1.0,
        1.0,
        0.9933333333333333,
        1.0,
        1.0,
        1.0,
        1.0,
        1.0,
        1.0,
        1.0,
        1.0,
        1.0,
        1.0,
        1.0,
        1.0,
        1.0,
        1.0,
        1.0,
        1.0,
        1.0,
        1.0,
        1.0,
        1.0,
        1.0,
        1.0,
        1.0,
        1.0,
        1.0,
        1.0,
        1.0,
        1.0,
        1.0,
        1.0,
        1.0,
        1.0,
        1.0,
        1.0,
        1.0,
        1.0,
        1.0,
        1.0,
        1.0,
        1.0,
        1.0,
        1.0,
        1.0,
        1.0,
        1.0,
        1.0,
        1.0,
        1.0,
        1.0,
        1.0,
        1.0
      ],
      "n_evaluations": 382438030.8333333,
      "evaluation_type": "gradient",
      "ess_per_eval": 0.00025193907429238167,
      "time": 385.6844835281372,
      "sigma": 1.5,
      "epsilon": 0.011667650489363152,
      "n_leapfrog": 254.9586872222222,
      "n_warmup": 2000,
      "target_accept": 0.8,
      "gamma": 0.05,
      "t0": 10,
      "kappa": 0.75,
      "mean_mse": 0.0004864284564583466,
      "cov_mse": 0.001682889394664654,
      "acceptance_rate_mean": 0.8916958687195721,
      "acceptance_rate_min": 0.775554626015025,
      "acceptance_rate_max": 0.9478794804179403,
      "n_divergent": 510,
      "actual_n_chains": 150,
      "diagnostic_draws_per_chain": 200,
      "sample_finite_fraction": 1.0,
      "finite_draw_fraction": 1.0,
      "sample_covariance_rank": 64,
      "sample_covariance_full_rank": true
    },
    "Hamiltonian Walk Move": {
      "distribution": "Paired Rosenbrock",
      "tau": 5.778311945071369,
      "tau_std": 0.6089583875495698,
      "ess": 519182.76972894487,
      "ess_by_coordinate": [
        683959.7662743279,
        541449.6734738683,
        679091.8260597968,
        534942.9184911326,
        694058.7226371053,
        545576.9648057612,
        681480.167994741,
        533387.3931161561,
        676893.097040257,
        537241.4990997098,
        678518.5484418639,
        539976.9049534262,
        664056.3064937312,
        519182.76972894487,
        698589.8876468042,
        546403.6461901808,
        676692.6677277695,
        528253.4499082497,
        675849.1923862149,
        531364.4703920911,
        693554.5906309594,
        539175.2361029137,
        690742.2739513145,
        538874.8176743698,
        679960.0777953728,
        546225.1782917252,
        674075.4202873134,
        531099.9539193949,
        677917.9000588036,
        525633.7535827777,
        670805.2119576621,
        537608.1809207503,
        687564.1361216677,
        537569.6943342517,
        694439.8285070702,
        531287.0560219103,
        666698.1978803985,
        533658.926682124,
        672938.2623522882,
        529236.028730318,
        682639.8033114488,
        533987.9453331467,
        681373.1162290415,
        534316.6381618048,
        671633.7644511752,
        521766.26037608593,
        685891.7639894318,
        526936.7429289802,
        684838.7415658312,
        536150.3623006949,
        682663.8073052817,
        530353.0663648349,
        679637.2090797035,
        541495.7167762527,
        675616.3638911108,
        529700.5298698938,
        673034.9524074444,
        527892.5729127115,
        692108.93714806,
        546228.6685043159,
        683306.113910062,
        525205.8748471894,
        686739.2241083607,
        534492.8634352066
      ],
      "ess_valid_fraction": [
        1.0,
        1.0,
        1.0,
        1.0,
        1.0,
        0.9966666666666667,
        1.0,
        1.0,
        1.0,
        1.0,
        1.0,
        1.0,
        1.0,
        1.0,
        0.9966666666666667,
        0.9966666666666667,
        1.0,
        1.0,
        1.0,
        1.0,
        1.0,
        1.0,
        0.9966666666666667,
        0.9966666666666667,
        1.0,
        1.0,
        1.0,
        1.0,
        1.0,
        1.0,
        1.0,
        1.0,
        1.0,
        0.9966666666666667,
        1.0,
        1.0,
        1.0,
        1.0,
        1.0,
        1.0,
        1.0,
        1.0,
        1.0,
        1.0,
        1.0,
        1.0,
        1.0,
        0.9966666666666667,
        1.0,
        1.0,
        1.0,
        1.0,
        1.0,
        1.0,
        1.0,
        1.0,
        1.0,
        1.0,
        1.0,
        1.0,
        1.0,
        1.0,
        1.0,
        1.0
      ],
      "n_evaluations": 470133499.99999994,
      "evaluation_type": "gradient",
      "ess_per_eval": 0.0011043305140538697,
      "time": 189.40748071670532,
      "sigma": 1.5,
      "epsilon": 0.01871392025128759,
      "n_leapfrog": 155.71116666666666,
      "n_warmup": 2000,
      "target_accept": 0.651,
      "gamma": 0.05,
      "t0": 10,
      "kappa": 0.75,
      "mean_mse": 0.00019521506735989478,
      "cov_mse": 0.0009117036049769389,
      "acceptance_rate_mean": 0.6388958333333334,
      "acceptance_rate_min": 0.6388958333333333,
      "acceptance_rate_max": 0.6388958333333333,
      "n_divergent": null,
      "actual_n_chains": 300,
      "diagnostic_draws_per_chain": 200,
      "sample_finite_fraction": 1.0,
      "finite_draw_fraction": 1.0,
      "sample_covariance_rank": 64,
      "sample_covariance_full_rank": true
    },
    "Stretch Move": {
      "distribution": "Paired Rosenbrock",