{
  "dim": 64,
  "seed": 4,
  "condition_number": 50,
  "n_samples": 10000,
  "burn_in": 1000,
  "n_thin": 1,
  "n_chains": 16,
  "af": false,
  "initialization_mode": "agnostic",
  "initialization_description": "independent N(0, 2^2) coordinates in the intrinsic Rosenbrock frame",
  "transform_affine": false,
  "overlay_rosenbrock": {
    "a": 1.0,
    "b": 100.0,
    "sigma": 0.7
  },
  "summary": {
    "Dense-mass NUTS": {
      "distribution": "Paired Rosenbrock",
      "tau": 14.464662399896271,
      "tau_std": 1.4491234759512184,
      "ess": 11061.440327922717,
      "ess_by_coordinate": [
        15077.834977015402,
        15740.150964927057,
        12829.805409718467,
        11061.440327922717,
        16106.450041161012,
        14578.071055830615,
        17996.902823980352,
        16900.383832864747,
        19176.591243375242,
        17628.848502239707,
        16350.977788771082,
        16552.23761566829,
        17850.849542223517,
        18845.928399326578,
        18028.024944937064,
        19745.732783698186,
        16647.185444905783,
        14722.817207675995,
        15901.623135785792,
        17684.4265955555,
        19417.415633582063,
        20203.06396654162,
        22115.560641244272,
        20231.278232739995,
        15552.7804112635,
        14330.324536668397,
        17674.55690357907,
        16973.406979175845,
        16549.51004364547,
        16346.794708521702,
        18825.87472910895,
        16595.03933287038,
        21155.485319723542,
        22000.743686778067,
        18597.217704090224,
        17725.86293845774,
        18648.62208048042,
        16719.45505376532,
        16790.230461431456,
        14142.108967879685,
        19411.20078171658,
        17095.49319645869,
        16184.704892695747,
        16304.591920536135,
        14341.938490720222,
        13468.595730168636,
        17610.441199522305,
        17943.877560363984,
        20037.89634811939,
        19516.477649112334,
        16916.4004751315,
        13893.803516998289,
        21320.46213567263,
        19612.087258500855,
        23456.59867485565,
        23985.556362331907,
        24571.513401428798,
        24390.66706855524,
        18519.304760858693,
        19107.467114657888,
        16130.226696374744,
        15649.130764415893,
        15240.291501243875,
        15616.185279558238
      ],
      "ess_valid_fraction": [
        0.75,
        0.6875,
        0.75,
        0.75,
        0.6875,
        0.6875,
        0.75,
        0.75,
        0.6875,
        0.6875,
        0.6875,
        0.6875,
        0.6875,
        0.6875,
        0.75,
        0.6875,
        0.6875,
        0.6875,
        0.8125,
        0.8125,
        0.75,
        0.6875,
        0.6875,
        0.75,
        0.6875,
        0.6875,
        0.75,
        0.75,
        0.6875,
        0.75,
        0.6875,
        0.6875,
        0.6875,
        0.6875,
        0.75,
        0.75,
        0.6875,
        0.6875,
        0.6875,
        0.6875,
        0.75,
        0.75,
        0.6875,
        0.6875,
        0.6875,
        0.75,
        0.75,
        0.6875,
        0.6875,
        0.6875,
        0.8125,
        0.6875,
        0.75,
        0.6875,
        0.6875,
        0.6875,
        0.75,
        0.6875,
        0.6875,
        0.6875,
        0.6875,
        0.6875,
        0.6875,
        0.75
      ],
      "n_evaluations": 40778866.36363636,
      "evaluation_type": "gradient",
      "ess_per_eval": 0.0002712542381459262,
      "time": 267.65530800819397,
      "sigma": 0.7,
      "epsilon": 0.01930132508277893,
      "n_leapfrog": 254.86791477272726,
      "n_warmup": 1000,
      "target_accept": 0.8,
      "gamma": 0.05,
      "t0": 10,
      "kappa": 0.75
    },
    "Hamiltonian Walk Move": {
      "distribution": "Paired Rosenbrock",
      "tau": 92.9961925315656,
      "tau_std": 11.708449666991832,
      "ess": 1720.5005457152602,
      "ess_by_coordinate": [
        29202.277491936024,
        24467.986741348057,
        28581.839629398517,
        18429.373062139304,
        12999.834253074268,
        1720.5005457152602,
        22737.47281143368,
        27149.301249657394,
        25277.421927073206,
        16936.758930974494,
        24540.649078063067,
        29206.50095420811,
        17035.49247242591,
        20424.768636473782,
        26749.977738335685,
        28762.551793881452,
        29452.830461331017,
        29011.911565808776,
        20639.21582259395,
        28682.217061701078,
        23602.527835021046,
        13398.240211498467,
        24545.24730080417,
        23273.616093981527,
        22457.841445631828,
        26798.563556010773,
        10717.746368357699,
        23543.882696963912,
        18455.127192603577,
        26466.48248429746,
        25324.165479543306,
        24785.569125166985,
        29132.69307679896,
        29723.372493289473,
        9720.416824778426,
        21658.873370282017,
        28156.474022730472,
        26099.333795086106,
        18934.527057126084,
        15711.366125220115,
        13944.73473659696,
        20177.945437273444,
        26030.37729315326,
        22031.79381685798,
        10662.367263264141,
        30440.979038599853,
        28714.428404976774,
        26442.140215980224,
        28120.558343675795,
        28700.844761576616,
        28328.575553314207,
        25796.726463072227,
        3699.1117983113736,
        21635.9248234677,
        23947.982265402872,
        13939.584574355793,
        26667.771781280306,
        30260.336371881498,
        25952.065491808844,
        22641.092137476757,
        29021.054818121673,
        22175.598304273033,
        22811.77245586442,
        24001.638249258023
      ],
      "ess_valid_fraction": [
        1.0,
        1.0,
        1.0,
        1.0,
        1.0,
        1.0,
        1.0,
        1.0,
        1.0,
        1.0,
        1.0,
        1.0,
        1.0,
        1.0,
        1.0,
        1.0,
        1.0,
        1.0,
        1.0,
        1.0,
        1.0,
        1.0,
        1.0,
        1.0,
        1.0,
        1.0,
        1.0,
        1.0,
        1.0,
        1.0,
        1.0,
        1.0,
        1.0,
        1.0,
        1.0,
        1.0,
        1.0,
        1.0,
        1.0,
        1.0,
        1.0,
        1.0,
        1.0,
        1.0,
        1.0,
        1.0,
        1.0,
        1.0,
        1.0,
        1.0,
        1.0,
        1.0,
        1.0,
        1.0,
        1.0,
        1.0,
        1.0,
        1.0,
        1.0,
        1.0,
        1.0,
        1.0,
        1.0,
        1.0
      ],
      "n_evaluations": 960000.0,
      "evaluation_type": "gradient",
      "ess_per_eval": 0.001792188068453396,
      "time": 19.768306016921997,
      "sigma": 0.7,
      "epsilon": 0.542849600315094,
      "n_leapfrog": 5,
      "n_warmup": 1000,
      "target_accept": 0.651,
      "gamma": 0.05,
      "t0": 10,
      "kappa": 0.75
    },
    "Stretch Move": {
      "distribution": "Paired Rosenbrock",
      "tau": 4483.814777662995,
      "tau_std": 813.4303975151581,
      "ess": 35.683900413788606,