{
  "dim": 32,
  "seed": 4,
  "n_samples": 10000,
  "burn_in": 1000,
  "n_thin": 1,
  "n_chains": 100,
  "cond": 10.0,
  "af": true,
  "transform_affine": true,
  "summary": {
    "Dense-mass NUTS": {
      "distribution": "Gaussian",
      "tau": 1.0008893864623432,
      "tau_std": 0.00017068389608666654,
      "ess": 999111.4038430494,
      "ess_by_coordinate": [
        1000000.0,
        1000000.0,
        1000000.0,
        1000000.0,
        1000000.0,
        1000000.0,
        1000000.0,
        1000000.0,
        1000000.0,
        1000000.0,
        1000000.0,
        999111.4038430494,
        1000000.0,
        1000000.0,
        1000000.0,
        1000000.0,
        999601.4093250326,
        1000000.0,
        1000000.0,
        999870.0712029135,
        1000000.0,
        1000000.0,
        1000000.0,
        1000000.0,
        1000000.0,
        1000000.0,
        1000000.0,
        1000000.0,
        1000000.0,
        1000000.0,
        1000000.0,
        999777.6553780176
      ],
      "ess_valid_fraction": [
        1.0,
        1.0,
        1.0,
        1.0,
        1.0,
        1.0,
        1.0,
        1.0,
        1.0,
        1.0,
        1.0,
        1.0,
        1.0,
        1.0,
        1.0,
        1.0,
        1.0,
        1.0,
        1.0,
        1.0,
        1.0,
        1.0,
        1.0,
        1.0,
        1.0,
        1.0,
        1.0,
        1.0,
        1.0,
        1.0,
        1.0,
        1.0
      ],
      "n_evaluations": 7063730.909090909,
      "evaluation_type": "gradient",
      "ess_per_eval": 0.1414424497056094,
      "time": 260.8407621383667,
      "sigma": 0.0,
      "epsilon": 0.5406873226165771,
      "n_leapfrog": 7.063730909090909,
      "n_warmup": 1000,
      "target_accept": 0.8,
      "gamma": 0.05,
      "t0": 10,
      "kappa": 0.75
    },
    "Hamiltonian Walk Move": {
      "distribution": "Gaussian",
      "tau": 1.2634029298179594,
      "tau_std": 0.00707748729889716,
      "ess": 791513.1241179626,
      "ess_by_coordinate": [
        808137.9027811217,
        800016.0246497259,
        807405.825714652,
        797140.9551679807,
        806153.3284486794,
        799633.9225904853,
        799547.024062608,
        804702.0889522315,
        803985.493398733,
        796850.6603057393,
        802407.4122991634,
        798790.9832669433,
        805881.1489441418,
        803296.6662558389,
        795772.3487568761,
        791513.1241179626,
        800910.1404173229,
        812890.81120341,
        800792.5356260884,
        800495.9768792914,
        802017.6831817328,
        809809.9574708848,
        802557.9443365841,
        806087.5391914047,
        802930.306145846,
        803513.2387166964,
        792691.6025090546,
        803781.8647456991,
        799754.0379390608,
        800767.1021788815,
        804294.3816508652,
        806548.1172116165
      ],
      "ess_valid_fraction": [
        1.0,
        1.0,
        1.0,
        1.0,
        1.0,
        1.0,
        1.0,
        1.0,
        1.0,
        1.0,
        1.0,
        1.0,
        1.0,
        1.0,
        1.0,
        1.0,
        1.0,
        1.0,
        1.0,
        1.0,
        1.0,
        1.0,
        1.0,
        1.0,
        1.0,
        1.0,
        1.0,
        1.0,
        1.0,
        1.0,
        1.0,
        1.0
      ],
      "n_evaluations": 10000000.0,
      "evaluation_type": "gradient",
      "ess_per_eval": 0.07915131241179625,
      "time": 146.0359354019165,
      "sigma": 0.0,
      "epsilon": 0.6445170044898987,
      "n_leapfrog": 9,
      "n_warmup": 1000,
      "target_accept": 0.651,
      "gamma": 0.05,
      "t0": 10,
      "kappa": 0.75
    },
    "Stretch Move": {
      "distribution": "Gaussian",
      "tau": 260.11034634468996,
      "tau_std": 16.091482239257626,
      "ess": 3844.522196263704,
      "ess_by_coordinate": [
        4850.508253573797,
        4148.513889571127,
        4036.497673460969,
        4369.641996904653,
        4597.962045704571,
        4977.210460356913,
        4555.647999034811,
        4098.044508711864,
        4158.931772389633,
        3932.7628776963325,
        3958.2872659511945,
        4169.915010191054,
        4553.756697798342,
        4438.500370656625,
        4683.412847797692,
        3965.1901100776636,
        4156.638376414828,
        4426.893252204839,
        4804.036315096771,
        4629.109605660179,
        4042.806184299713,
        3844.522196263704,
        4586.116001103768,
        4413.97813674485,
        4183.55794641865,
        5152.301675011193,
        4545.129783034904,
        4308.709994494084,
        4369.906824540423,
        4243.925183699322,
        4186.967324593463,
        4432.082626358158
      ],
      "ess_valid_fraction": [
        0.79,
        0.73,
        0.75,
        0.77,
        0.76,
        0.85,
        0.79,
        0.71,
        0.76,
        0.69,
        0.71,
        0.78,
        0.77,
        0.73,
        0.75,
        0.69,
        0.73,
        0.79,
        0.82,
        0.78,
        0.74,
        0.69,
        0.8,
        0.75,
        0.79,
        0.88,
        0.76,
        0.73,
        0.76,
        0.76,
        0.77,
        0.76
      ],
      "n_evaluations": 1000000.0,
      "evaluation_type": "function",
      "ess_per_eval": 0.0038445221962637036,
      "time": 11.23248553276062,
      "sigma": 0.0,
      "epsilon": 0.0,
      "n_leapfrog": null,
      "n_warmup": null,
      "target_accept": null,
      "gamma": null,
      "t0": null,
      "kappa": null
    },
    "HMC": {
      "distribution": "Gaussian",
      "tau": 46.9768757468478,
      "tau_std": 13.059705785517734,
      "ess": 21287.06909733351,
      "ess_by_coordinate": [
        1000000.0,
        1000000.0,
        1000000.0,
        1000000.0,
        1000000.0,
        1000000.0,
        1000000.0,
        974316.5514050658,
        836301.6434652839,
        678739.6925616902,
        557125.4850843913,
        463446.77433568443,
        383576.28911491117,
        324251.4643299593,
        271343.0575686575,
        227079.8360140449,
        191073.60876695463,
        162942.3158068554,
        137236.35721004463,
        120558.55285677368,
        99427.85474963649,
        83710.33322655136,
        75151.77643427919,
        67235.00990831874,
        54668.88574404383,
        47361.086767729415,
        39801.13722519091,
        36419.55550566167,
        31637.651042250865,
        26310.727786958138,
        24347.250772924468,
        21287.06909733351
      ],
      "ess_valid_fraction": [
        1.0,
        1.0,
        1.0,
        1.0,
        1.0,
        1.0,
        1.0,
        1.0,
        1.0,
        1.0,
        1.0,
        1.0,
        1.0,
        1.0,
        1.0,
        1.0,
        1.0,
        1.0,
        1.0,
        1.0,
        1.0,
        1.0,
        1.0,
        1.0,
        1.0,
        1.0,
        1.0,
        1.0,
        1.0,
        1.0,
        1.0,
        1.0
      ],
      "n_evaluations": 3000000.0,
      "evaluation_type": "gradient",
      "ess_per_eval": 0.0070956896991111705,
      "time": 75.11128759384155,
      "sigma": 0.0,
      "epsilon": 3.874870538711548,
      "n_leapfrog": 2,
      "n_warmup": 1000,
      "target_accept": 0.651,
      "gamma": 0.05,
      "t0": 10,
      "kappa": 0.75
    }
  }
}