{
  "dim": 32,
  "seed": 1,
  "n_samples": 10000,
  "burn_in": 2000,
  "n_thin": 1,
  "n_chains": 100,
  "hwm_walkers_requested": 300,
  "jax_enable_x64": true,
  "af": true,
  "initialization_mode": "agnostic",
  "initialization_description": "independent N(0, 2^2) coordinates in the intrinsic Rosenbrock frame",
  "transform_affine": true,
  "overlay_rosenbrock": {
    "a": 1.0,
    "b": 100.0,
    "sigma": 1.5
  },
  "summary": {
    "Dense-mass NUTS": {
      "distribution": "Paired Rosenbrock",
      "tau": 5.731975553145327,
      "tau_std": 0.5180875892288181,
      "ess": 174459.92062043364,
      "ess_by_coordinate": [
        231575.651757486,
        185106.2700546959,
        236207.92748017356,
        195848.3055793628,
        237378.20421924014,
        197315.94556027674,
        233393.2985325293,
        189788.12235363215,
        237674.4539430874,
        197933.0648698702,
        240797.24590633364,
        197077.92531673404,
        241074.0398461755,
        195454.30851651917,
        223932.84763768603,
        180285.6487929975,
        236235.53002060554,
        195045.52198081676,
        239438.14448562966,
        203884.35956570337,
        213350.28518750527,
        174459.92062043364,
        225317.8362268636,
        183498.92393385837,
        237024.15126364006,
        195556.4304558916,
        218470.35923372762,
        185554.48200501932,
        228470.29763504304,
        182923.31149929576,
        202687.37121002548,
        174778.25994296913
      ],
      "ess_valid_fraction": [
        1.0,
        1.0,
        1.0,
        1.0,
        1.0,
        1.0,
        1.0,
        1.0,
        1.0,
        1.0,
        1.0,
        1.0,
        1.0,
        1.0,
        1.0,
        1.0,
        1.0,
        1.0,
        1.0,
        1.0,
        1.0,
        1.0,
        1.0,
        1.0,
        1.0,
        1.0,
        1.0,
        1.0,
        1.0,
        1.0,
        1.0,
        1.0
      ],
      "n_evaluations": 251878575.83333334,
      "evaluation_type": "gradient",
      "ess_per_eval": 0.0006926350128955501,
      "time": 326.373247385025,
      "sigma": 1.5,
      "epsilon": 0.011861782911765009,
      "n_leapfrog": 251.87857583333334,
      "n_warmup": 2000,
      "target_accept": 0.8,
      "cond": 3.162,
      "mean_mse": 0.00042531188424578396,
      "cov_mse": 0.0011629358872349423,
      "acceptance_rate_mean": 0.8990853393318996,
      "acceptance_rate_min": 0.8422806050658416,
      "acceptance_rate_max": 0.9535492636303476,
      "n_divergent": 358,
      "actual_n_chains": 100,
      "diagnostic_draws_per_chain": 200,
      "sample_finite_fraction": 1.0,
      "finite_draw_fraction": 1.0,
      "sample_covariance_rank": 32,
      "sample_covariance_full_rank": true
    },
    "Hamiltonian Walk Move": {
      "distribution": "Paired Rosenbrock",
      "tau": 6.742233236326422,
      "tau_std": 0.8565018702265447,
      "ess": 444956.4253927504,
      "ess_by_coordinate": [
        696390.2568176598,
        444956.4253927504,
        642898.6552058272,
        478153.8883660503,
        630874.7069285605,
        476807.62418727647,
        667419.5074768194,
        485933.40238602494,
        701934.7615663996,
        506651.2512950465,
        701498.5571345007,
        550867.5897036223,
        657101.6590154469,
        481148.7501438322,
        647073.2626907241,
        475266.94618109136,
        665530.2144350348,
        480654.8037798343,
        637046.8026520524,
        478236.42831062194,
        666403.4591404817,
        491196.0817241141,
        642727.1073844155,
        486516.89356739866,
        640589.2749618252,
        465973.9004537634,
        642192.3419722108,
        465991.9163828052,
        674069.5996718153,
        501480.6101299864,
        665680.4113735596,
        488393.0730639522
      ],
      "ess_valid_fraction": [
        0.9966666666666667,
        0.9966666666666667,
        0.9933333333333333,
        0.99,
        0.9966666666666667,
        0.9966666666666667,
        0.9933333333333333,
        0.9966666666666667,
        0.9966666666666667,
        0.9966666666666667,
        0.9933333333333333,
        0.9966666666666667,
        0.9933333333333333,
        0.9966666666666667,
        0.9966666666666667,
        0.9933333333333333,
        0.99,
        0.99,
        0.9933333333333333,
        0.9933333333333333,
        0.99,
        0.9933333333333333,
        0.99,
        0.9933333333333333,
        0.9933333333333333,
        0.9966666666666667,
        0.9866666666666667,
        0.9933333333333333,
        0.9933333333333333,
        0.9966666666666667,
        0.9933333333333333,
        0.9933333333333333
      ],
      "n_evaluations": 427814750.0,
      "evaluation_type": "gradient",
      "ess_per_eval": 0.00104006798595128,
      "time": 171.7747049331665,
      "sigma": 1.5,
      "epsilon": 0.02134202481195884,
      "n_leapfrog": 141.60491666666667,
      "n_warmup": 2000,
      "target_accept": 0.651,
      "cond": 3.162,
      "mean_mse": 0.0009345471095943396,
      "cov_mse": 0.0148987751801098,
      "acceptance_rate_mean": 0.6362372222222222,
      "acceptance_rate_min": 0.6362372222222222,
      "acceptance_rate_max": 0.6362372222222222,
      "n_divergent": null,
      "actual_n_chains": 300,
      "diagnostic_draws_per_chain": 200,
      "sample_finite_fraction": 1.0,
      "finite_draw_fraction": 1.0,
      "sample_covariance_rank": 32,
      "sample_covariance_full_rank": true
    },
    "Stretch Move": {
      "distribution": "Paired Rosenbrock",
      "tau": 4266.5557160910475,
      "tau_std": 743.7068182839203,
      "ess": 234.3810948556379,
      "ess_by_coordinate": [
        545.3662067016137,
        760.194624767674,
        464.0956280806368,
        787.8197124590905,
        755.8315202265422,
        971.434945452875,
        430.6425082909976,
        1035.5244034314921,
        342.19377095227577,
        630.5665594458939,
        775.4692336939864,
        842.9677295616445,
        288.30222458803485,
        580.1019573959759,
        543.6465483717434,
        1045.6644145156472,
        607.805936334184,
        1050.8040750456507,
        563.2597871197578,
        720.9154009519851,
        577.3057078032589,
        880.5268616947064,
        234.3810948556379,
        784.798849027836,
        684.2857637015467,
        521.4624478250632,
        603.2856624559981,
        1129.4639056458545,
        387.4517923832439,
        1053.7314688229158,
        504.91152005815815,
        666.7334659738751
      ],
      "ess_valid_fraction": [
        0.15,
        0.17,
        0.12,
        0.2,
        0.17,
        0.23,
        0.11,
        0.24,
        0.09,
        0.14,
        0.19,
        0.2,
        0.08,
        0.16,
        0.12,
        0.25,
        0.16,
        0.24,
        0.14,
        0.19,
        0.15,
        0.2,
        0.06,
        0.17,
        0.17,
        0.14,
        0.15,
        0.26,
        0.1,
        0.21,
        0.11,
        0.15
      ],
      "n_evaluations": 1000000.0,
      "evaluation_type": "function",
      "ess_per_eval": 0.00023438109485563792,
      "time": 4.404472827911377,
      "sigma": 1.5,
      "epsilon": 0.0,
      "n_leapfrog": null,
      "n_warmup": null,
      "target_accept": null,
      "cond": 3.162,
      "mean_mse": 4.354852305914501,
      "cov_mse": 0.9616721476044151,
      "acceptance_rate_mean": 0.16854,
      "acceptance_rate_min": 0.12983333333333333,
      "acceptance_rate_max": 0.20575,
      "n_divergent": null,
      "actual_n_chains": 100,
      "diagnostic_draws_per_chain": 200,
      "sample_finite_fraction": 1.0,
      "finite_draw_fraction": 1.0,
      "sample_covariance_rank": 32,
      "sample_covariance_full_rank": true
    },
    "HMC": {
      "distribution": "Paired Rosenbrock",
      "tau": 705.8053699826597,
      "tau_std": 130.80783763779897,