{
  "dim": 32,
  "seed": 1,
  "n_samples": 10000,
  "burn_in": 1000,
  "n_thin": 1,
  "n_chains": 100,
  "af": true,
  "initialization_mode": "agnostic",
  "initialization_description": "independent N(0, 2^2) coordinates in the intrinsic Rosenbrock frame",
  "transform_affine": true,
  "overlay_rosenbrock": {
    "a": 1.0,
    "b": 100.0,
    "sigma": 0.7
  },
  "summary": {
    "Dense-mass NUTS": {
      "distribution": "Paired Rosenbrock",
      "tau": 50.01322683640935,
      "tau_std": 8.98956232397504,
      "ess": 19994.710664659724,
      "ess_by_coordinate": [
        48634.123186976394,
        49529.08817664708,
        54094.286667961685,
        51918.80971973722,
        43925.334252052446,
        44052.60223861769,
        46013.98800263735,
        44418.59778510252,
        41661.35788234532,
        42819.088531343594,
        36971.30253858265,
        37326.43962298611,
        41778.733114567236,
        43392.45712053281,
        37315.93844315054,
        36634.187349809225,
        31172.931409882982,
        33528.672159369366,
        33958.22359047595,
        30936.762786966356,
        30084.61949917334,
        29210.49659438735,
        28034.89625320007,
        29066.72618323744,
        25042.219947284168,
        26004.547579021415,
        20884.80189827746,
        21624.642328177568,
        25254.261152654744,
        27214.20342172266,
        20523.16503312879,
        19994.710664659724
      ],
      "ess_valid_fraction": [
        1.0,
        1.0,
        0.99,
        1.0,
        1.0,
        0.99,
        0.99,
        0.99,
        0.98,
        0.99,
        0.99,
        1.0,
        0.99,
        1.0,
        0.98,
        0.99,
        0.99,
        1.0,
        0.97,
        0.98,
        0.98,
        0.99,
        0.97,
        0.98,
        0.95,
        0.99,
        0.92,
        0.96,
        0.94,
        0.98,
        0.95,
        0.95
      ],
      "n_evaluations": 254674844.54545453,
      "evaluation_type": "gradient",
      "ess_per_eval": 7.851074062829576e-05,
      "time": 279.1239471435547,
      "sigma": 0.7,
      "epsilon": 0.00617695227265358,
      "n_leapfrog": 254.67484454545453,
      "n_warmup": 1000,
      "target_accept": 0.8,
      "cond": 3.162
    },
    "Hamiltonian Walk Move": {
      "distribution": "Paired Rosenbrock",
      "tau": 6.0516501068191175,
      "tau_std": 0.45172975395586445,
      "ess": 165244.1866844186,
      "ess_by_coordinate": [
        204445.1183970579,
        167609.42903159148,
        196601.36820368224,
        167853.00042886028,
        204409.19077853722,
        167789.5193181358,
        198187.30008053881,
        170128.21298036506,
        198496.94169044824,
        174519.85525548086,
        201746.72409747625,
        173380.6304309732,
        199075.03787078758,
        174665.9617051662,
        197395.88415280648,
        170448.35854244942,
        199675.9251320474,
        169344.16135911024,
        199394.6335116073,
        171818.00812597488,
        202132.8721031924,
        167068.95929823018,
        197613.94673163138,
        169654.04161062127,
        201303.01141826715,
        171068.59734421156,
        199604.88501683113,
        165244.1866844186,
        196805.35116110012,
        165579.64320637818,
        196935.68196195585,
        167021.7114519816
      ],
      "ess_valid_fraction": [
        1.0,
        1.0,
        1.0,
        1.0,
        1.0,
        1.0,
        1.0,
        1.0,
        1.0,
        1.0,
        1.0,
        1.0,
        1.0,
        1.0,
        1.0,
        1.0,
        1.0,
        1.0,
        1.0,
        1.0,
        1.0,
        1.0,
        1.0,
        1.0,
        1.0,
        1.0,
        1.0,
        1.0,
        1.0,
        1.0,
        1.0,
        1.0
      ],
      "n_evaluations": 1001000000.0,
      "evaluation_type": "gradient",
      "ess_per_eval": 0.00016507910757684175,
      "time": 708.8440563678741,
      "sigma": 0.7,
      "epsilon": 0.0024413224309682846,
      "n_leapfrog": 1000,
      "n_warmup": 1000,
      "target_accept": 0.651,
      "cond": 3.162
    },
    "Stretch Move": {
      "distribution": "Paired Rosenbrock",
      "tau": 2844.8508060072286,
      "tau_std": 482.4339241778852,
      "ess": 351.51228243266235,
      "ess_by_coordinate": [
        720.1243513912674,
        1061.6160375721015,
        592.1143404496552,
        1039.3573294610933,
        661.9706458356767,
        887.3513943048351,
        362.5463990275483,
        736.3224177782656,
        647.7672962160157,
        1101.0989251841543,
        403.600580805497,
        661.6543507690101,
        487.9559553462711,
        822.9036481700392,
        657.7232165106844,
        779.7090890857523,
        575.4223722072921,
        1067.160035971457,
        650.7279558994983,
        858.4415542177989,
        537.019886541574,
        864.8454713037218,
        619.5571872630912,
        1126.01658994305,
        351.51228243266235,
        759.1876688739515,
        631.6061110007911,
        819.0327046991272,
        649.1598257696321,
        930.1315321780434,
        610.9235145886214,
        810.8284902668852
      ],
      "ess_valid_fraction": [
        0.18,
        0.24,
        0.15,
        0.24,
        0.15,
        0.21,
        0.09,
        0.17,
        0.17,
        0.23,
        0.11,
        0.16,
        0.12,
        0.18,
        0.15,
        0.19,
        0.15,
        0.21,
        0.14,
        0.19,
        0.13,
        0.21,
        0.15,
        0.27,
        0.09,
        0.18,
        0.16,
        0.21,
        0.17,
        0.21,
        0.16,
        0.19
      ],
      "n_evaluations": 1000000.0,
      "evaluation_type": "function",
      "ess_per_eval": 0.00035151228243266233,
      "time": 4.2689642906188965,
      "sigma": 0.7,
      "epsilon": 0.0,
      "n_leapfrog": null,
      "n_warmup": null,
      "target_accept": null,
      "cond": 3.162
    },
    "HMC": {
      "distribution": "Paired Rosenbrock",
      "tau": 400.09368207804,
      "tau_std": 81.12178306426134,
      "ess": 2499.4146241103244,
      "ess_by_coordinate": [
        11404.35949968318,
        9030.238241213912,
        9486.559143151479,
        7714.50680858352,
        9767.34835613528,
        8625.683616181495,
        8575.816752428682,
        7113.439208458894,
        8247.122323838756,
        6940.97474068449,
        6729.195054285052,
        6047.149536746032,
        6929.676704881593,
        5944.37889493277,
        5982.368425367824,
        5040.316832371714,
        5400.981742389308,
        5584.581275714745,
        5215.2320759035065,
        4947.124536412044,
        5237.886232683734,
        5095.52420423334,
        3951.983020119728,
        3986.741719204829,
        4163.061169995583,
        4746.700371403451,
        3913.8509430301233,
        3627.4860016817984,
        3003.9029163956884,
        3019.6055295872584,
        2506.3241619448886,
        2499.4146241103244
      ],
      "ess_valid_fraction": [
        0.98,
        0.95,
        0.98,
        0.92,
        0.98,
        0.92,
        0.93,
        0.89,
        0.91,
        0.86,
        0.88,
        0.86,
        0.85,
        0.83,
        0.87,
        0.83,
        0.75,
        0.82,
        0.72,
        0.73,
        0.81,
        0.81,
        0.68,
        0.67,
        0.71,
        0.74,
        0.69,
        0.65,
        0.55,
        0.56,
        0.52,
        0.44
      ],
      "n_evaluations": 45000000.0,
      "evaluation_type": "gradient",
      "ess_per_eval": 5.5542547202451656e-05,
      "time": 26.68811821937561,
      "sigma": 0.7,
      "epsilon": 0.02385958656668663,
      "n_leapfrog": 44,
      "n_warmup": 1000,
      "target_accept": 0.651,
      "cond": 3.162
    }
  }
}