{
  "dim": 16,
  "seed": 1,
  "condition_number": 50,
  "n_samples": 10000,
  "burn_in": 1000,
  "n_thin": 1,
  "n_chains": 16,
  "af": false,
  "initialization_mode": "agnostic",
  "initialization_description": "independent N(0, 2^2) coordinates in the intrinsic Rosenbrock frame",
  "transform_affine": false,
  "overlay_rosenbrock": {
    "a": 1.0,
    "b": 100.0,
    "sigma": 0.7
  },
  "summary": {
    "Dense-mass NUTS": {
      "distribution": "Paired Rosenbrock",
      "tau": 6.021649661406453,
      "tau_std": 0.42654044555686016,
      "ess": 26570.791892039335,
      "ess_by_coordinate": [
        32054.5058223185,
        31920.063735815955,
        35446.18351457404,
        30463.339621880055,
        33636.24124203589,
        29977.535750356426,
        37848.50706307102,
        33220.68867844126,
        29399.007403163636,
        26570.791892039335,
        31389.56898247378,
        28176.538675355932,
        32936.71882329224,
        31870.587236733718,
        31774.619880546572,
        29238.445928637346
      ],
      "ess_valid_fraction": [
        0.75,
        0.75,
        0.75,
        0.75,
        0.75,
        0.8125,
        0.8125,
        0.75,
        0.8125,
        0.75,
        0.75,
        0.8125,
        0.75,
        0.75,
        0.75,
        0.75
      ],
      "n_evaluations": 26531028.181818184,
      "evaluation_type": "gradient",
      "ess_per_eval": 0.0010014987625036108,
      "time": 256.8665690422058,
      "sigma": 0.7,
      "epsilon": 8.932451601140201e-05,
      "n_leapfrog": 165.81892613636364,
      "n_warmup": 1000,
      "target_accept": 0.8,
      "gamma": 0.05,
      "t0": 10,
      "kappa": 0.75
    },
    "Hamiltonian Walk Move": {
      "distribution": "Paired Rosenbrock",
      "tau": 139.8177665745943,
      "tau_std": 16.05945258271504,
      "ess": 1144.3467015662725,
      "ess_by_coordinate": [
        1382.8253388284838,
        1642.227354794913,
        1538.4031025657598,
        1642.4350049003656,
        1548.4966289197505,
        1459.5186603350444,
        1905.8711626872735,
        1761.4981548782584,
        1437.5634529445074,
        1505.8681313649129,
        1639.235301357386,
        1810.8388329755314,
        1144.3467015662725,
        1305.0891131138376,
        1172.9731458311567,
        1252.2450337676087
      ],
      "ess_valid_fraction": [
        1.0,
        1.0,
        1.0,
        0.9375,
        1.0,
        1.0,
        1.0,
        1.0,
        1.0,
        0.9375,
        1.0,
        1.0,
        1.0,
        0.9375,
        0.8125,
        0.875
      ],
      "n_evaluations": 31520000.0,
      "evaluation_type": "gradient",
      "ess_per_eval": 3.630541565882844e-05,
      "time": 141.61598372459412,
      "sigma": 0.7,
      "epsilon": 0.037227287888526917,
      "n_leapfrog": 196,
      "n_warmup": 1000,
      "target_accept": 0.651,
      "gamma": 0.05,
      "t0": 10,
      "kappa": 0.75
    },
    "Stretch Move": {
      "distribution": "Paired Rosenbrock",
      "tau": 4787.670650516065,
      "tau_std": 1247.0841182792835,
      "ess": 33.419174308231405,
      "ess_by_coordinate": [
        85.01490301120684,
        175.65421142958425,
        91.90006237008811,
        232.5157720361973,
        33.419174308231405,
        98.51988835408935,
        180.97039907875367,
        150.75985052848876,
        132.81465979006066,
        133.33385990127272,
        52.233126827956795,
        35.49528367934426,
        91.58949851727252,
        78.69485098470244,
        245.58582093344086,
        276.30543278749144
      ],
      "ess_valid_fraction": [
        0.125,
        0.1875,
        0.125,
        0.3125,
        0.0625,
        0.0625,
        0.3125,
        0.25,
        0.1875,
        0.125,
        0.0625,
        0.0625,
        0.125,
        0.125,
        0.3125,
        0.375
      ],
      "n_evaluations": 160000.0,
      "evaluation_type": "function",
      "ess_per_eval": 0.00020886983942644628,
      "time": 0.9409503936767578,
      "sigma": 0.7,
      "epsilon": 0.0,
      "n_leapfrog": null,
      "n_warmup": null,
      "target_accept": null,
      "gamma": null,
      "t0": null,
      "kappa": null
    },
    "HMC": {
      "distribution": "Paired Rosenbrock",
      "tau": 2.505809165450935,
      "tau_std": 0.2876979222726822,
      "ess": 63851.63012651327,
      "ess_by_coordinate": [
        86633.5300663633,
        67134.98330073597,
        86477.14676536129,
        64347.53833205019,
        85215.92872429837,
        65496.34548663534,
        86396.1096476342,
        65483.1854273961,
        85602.48576803683,
        66549.33733219873,
        82914.51817325782,
        63851.63012651327,
        87011.9080283232,
        66567.69135930829,
        87588.66361742983,
        67047.09271495677
      ],
      "ess_valid_fraction": [
        1.0,
        1.0,
        1.0,
        1.0,
        1.0,
        1.0,
        1.0,
        1.0,
        1.0,
        1.0,
        1.0,
        1.0,
        1.0,
        1.0,
        1.0,
        1.0
      ],
      "n_evaluations": 153120000.0,
      "evaluation_type": "gradient",
      "ess_per_eval": 0.0004170038540132789,
      "time": 201.23705005645752,
      "sigma": 0.7,
      "epsilon": 0.00751125905662775,
      "n_leapfrog": 956,
      "n_warmup": 1000,
      "target_accept": 0.651,
      "gamma": 0.05,
      "t0": 10,
      "kappa": 0.75
    }
  }
}