{
  "dim": 16,
  "seed": 1,
  "condition_number": 50,
  "n_samples": 10000,
  "burn_in": 2000,
  "n_thin": 1,
  "n_chains": 150,
  "hwm_walkers_requested": 300,
  "jax_enable_x64": true,
  "af": false,
  "initialization_mode": "agnostic",
  "initialization_description": "independent N(0, 2^2) coordinates in the intrinsic Rosenbrock frame",
  "transform_affine": false,
  "overlay_rosenbrock": {
    "a": 1.0,
    "b": 100.0,
    "sigma": 1.5
  },
  "summary": {
    "Dense-mass NUTS": {
      "distribution": "Paired Rosenbrock",
      "tau": 5.086694703443549,
      "tau_std": 0.5600124376012411,
      "ess": 294886.97227780195,
      "ess_by_coordinate": [
        380665.11626298854,
        294886.97227780195,
        395528.39665832254,
        305237.0450639378,
        387162.455283843,
        309676.0885569303,
        388847.79297357384,
        300727.7724720419,
        410301.2110716071,
        307099.9167680545,
        391708.9140879726,
        302189.5801872073,
        404161.2441747789,
        317057.05056998925,
        403854.5435732496,
        313701.7284207371
      ],
      "ess_valid_fraction": [
        1.0,
        1.0,
        1.0,
        1.0,
        1.0,
        1.0,
        1.0,
        1.0,
        1.0,
        1.0,
        1.0,
        1.0,
        1.0,
        1.0,
        1.0,
        1.0
      ],
      "n_evaluations": 318330152.5,
      "evaluation_type": "gradient",
      "ess_per_eval": 0.0009263557660558152,
      "time": 312.3058383464813,
      "sigma": 1.5,
      "epsilon": 0.015013804067413183,
      "n_leapfrog": 212.22010166666666,
      "n_warmup": 2000,
      "target_accept": 0.8,
      "gamma": 0.05,
      "t0": 10,
      "kappa": 0.75,
      "mean_mse": 0.00019751370784864492,
      "cov_mse": 0.0003504300214524567,
      "acceptance_rate_mean": 0.8972570226386654,
      "acceptance_rate_min": 0.7502253052721837,
      "acceptance_rate_max": 0.9609385180097805,
      "n_divergent": 2328,
      "actual_n_chains": 150,
      "diagnostic_draws_per_chain": 200,
      "sample_finite_fraction": 1.0,
      "finite_draw_fraction": 1.0,
      "sample_covariance_rank": 16,
      "sample_covariance_full_rank": true
    },
    "Hamiltonian Walk Move": {
      "distribution": "Paired Rosenbrock",
      "tau": 8.702219552896715,
      "tau_std": 1.126251355161711,
      "ess": 344739.63587845676,
      "ess_by_coordinate": [
        495752.39742774586,
        364237.83881829015,
        489261.3942009364,
        364910.8467522041,
        485382.7325578696,
        356036.3076008941,
        490715.69019847555,
        344739.63587845676,
        481173.11450495827,
        380650.18377026176,
        514747.96232663596,
        349801.8100828988,
        475385.05042456556,
        356038.07740053383,
        493822.0283419172,
        365483.26083329075
      ],
      "ess_valid_fraction": [
        0.9766666666666667,
        0.98,
        0.9833333333333333,
        0.9866666666666667,
        0.98,
        0.98,
        0.9833333333333333,
        0.99,
        0.97,
        0.9733333333333334,
        0.98,
        0.9833333333333333,
        0.98,
        0.9866666666666667,
        0.98,
        0.9866666666666667
      ],
      "n_evaluations": 367751500.0,
      "evaluation_type": "gradient",
      "ess_per_eval": 0.0009374255057517285,
      "time": 149.72165989875793,
      "sigma": 1.5,
      "epsilon": 0.024978629587097075,
      "n_leapfrog": 121.58383333333333,
      "n_warmup": 2000,
      "target_accept": 0.651,
      "gamma": 0.05,
      "t0": 10,
      "kappa": 0.75,
      "mean_mse": 0.0011854406482858081,
      "cov_mse": 0.004965718694196375,
      "acceptance_rate_mean": 0.6290005555555557,
      "acceptance_rate_min": 0.6290005555555556,
      "acceptance_rate_max": 0.6290005555555556,
      "n_divergent": null,
      "actual_n_chains": 300,
      "diagnostic_draws_per_chain": 200,
      "sample_finite_fraction": 1.0,
      "finite_draw_fraction": 1.0,
      "sample_covariance_rank": 16,
      "sample_covariance_full_rank": true
    },
    "Stretch Move": {
      "distribution": "Paired Rosenbrock",
      "tau": 3092.0983695433383,
      "tau_std": 709.5786401109578,
      "ess": 485.1074644890842,
      "ess_by_coordinate": [
        517.0547184023964,
        1085.8385268269758,
        683.5295525069974,
        1169.2997754190537,
        590.5760095300373,
        1521.9178937757968,
        485.1074644890842,
        1120.264002202273,
        1009.6185944849985,
        1940.2535286209193,
        618.2759410253092,
        1123.0695886837234,
        870.470435320595,
        1717.3557778393374,
        766.7396995098942,
        1505.7201751933235
      ],
      "ess_valid_fraction": [
        0.08666666666666667,
        0.16,
        0.11333333333333333,
        0.19333333333333333,
        0.09333333333333334,
        0.22,
        0.08666666666666667,
        0.17333333333333334,
        0.16,
        0.2866666666666667,
        0.09333333333333334,
        0.17333333333333334,
        0.12666666666666668,
        0.24,
        0.13333333333333333,
        0.21333333333333335
      ],
      "n_evaluations": 1500000.0,
      "evaluation_type": "function",
      "ess_per_eval": 0.00032340497632605614,
      "time": 3.679307699203491,
      "sigma": 1.5,
      "epsilon": 0.0,
      "n_leapfrog": null,
      "n_warmup": null,
      "target_accept": null,
      "gamma": null,
      "t0": null,
      "kappa": null,
      "mean_mse": 3.359414570672473,
      "cov_mse": 0.8989486667110769,
      "acceptance_rate_mean": 0.13597499999999998,
      "acceptance_rate_min": 0.08908333333333333,
      "acceptance_rate_max": 0.16966666666666666,
      "n_divergent": null,
      "actual_n_chains": 150,
      "diagnostic_draws_per_chain": 200,
      "sample_finite_fraction": 1.0,
      "finite_draw_fraction": 1.0,
      "sample_covariance_rank": 16,
      "sample_covariance_full_rank": true
    },
    "HMC": {
      "distribution": "Paired Rosenbrock",
      "tau": 124.80763024248775,
      "tau_std": 6.800955423241354,
      "ess": 12018.49596122979,
      "ess_by_coordinate": [
        13522.722872639844,
        12052.293556901941,
        13453.212815914092,
        12018.49596122979,
        13853.950096414432,
        12912.972230926793,
        13853.775481389,
        12440.225357222502,
        13774.712508865923,
        13797.156101503406,
        13422.693092412275,
        12685.814864454529,
        14962.719762992892,
        13109.988819309547,
        14066.916898770436,
        12270.484758262848
      ],
      "ess_valid_fraction": [
        0.9066666666666666,
        0.8866666666666667,
        0.92,
        0.92,
        0.9066666666666666,
        0.9066666666666666,
        0.9,
        0.9066666666666666,
        0.9266666666666666,
        0.9333333333333333,
        0.9,
        0.9,
        0.9133333333333333,
        0.9066666666666666,
        0.94,
        0.9133333333333333
      ],
      "n_evaluations": 34427375.0,
      "evaluation_type": "gradient",
      "ess_per_eval": 0.000349097076417525,
      "time": 21.486470699310303,
      "sigma": 1.5,
      "epsilon": 0.038419337592544636,
      "n_leapfrog": 21.951583333333332,
      "n_warmup": 2000,
      "target_accept": 0.651,
      "gamma": 0.05,
      "t0": 10,
      "kappa": 0.75,
      "mean_mse": 0.0762029985863364,
      "cov_mse": 0.13294761719455694,
      "acceptance_rate_mean": 0.6506200000000001,
      "acceptance_rate_min": 0.65062,
      "acceptance_rate_max": 0.65062,
      "n_divergent": null,
      "actual_n_chains": 150,
      "diagnostic_draws_per_chain": 200,
      "sample_finite_fraction": 1.0,
      "finite_draw_fraction": 1.0,
      "sample_covariance_rank": 16,
      "sample_covariance_full_rank": true
    }
  }
}