{
  "dim": 16,
  "seed": 2,
  "condition_number": 50,
  "n_samples": 10000,
  "burn_in": 1000,
  "n_thin": 1,
  "n_chains": 16,
  "af": false,
  "initialization_mode": "agnostic",
  "initialization_description": "independent N(0, 2^2) coordinates in the intrinsic Rosenbrock frame",
  "transform_affine": false,
  "overlay_rosenbrock": {
    "a": 1.0,
    "b": 100.0,
    "sigma": 0.7
  },
  "summary": {
    "Dense-mass NUTS": {
      "distribution": "Paired Rosenbrock",
      "tau": 5.756038994108883,
      "tau_std": 0.43946368867947955,
      "ess": 27796.892995991642,
      "ess_by_coordinate": [
        34434.51599094917,
        30834.618053237966,
        34338.555337608035,
        30766.81872730291,
        36480.2740664135,
        31309.545624668233,
        32860.61851533662,
        28517.334843294117,
        34705.887527529994,
        27796.892995991642,
        32964.171993198346,
        29939.993441496827,
        37605.783460414124,
        34933.99507845786,
        30905.89947605714,
        28534.092184934627
      ],
      "ess_valid_fraction": [
        0.875,
        0.875,
        0.8125,
        0.8125,
        0.875,
        0.8125,
        0.8125,
        0.8125,
        0.8125,
        0.8125,
        0.875,
        0.8125,
        0.8125,
        0.8125,
        0.8125,
        0.8125
      ],
      "n_evaluations": 25026799.09090909,
      "evaluation_type": "gradient",
      "ess_per_eval": 0.001110685105794803,
      "time": 248.499351978302,
      "sigma": 0.7,
      "epsilon": 0.032472383230924606,
      "n_leapfrog": 156.4174943181818,
      "n_warmup": 1000,
      "target_accept": 0.8,
      "gamma": 0.05,
      "t0": 10,
      "kappa": 0.75
    },
    "Hamiltonian Walk Move": {
      "distribution": "Paired Rosenbrock",
      "tau": 183.6042033162707,
      "tau_std": 24.39502576731444,
      "ess": 871.4397443526341,
      "ess_by_coordinate": [
        1172.4665981743044,
        1175.388099870855,
        1404.65920525884,
        1461.555172066833,
        1078.977696673163,
        1105.1659639511859,
        1642.0930600049965,
        1639.3907873581397,
        1109.7121251244725,
        1224.3341161734575,
        1409.2467486791224,
        1467.613296787556,
        1394.1420248694888,
        1513.5756467208046,
        871.4397443526341,
        946.0389463976358
      ],
      "ess_valid_fraction": [
        0.9375,
        1.0,
        1.0,
        1.0,
        0.9375,
        1.0,
        1.0,
        0.9375,
        0.9375,
        1.0,
        1.0,
        0.9375,
        0.9375,
        0.9375,
        1.0,
        1.0
      ],
      "n_evaluations": 35680000.0,
      "evaluation_type": "gradient",
      "ess_per_eval": 2.4423759651138847e-05,
      "time": 160.36215829849243,
      "sigma": 0.7,
      "epsilon": 0.02616003341972828,
      "n_leapfrog": 222,
      "n_warmup": 1000,
      "target_accept": 0.651,
      "gamma": 0.05,
      "t0": 10,
      "kappa": 0.75
    },
    "Stretch Move": {
      "distribution": "Paired Rosenbrock",
      "tau": NaN,
      "tau_std": 437.95566071396706,
      "ess": 0.0,
      "ess_by_coordinate": [
        190.0926494656514,
        222.22116007248422,
        174.41405241433043,
        146.47571020366345,
        103.77481533868112,
        84.38066723168289,
        0.0,
        77.38251520935006,
        216.05100366427524,
        255.13305895431193,
        195.5698389747369,
        113.88910108432148,
        157.42350255530252,
        142.76156971958568,
        222.40295222544023,
        243.60501430396494
      ],
      "ess_valid_fraction": [
        0.3125,
        0.3125,
        0.25,
        0.1875,
        0.125,
        0.125,
        0.0,
        0.0625,
        0.25,
        0.3125,
        0.25,
        0.1875,
        0.25,
        0.1875,
        0.375,
        0.375
      ],
      "n_evaluations": 160000.0,
      "evaluation_type": "function",
      "ess_per_eval": 0.0,
      "time": 0.9391758441925049,
      "sigma": 0.7,
      "epsilon": 0.0,
      "n_leapfrog": null,
      "n_warmup": null,
      "target_accept": null,
      "gamma": null,
      "t0": null,
      "kappa": null
    },
    "HMC": {
      "distribution": "Paired Rosenbrock",
      "tau": 150.8265582713157,
      "tau_std": 14.502742448541301,
      "ess": 1060.8211301366605,
      "ess_by_coordinate": [
        1475.4280672534298,
        1112.0640806036663,
        1516.549419128343,
        1232.806905027449,
        1350.1627868147996,
        1264.055567140274,
        1418.2135403539,
        1255.783729810371,
        1564.044926859981,
        1410.9576788829568,
        1120.2349408371751,
        1060.8211301366605,
        1471.7011374474305,
        1314.9645728065268,
        1413.9501614619974,
        1160.9338121478688
      ],
      "ess_valid_fraction": [
        1.0,
        0.8125,
        0.9375,
        0.9375,
        1.0,
        1.0,
        1.0,
        1.0,
        1.0,
        1.0,
        0.875,
        0.875,
        1.0,
        0.9375,
        0.875,
        0.875
      ],
      "n_evaluations": 2400000.0,
      "evaluation_type": "gradient",
      "ess_per_eval": 0.0004420088042236085,
      "time": 12.17565107345581,
      "sigma": 0.7,
      "epsilon": 0.020012468099594116,
      "n_leapfrog": 14,
      "n_warmup": 1000,
      "target_accept": 0.651,
      "gamma": 0.05,
      "t0": 10,
      "kappa": 0.75
    }
  }
}