{
  "dim": 16,
  "seed": 2,
  "condition_number": 50,
  "n_samples": 10000,
  "burn_in": 2000,
  "n_thin": 1,
  "n_chains": 150,
  "hwm_walkers_requested": 300,
  "jax_enable_x64": true,
  "af": false,
  "initialization_mode": "agnostic",
  "initialization_description": "independent N(0, 2^2) coordinates in the intrinsic Rosenbrock frame",
  "transform_affine": false,
  "overlay_rosenbrock": {
    "a": 1.0,
    "b": 100.0,
    "sigma": 1.5
  },
  "summary": {
    "Dense-mass NUTS": {
      "distribution": "Paired Rosenbrock",
      "tau": 5.130022271067492,
      "tau_std": 0.5594985855143615,
      "ess": 292396.3914269458,
      "ess_by_coordinate": [
        408057.1525053407,
        328619.8827922315,
        400503.9616129932,
        303531.0370414532,
        383932.9924451384,
        299394.84731538116,
        383134.6628624636,
        295636.9664813144,
        387776.7603293881,
        312822.8701107666,
        391678.44042485615,
        302990.9071736825,
        376676.7051152807,
        292396.3914269458,
        385766.74146380887,
        298323.6180441821
      ],
      "ess_valid_fraction": [
        1.0,
        1.0,
        1.0,
        1.0,
        1.0,
        1.0,
        0.9933333333333333,
        0.9933333333333333,
        1.0,
        1.0,
        1.0,
        1.0,
        1.0,
        1.0,
        1.0,
        1.0
      ],
      "n_evaluations": 317996541.6666667,
      "evaluation_type": "gradient",
      "ess_per_eval": 0.0009194955073865057,
      "time": 345.3250765800476,
      "sigma": 1.5,
      "epsilon": 0.01765250522744776,
      "n_leapfrog": 211.99769444444445,
      "n_warmup": 2000,
      "target_accept": 0.8,
      "gamma": 0.05,
      "t0": 10,
      "kappa": 0.75,
      "mean_mse": 0.0005226259752871999,
      "cov_mse": 0.0006598595530617551,
      "acceptance_rate_mean": 0.8960266782473445,
      "acceptance_rate_min": 0.6375943483642954,
      "acceptance_rate_max": 0.9624010906978236,
      "n_divergent": 4056,
      "actual_n_chains": 150,
      "diagnostic_draws_per_chain": 200,
      "sample_finite_fraction": 1.0,
      "finite_draw_fraction": 1.0,
      "sample_covariance_rank": 16,
      "sample_covariance_full_rank": true
    },
    "Hamiltonian Walk Move": {
      "distribution": "Paired Rosenbrock",
      "tau": 8.825345635438534,
      "tau_std": 0.9258593279613797,
      "ess": 339930.02925045544,
      "ess_by_coordinate": [
        445273.5885165026,
        349261.6102229281,
        444207.1443623069,
        357160.84006584797,
        456392.1470086217,
        339930.02925045544,
        466489.9914987171,
        368484.84019776713,
        444736.48460652784,
        353170.9640849156,
        428837.11066480563,
        357146.07632236497,
        456754.7482343841,
        352017.20399988757,
        449039.90205088485,
        346372.3880953038
      ],
      "ess_valid_fraction": [
        0.9866666666666667,
        0.9933333333333333,
        0.9766666666666667,
        0.9766666666666667,
        0.9866666666666667,
        0.9866666666666667,
        0.9866666666666667,
        0.98,
        0.9833333333333333,
        0.99,
        0.98,
        0.9833333333333333,
        0.9833333333333333,
        0.9866666666666667,
        0.9833333333333333,
        0.9866666666666667
      ],
      "n_evaluations": 330093000.0,
      "evaluation_type": "gradient",
      "ess_per_eval": 0.0010298007811448755,
      "time": 132.09438633918762,
      "sigma": 1.5,
      "epsilon": 0.024913956736758246,
      "n_leapfrog": 109.03099999999999,
      "n_warmup": 2000,
      "target_accept": 0.651,
      "gamma": 0.05,
      "t0": 10,
      "kappa": 0.75,
      "mean_mse": 0.001457632914488583,
      "cov_mse": 0.005605640263063732,
      "acceptance_rate_mean": 0.6393441666666666,
      "acceptance_rate_min": 0.6393441666666666,
      "acceptance_rate_max": 0.6393441666666666,
      "n_divergent": null,
      "actual_n_chains": 300,
      "diagnostic_draws_per_chain": 200,
      "sample_finite_fraction": 1.0,
      "finite_draw_fraction": 1.0,
      "sample_covariance_rank": 16,
      "sample_covariance_full_rank": true
    },
    "Stretch Move": {
      "distribution": "Paired Rosenbrock",
      "tau": 2934.5326022446334,
      "tau_std": 712.0282457587645,
      "ess": 511.15465503864067,
      "ess_by_coordinate": [
        1111.1764337149887,
        1490.1864155362528,
        524.0039114375498,
        1078.4599461279902,
        797.3049393538936,
        1594.3096782618456,
        511.15465503864067,
        1318.659486819396,
        651.1431418683949,
        1433.2692134758558,
        574.9364944876189,
        1402.218546026927,
        664.458164144912,
        1632.6710848264656,
        652.2843542563894,
        1318.485149773327
      ],
      "ess_valid_fraction": [
        0.16666666666666666,
        0.21333333333333335,
        0.08,
        0.16666666666666666,
        0.12,
        0.24,
        0.09333333333333334,
        0.21333333333333335,
        0.1,
        0.21333333333333335,
        0.1,
        0.19333333333333333,
        0.10666666666666667,
        0.21333333333333335,
        0.11333333333333333,
        0.2
      ],
      "n_evaluations": 1500000.0,
      "evaluation_type": "function",
      "ess_per_eval": 0.00034076977002576043,
      "time": 3.5852935314178467,
      "sigma": 1.5,
      "epsilon": 0.0,
      "n_leapfrog": null,
      "n_warmup": null,
      "target_accept": null,
      "gamma": null,
      "t0": null,
      "kappa": null,
      "mean_mse": 3.495133520490021,
      "cov_mse": 0.9067912369769355,
      "acceptance_rate_mean": 0.14030722222222222,
      "acceptance_rate_min": 0.10058333333333333,
      "acceptance_rate_max": 0.17283333333333334,
      "n_divergent": null,
      "actual_n_chains": 150,
      "diagnostic_draws_per_chain": 200,
      "sample_finite_fraction": 1.0,
      "finite_draw_fraction": 1.0,
      "sample_covariance_rank": 16,
      "sample_covariance_full_rank": true
    },
    "HMC": {
      "distribution": "Paired Rosenbrock",
      "tau": 3023.7325737731426,
      "tau_std": 596.9239846158364,
      "ess": 496.07561627986036,
      "ess_by_coordinate": [
        496.07561627986036,
        904.3018286070475,
        669.8514568009355,
        1202.3352259785777,
        520.2555872727205,
        1105.54433023053,
        912.7141115231573,
        1722.6157703964595,
        943.4190785818125,
        1290.7162591471135,
        966.0127171068488,
        1045.4896394351333,
        605.704575967315,
        1055.6989972811502,
        687.0643769351957,
        949.067596518593
      ],
      "ess_valid_fraction": [
        0.08666666666666667,
        0.14666666666666667,
        0.11333333333333333,
        0.18666666666666668,
        0.09333333333333334,
        0.16666666666666666,
        0.14,
        0.25333333333333335,
        0.15333333333333332,
        0.2,
        0.15333333333333332,
        0.16666666666666666,
        0.1,
        0.18,
        0.1,
        0.14666666666666667
      ],
      "n_evaluations": 1500000.0,
      "evaluation_type": "gradient",
      "ess_per_eval": 0.0003307170775199069,
      "time": 13.6171395778656,
      "sigma": 1.5,
      "epsilon": 0.03924161123030052,
      "n_leapfrog": 0.0,
      "n_warmup": 2000,
      "target_accept": 0.651,
      "gamma": 0.05,
      "t0": 10,
      "kappa": 0.75,
      "mean_mse": 0.16243724315773117,
      "cov_mse": 0.22453280695177671,
      "acceptance_rate_mean": 0.6354055555555558,
      "acceptance_rate_min": 0.6354055555555556,
      "acceptance_rate_max": 0.6354055555555556,
      "n_divergent": null,
      "actual_n_chains": 150,
      "diagnostic_draws_per_chain": 200,
      "sample_finite_fraction": 1.0,
      "finite_draw_fraction": 1.0,
      "sample_covariance_rank": 16,
      "sample_covariance_full_rank": true
    }
  }
}