{
  "dim": 2,
  "seed": 0,
  "condition_number": 50.0,
  "n_samples": 10000,
  "burn_in": 2000,
  "n_thin": 1,
  "n_chains": 150,
  "hwm_walkers_requested": 300,
  "jax_enable_x64": true,
  "af": false,
  "transform_affine": false,
  "summary": {
    "Dense-mass NUTS": {
      "distribution": "Gaussian",
      "tau": 1.1214745333162974,
      "tau_std": 0.0047999947647319186,
      "ess": 1337524.7992162337,
      "ess_by_coordinate": [
        1337524.7992162337,
        1349073.0661854034
      ],
      "ess_valid_fraction": [
        1.0,
        1.0
      ],
      "n_evaluations": 5584181.666666666,
      "evaluation_type": "gradient",
      "ess_per_eval": 0.2395202876726313,
      "time": 242.0276074409485,
      "sigma": 0.0,
      "epsilon": 0.952036972539202,
      "n_leapfrog": 3.7227877777777776,
      "n_warmup": 2000,
      "target_accept": 0.8,
      "gamma": 0.05,
      "t0": 10,
      "kappa": 0.75,
      "mean_mse": 9.274357192202648e-06,
      "cov_mse": 7.995349148985479e-06,
      "acceptance_rate_mean": 0.9143815430343708,
      "acceptance_rate_min": 0.8688932700218338,
      "acceptance_rate_max": 0.9478677171169386,
      "n_divergent": 0,
      "actual_n_chains": 150,
      "diagnostic_draws_per_chain": 200,
      "sample_finite_fraction": 1.0,
      "finite_draw_fraction": 1.0,
      "sample_covariance_rank": 2,
      "sample_covariance_full_rank": true
    },
    "Hamiltonian Walk Move": {
      "distribution": "Gaussian",
      "tau": 1.3957123596810077,
      "tau_std": 0.013102365680690231,
      "ess": 2149440.018347086,
      "ess_by_coordinate": [
        2149440.018347086,
        2190568.302040764
      ],
      "ess_valid_fraction": [
        1.0,
        1.0
      ],
      "n_evaluations": 10069500.0,
      "evaluation_type": "gradient",
      "ess_per_eval": 0.21346045169542538,
      "time": 92.18622159957886,
      "sigma": 0.0,
      "epsilon": 1.626690458415097,
      "n_leapfrog": 2.3565,
      "n_warmup": 2000,
      "target_accept": 0.651,
      "gamma": 0.05,
      "t0": 10,
      "kappa": 0.75,
      "mean_mse": 6.16387959389035e-06,
      "cov_mse": 3.930308138074104e-06,
      "acceptance_rate_mean": 0.6603144444444444,
      "acceptance_rate_min": 0.6603144444444444,
      "acceptance_rate_max": 0.6603144444444444,
      "n_divergent": null,
      "actual_n_chains": 300,
      "diagnostic_draws_per_chain": 200,
      "sample_finite_fraction": 1.0,
      "finite_draw_fraction": 1.0,
      "sample_covariance_rank": 2,
      "sample_covariance_full_rank": true
    },
    "Stretch Move": {
      "distribution": "Gaussian",
      "tau": 22.007613200183926,
      "tau_std": 0.25620948485236106,
      "ess": 68158.23171535312,
      "ess_by_coordinate": [
        68158.23171535312,
        69783.04005613815
      ],
      "ess_valid_fraction": [
        1.0,
        1.0
      ],
      "n_evaluations": 1500000.0,
      "evaluation_type": "function",
      "ess_per_eval": 0.045438821143568744,
      "time": 1.197927713394165,
      "sigma": 0.0,
      "epsilon": 0.0,
      "n_leapfrog": null,
      "n_warmup": null,
      "target_accept": null,
      "gamma": null,
      "t0": null,
      "kappa": null,
      "mean_mse": 0.00021745372753290035,
      "cov_mse": 5.351256479545349e-06,
      "acceptance_rate_mean": 0.6324738888888889,
      "acceptance_rate_min": 0.61875,
      "acceptance_rate_max": 0.6448333333333334,
      "n_divergent": null,
      "actual_n_chains": 150,
      "diagnostic_draws_per_chain": 200,
      "sample_finite_fraction": 1.0,
      "finite_draw_fraction": 1.0,
      "sample_covariance_rank": 2,
      "sample_covariance_full_rank": true
    },
    "HMC": {
      "distribution": "Gaussian",
      "tau": 1.62514293986531,
      "tau_std": 0.0028650346825560558,
      "ess": 922995.7336087115,
      "ess_by_coordinate": [
        926261.6268676966,
        922995.7336087115
      ],
      "ess_valid_fraction": [
        1.0,
        1.0
      ],
      "n_evaluations": 3000000.0,
      "evaluation_type": "gradient",
      "ess_per_eval": 0.30766524453623717,
      "time": 67.50142455101013,
      "sigma": 0.0,
      "epsilon": 4.549511166286258,
      "n_leapfrog": 1.0,
      "n_warmup": 2000,
      "target_accept": 0.651,
      "gamma": 0.05,
      "t0": 10,
      "kappa": 0.75,
      "mean_mse": 9.47330109035602e-06,
      "cov_mse": 3.3390481252748763e-06,
      "acceptance_rate_mean": 0.6512038888888887,
      "acceptance_rate_min": 0.6512038888888888,
      "acceptance_rate_max": 0.6512038888888888,
      "n_divergent": null,
      "actual_n_chains": 150,
      "diagnostic_draws_per_chain": 200,
      "sample_finite_fraction": 1.0,
      "finite_draw_fraction": 1.0,
      "sample_covariance_rank": 2,
      "sample_covariance_full_rank": true
    }
  }
}