{
  "dim": 32,
  "seed": 1,
  "n_samples": 10000,
  "burn_in": 2000,
  "n_thin": 1,
  "n_chains": 100,
  "hwm_walkers_requested": 300,
  "jax_enable_x64": true,
  "af": true,
  "initialization_mode": "agnostic",
  "initialization_description": "independent N(0, 2^2) coordinates in the intrinsic Rosenbrock frame",
  "transform_affine": true,
  "overlay_rosenbrock": {
    "a": 1.0,
    "b": 100.0,
    "sigma": 1.5
  },
  "summary": {
    "Dense-mass NUTS": {
      "distribution": "Paired Rosenbrock",
      "tau": 9.548519212070989,
      "tau_std": 1.4531356689289308,
      "ess": 104728.28066741762,
      "ess_by_coordinate": [
        254891.24884079446,
        214188.5963947467,
        258887.0672237865,
        212690.9126721868,
        245849.75887463414,
        190110.96708456537,
        257087.9207208078,
        205100.8227935102,
        254239.63487685836,
        200336.3002938694,
        249389.9715510983,
        202609.61275332945,
        225077.48091072065,
        188382.460294164,
        223561.38637515434,
        179958.42094665443,
        209477.17011558116,
        171624.44248728867,
        210398.76390039947,
        180659.34341633998,
        177038.21381158507,
        145008.6882183204,
        189180.5114182089,
        160680.76357730306,
        155724.7170804151,
        142821.48189689044,
        141286.20353334336,
        128026.50658185415,
        140180.5896363613,
        120693.96137683878,
        121699.88692393762,
        104728.28066741762
      ],
      "ess_valid_fraction": [
        1.0,
        1.0,
        1.0,
        1.0,
        1.0,
        1.0,
        1.0,
        1.0,
        1.0,
        1.0,
        1.0,
        1.0,
        1.0,
        1.0,
        1.0,
        1.0,
        0.99,
        0.99,
        1.0,
        1.0,
        1.0,
        1.0,
        1.0,
        1.0,
        1.0,
        1.0,
        1.0,
        1.0,
        1.0,
        1.0,
        1.0,
        1.0
      ],
      "n_evaluations": 252104616.66666666,
      "evaluation_type": "gradient",
      "ess_per_eval": 0.00041541595728050316,
      "time": 325.16134881973267,
      "sigma": 1.5,
      "epsilon": 0.013215912829655126,
      "n_leapfrog": 252.10461666666666,
      "n_warmup": 2000,
      "target_accept": 0.8,
      "cond": 31.62,
      "mean_mse": 0.0005449411191016225,
      "cov_mse": 0.0022330203914750226,
      "acceptance_rate_mean": 0.8953639015608895,
      "acceptance_rate_min": 0.8061575803128916,
      "acceptance_rate_max": 0.9476199368259205,
      "n_divergent": 1260,
      "actual_n_chains": 100,
      "diagnostic_draws_per_chain": 200,
      "sample_finite_fraction": 1.0,
      "finite_draw_fraction": 1.0,
      "sample_covariance_rank": 32,
      "sample_covariance_full_rank": true
    },
    "Hamiltonian Walk Move": {
      "distribution": "Paired Rosenbrock",
      "tau": 6.607046260908008,
      "tau_std": 0.8604093389050064,
      "ess": 454060.692408064,
      "ess_by_coordinate": [
        622086.8843648066,
        454060.692408064,
        659242.4907110417,
        491953.63914874155,
        647705.293331536,
        465820.09341324895,
        636096.6372240337,
        463884.26805757417,
        662277.2223633882,
        480851.05356516765,
        657166.8944986741,
        478228.76393468736,
        638560.9670210814,
        481284.56701455463,
        657143.8775118642,
        485583.1965120719,
        675345.5458449163,
        480397.26824518474,
        672889.9186163138,
        490895.3130427272,
        642965.3017078334,
        480567.93114463345,
        645455.1970077264,
        470956.70914052427,
        669895.0857582913,
        478626.5025969394,
        649104.5915564675,
        466380.08407109004,
        655469.1452431076,
        471308.3671458878,
        644167.2346490711,
        473281.7353672815
      ],
      "ess_valid_fraction": [
        0.9966666666666667,
        1.0,
        1.0,
        0.9966666666666667,
        1.0,
        1.0,
        1.0,
        1.0,
        0.99,
        0.99,
        0.9966666666666667,
        1.0,
        1.0,
        1.0,
        0.9966666666666667,
        0.9966666666666667,
        1.0,
        1.0,
        0.9966666666666667,
        0.9966666666666667,
        0.9966666666666667,
        0.9966666666666667,
        1.0,
        1.0,
        0.99,
        0.99,
        1.0,
        1.0,
        0.9966666666666667,
        0.9966666666666667,
        0.9933333333333333,
        0.9966666666666667
      ],
      "n_evaluations": 422400499.99999994,
      "evaluation_type": "gradient",
      "ess_per_eval": 0.0010749530183038704,
      "time": 170.3141541481018,
      "sigma": 1.5,
      "epsilon": 0.021618395164783373,
      "n_leapfrog": 139.80016666666666,
      "n_warmup": 2000,
      "target_accept": 0.651,
      "cond": 31.62,
      "mean_mse": 0.0004790803216568908,
      "cov_mse": 0.0014396932039797894,
      "acceptance_rate_mean": 0.6359100000000001,
      "acceptance_rate_min": 0.63591,
      "acceptance_rate_max": 0.63591,
      "n_divergent": null,
      "actual_n_chains": 300,
      "diagnostic_draws_per_chain": 200,
      "sample_finite_fraction": 1.0,
      "finite_draw_fraction": 1.0,
      "sample_covariance_rank": 32,
      "sample_covariance_full_rank": true
    },
    "Stretch Move": {
      "distribution": "Paired Rosenbrock",
      "tau": 4266.555716091011,
      "tau_std": 743.7068182838577,
      "ess": 234.3810948556399,
      "ess_by_coordinate": [
        545.3662067015448,
        760.1946247674825,
        464.0956280803857,
        787.8197124589404,
        755.8315202265193,
        971.4349454528924,
        430.64250829084125,
        1035.5244034316963,
        342.19377095242555,
        630.5665594459067,
        775.4692336939898,
        842.9677295618676,
        288.3022245880851,
        580.1019573961889,
        543.6465483716707,
        1045.6644145155135,
        607.8059363342468,
        1050.8040750459581,
        563.2597871197698,
        720.9154009519033,
        577.3057078033364,
        880.5268616946817,
        234.3810948556399,
        784.7988490277719,
        684.2857637014904,
        521.4624478250995,
        603.2856624558918,
        1129.463905645828,
        387.45179238322373,
        1053.7314688229105,
        504.91152005815593,
        666.7334659739247
      ],
      "ess_valid_fraction": [
        0.15,
        0.17,
        0.12,
        0.2,
        0.17,
        0.23,
        0.11,
        0.24,
        0.09,
        0.14,
        0.19,
        0.2,
        0.08,
        0.16,
        0.12,
        0.25,
        0.16,
        0.24,
        0.14,
        0.19,
        0.15,
        0.2,
        0.06,
        0.17,
        0.17,
        0.14,
        0.15,
        0.26,
        0.1,
        0.21,
        0.11,
        0.15
      ],
      "n_evaluations": 1000000.0,
      "evaluation_type": "function",
      "ess_per_eval": 0.0002343810948556399,
      "time": 6.781653642654419,
      "sigma": 1.5,
      "epsilon": 0.0,
      "n_leapfrog": null,
      "n_warmup": null,
      "target_accept": null,
      "cond": 31.62,
      "mean_mse": 4.354852305914501,
      "cov_mse": 0.9616721476044148,
      "acceptance_rate_mean": 0.16854,
      "acceptance_rate_min": 0.12983333333333333,
      "acceptance_rate_max": 0.20575,
      "n_divergent": null,
      "actual_n_chains": 100,
      "diagnostic_draws_per_chain": 200,
      "sample_finite_fraction": 1.0,
      "finite_draw_fraction": 1.0,
      "sample_covariance_rank": 32,
      "sample_covariance_full_rank": true
    },
    "HMC": {
      "distribution": "Paired Rosenbrock",
      "tau": 2104.4211939530514,
      "tau_std": 478.7447720857123,
      "ess": 475.1900441192332,