{
  "dim": 32,
  "seed": 1,
  "n_samples": 10000,
  "burn_in": 1000,
  "n_thin": 1,
  "n_chains": 100,
  "af": true,
  "initialization_mode": "agnostic",
  "initialization_description": "independent N(0, 2^2) coordinates in the intrinsic Rosenbrock frame",
  "transform_affine": true,
  "overlay_rosenbrock": {
    "a": 1.0,
    "b": 100.0,
    "sigma": 0.7
  },
  "summary": {
    "Dense-mass NUTS": {
      "distribution": "Paired Rosenbrock",
      "tau": 587.3637387330613,
      "tau_std": 170.7193111999778,
      "ess": 1702.5225325570689,
      "ess_by_coordinate": [
        15419.599995427354,
        16838.299878379126,
        11831.16257942713,
        11823.987469988355,
        9403.942765413221,
        10319.838454463292,
        11493.716938177122,
        11603.16455818617,
        8109.877812612124,
        7535.397219512319,
        6438.149557431626,
        6688.884479010855,
        5415.972830648735,
        4897.402014763037,
        4672.881497170857,
        5203.94945408246,
        2677.381182898186,
        3499.2820561686417,
        3369.6869449801598,
        3816.9458359390424,
        2924.0363647592076,
        2727.638674425339,
        3113.1107094444283,
        3334.8513747836373,
        1871.4247988404159,
        2022.6766200892437,
        1813.1323108391716,
        2082.7699089379103,
        1702.5225325570689,
        2034.2509522386079,
        1749.8651354689737,
        2016.5948019968248
      ],
      "ess_valid_fraction": [
        0.66,
        0.67,
        0.61,
        0.64,
        0.58,
        0.62,
        0.6,
        0.59,
        0.6,
        0.59,
        0.55,
        0.58,
        0.49,
        0.49,
        0.54,
        0.54,
        0.44,
        0.48,
        0.45,
        0.48,
        0.42,
        0.39,
        0.47,
        0.51,
        0.3,
        0.35,
        0.32,
        0.4,
        0.32,
        0.31,
        0.35,
        0.41
      ],
      "n_evaluations": 254808707.27272728,
      "evaluation_type": "gradient",
      "ess_per_eval": 6.681571249191348e-06,
      "time": 279.00049114227295,
      "sigma": 0.7,
      "epsilon": 0.001059473492205143,
      "n_leapfrog": 254.80870727272728,
      "n_warmup": 1000,
      "target_accept": 0.8,
      "cond": 31.62
    },
    "Hamiltonian Walk Move": {
      "distribution": "Paired Rosenbrock",
      "tau": 5361.078032812511,
      "tau_std": 939.8705990897745,
      "ess": 186.52964830571273,
      "ess_by_coordinate": [
        613.7341937495823,
        393.29911391687364,
        563.4788086326541,
        312.08919969358294,
        559.8134714688723,
        573.167780916672,
        293.6606970141317,
        328.12543194021265,
        397.09727701445894,
        435.7345717254254,
        526.1117871908297,
        425.8341716867588,
        446.7572766653061,
        450.1181652692669,
        203.25870596618097,
        186.52964830571273,
        534.779568564007,
        410.99809593755344,
        321.72110203865736,
        622.7245106542631,
        599.3443636337755,
        506.08283186614625,
        611.6549262467271,
        298.6096017292416,
        635.4571167687412,
        454.35743566592,
        380.65570303785995,
        307.3698450323242,
        239.6065636780513,
        323.4641500800977,
        474.13007231481754,
        279.8876970210571
      ],
      "ess_valid_fraction": [
        0.14,
        0.1,
        0.15,
        0.09,
        0.14,
        0.13,
        0.07,
        0.09,
        0.11,
        0.11,
        0.13,
        0.11,
        0.12,
        0.12,
        0.05,
        0.04,
        0.14,
        0.11,
        0.09,
        0.17,
        0.15,
        0.13,
        0.14,
        0.08,
        0.15,
        0.11,
        0.1,
        0.08,
        0.07,
        0.08,
        0.12,
        0.08
      ],
      "n_evaluations": 1001000000.0,
      "evaluation_type": "gradient",
      "ess_per_eval": 1.8634330500071202e-07,
      "time": 709.2860646247864,
      "sigma": 0.7,
      "epsilon": 3.780146471399348e-07,
      "n_leapfrog": 1000,
      "n_warmup": 1000,
      "target_accept": 0.651,
      "cond": 31.62
    },
    "Stretch Move": {
      "distribution": "Paired Rosenbrock",
      "tau": 2844.8508060065687,
      "tau_std": 482.4339241778627,
      "ess": 351.51228243274386,
      "ess_by_coordinate": [
        720.1243513898328,
        1061.6160375693348,
        592.1143404511183,
        1039.3573294618882,
        661.9706458359032,
        887.3513943043149,
        362.54639902706737,
        736.3224177774681,
        647.7672962158813,
        1101.098925183762,
        403.60058080575266,
        661.654350768973,
        487.95595534615023,
        822.9036481703376,
        657.7232165107106,
        779.7090890856026,
        575.4223722073019,
        1067.1600359717795,
        650.7279558995272,
        858.441554217275,
        537.0198865415465,
        864.8454713034702,
        619.5571872630951,
        1126.016589943299,
        351.51228243274386,
        759.1876688739926,
        631.6061110008391,
        819.0327046990103,
        649.1598257695473,
        930.1315321779061,
        610.9235145886247,
        810.8284902666749
      ],
      "ess_valid_fraction": [
        0.18,
        0.24,
        0.15,
        0.24,
        0.15,
        0.21,
        0.09,
        0.17,
        0.17,
        0.23,
        0.11,
        0.16,
        0.12,
        0.18,
        0.15,
        0.19,
        0.15,
        0.21,
        0.14,
        0.19,
        0.13,
        0.21,
        0.15,
        0.27,
        0.09,
        0.18,
        0.16,
        0.21,
        0.17,
        0.21,
        0.16,
        0.19
      ],
      "n_evaluations": 1000000.0,
      "evaluation_type": "function",
      "ess_per_eval": 0.00035151228243274386,
      "time": 4.582744359970093,
      "sigma": 0.7,
      "epsilon": 0.0,
      "n_leapfrog": null,
      "n_warmup": null,
      "target_accept": null,
      "cond": 31.62
    },
    "HMC": {
      "distribution": "Paired Rosenbrock",
      "tau": 468.0264345739385,
      "tau_std": 134.8852437328452,
      "ess": 2136.6314509784825,
      "ess_by_coordinate": [
        46433.59051506597,
        28229.76366507954,
        46674.36618786685,
        30776.992779646796,
        35285.3269978364,
        25049.37852214253,
        27808.14829384134,
        20400.13285884296,
        21780.368037120596,
        16678.548608215453,
        16020.393860793727,
        12893.821235954985,
        12304.264530612629,
        11054.054110049248,
        9159.803531502444,
        7924.924270386368,
        7890.236147692869,
        7254.584601911777,
        6079.932384673007,
        5278.987623082569,
        5153.7432525498925,
        4105.258990770069,
        4630.339189294421,
        3859.4610938314527,
        3475.0914291208483,
        4051.8694914217867,
        2962.4219233161007,
        2972.0770254314743,
        2382.607706306474,
        2690.9083256051445,
        2230.4039130821557,
        2136.6314509784825
      ],
      "ess_valid_fraction": [
        0.99,
        0.99,
        0.99,
        0.99,
        1.0,
        0.99,
        0.98,
        0.98,
        0.99,
        0.99,
        0.99,
        0.99,
        0.95,
        0.95,
        0.93,
        0.87,
        0.92,
        0.87,
        0.84,
        0.79,
        0.79,
        0.7,
        0.7,
        0.66,
        0.57,
        0.64,
        0.56,
        0.53,
        0.5,
        0.49,
        0.45,
        0.44
      ],
      "n_evaluations": 881000000.0,
      "evaluation_type": "gradient",
      "ess_per_eval": 2.4252343370924884e-06,
      "time": 267.69318151474,
      "sigma": 0.7,
      "epsilon": 0.008586188778281212,
      "n_leapfrog": 880,
      "n_warmup": 1000,
      "target_accept": 0.651,
      "cond": 31.62
    }
  }
}