{
  "dim": 32,
  "seed": 2,
  "n_samples": 10000,
  "burn_in": 1000,
  "n_thin": 1,
  "n_chains": 100,
  "af": true,
  "initialization_mode": "agnostic",
  "initialization_description": "independent N(0, 2^2) coordinates in the intrinsic Rosenbrock frame",
  "transform_affine": true,
  "overlay_rosenbrock": {
    "a": 1.0,
    "b": 100.0,
    "sigma": 0.7
  },
  "summary": {
    "Dense-mass NUTS": {
      "distribution": "Paired Rosenbrock",
      "tau": 800.5902830421682,
      "tau_std": 216.52519917671296,
      "ess": 1249.0783627801397,
      "ess_by_coordinate": [
        11854.261850086586,
        13586.708885567534,
        10973.6993376294,
        10652.776814552628,
        8566.023930831581,
        8600.373973044523,
        7072.067317464709,
        8176.213419988402,
        6362.820663611803,
        6018.324588705626,
        4722.045456634001,
        4994.928938238621,
        3961.9595588460884,
        4906.324561709756,
        3768.417317135898,
        3636.1051268418705,
        3305.4489377270233,
        3261.1919366083025,
        2591.645147897596,
        3024.190414980673,
        2050.551296734498,
        2406.6682382674776,
        1950.0890644906597,
        2448.0322041460613,
        1906.8840725846544,
        2245.194824348462,
        1305.335374680892,
        1541.1523165654642,
        1370.3606568274229,
        1562.9843029598799,
        1249.0783627801397,
        1622.7777020714725
      ],
      "ess_valid_fraction": [
        0.58,
        0.61,
        0.56,
        0.57,
        0.55,
        0.53,
        0.53,
        0.56,
        0.48,
        0.47,
        0.54,
        0.47,
        0.44,
        0.48,
        0.46,
        0.48,
        0.41,
        0.44,
        0.37,
        0.4,
        0.29,
        0.4,
        0.38,
        0.44,
        0.38,
        0.42,
        0.26,
        0.3,
        0.3,
        0.29,
        0.27,
        0.32
      ],
      "n_evaluations": 254877028.1818182,
      "evaluation_type": "gradient",
      "ess_per_eval": 4.9007098509054396e-06,
      "time": 279.96920704841614,
      "sigma": 0.7,
      "epsilon": 0.011131193488836288,
      "n_leapfrog": 254.8770281818182,
      "n_warmup": 1000,
      "target_accept": 0.8,
      "cond": 31.62
    },
    "Hamiltonian Walk Move": {
      "distribution": "Paired Rosenbrock",
      "tau": 5486.623267891112,
      "tau_std": 865.8227993638012,
      "ess": 182.26146596435973,
      "ess_by_coordinate": [
        589.7637075821203,
        786.2641804015603,
        507.31909687876737,
        781.3376824993156,
        182.26146596435973,
        649.0739721426289,
        626.3306883806399,
        778.4223567984233,
        408.7000947168917,
        796.9913228226666,
        446.81769668587924,
        611.5841077917595,
        475.5015563176592,
        668.8002895683175,
        253.82458928699666,
        729.3932798524324,
        556.2126291411026,
        797.9935149929443,
        514.9385262179045,
        739.5511365710269,
        510.3164654751116,
        780.518024926745,
        406.1521674988268,
        733.6026178115496,
        578.3499657983435,
        774.2702963800374,
        400.8422967065172,
        702.3214235945563,
        576.0323985552553,
        746.8894851645941,
        890.5301994095556,
        949.0120064861533
      ],
      "ess_valid_fraction": [
        0.14,
        0.19,
        0.13,
        0.19,
        0.05,
        0.15,
        0.16,
        0.2,
        0.11,
        0.2,
        0.12,
        0.15,
        0.14,
        0.17,
        0.06,
        0.16,
        0.13,
        0.18,
        0.14,
        0.17,
        0.13,
        0.19,
        0.09,
        0.18,
        0.15,
        0.19,
        0.11,
        0.18,
        0.14,
        0.18,
        0.22,
        0.23
      ],
      "n_evaluations": 1001000000.0,
      "evaluation_type": "gradient",
      "ess_per_eval": 1.8207938657778195e-07,
      "time": 709.20339179039,
      "sigma": 0.7,
      "epsilon": 2.522750037314836e-05,
      "n_leapfrog": 1000,
      "n_warmup": 1000,
      "target_accept": 0.651,
      "cond": 31.62
    },
    "Stretch Move": {
      "distribution": "Paired Rosenbrock",
      "tau": 4580.380915328447,
      "tau_std": 709.4745583987781,
      "ess": 218.3224536311938,
      "ess_by_coordinate": [
        364.95502076674705,
        755.4964066521228,
        779.1920431016762,
        912.3069281635894,
        586.2082972490606,
        1006.6486711539897,
        751.7583146488295,
        906.6899167862368,
        218.3224536311938,
        731.377525917193,
        694.5383612719608,
        1419.3558915683302,
        509.869573477415,
        754.4428502059869,
        599.4441657375485,
        1090.4241948760246,
        622.3410004440817,
        1211.9129782477605,
        549.2838523131486,
        1206.2155732139067,
        800.2860764764378,
        843.9007576093051,
        536.9091404893485,
        888.8157255205416,
        606.0681594675077,
        1059.631126271426,
        391.62989164294265,
        550.624384873188,
        532.6178925653925,
        616.899227089582,
        616.9705464194378,
        681.5344456088928
      ],
      "ess_valid_fraction": [
        0.08,
        0.15,
        0.19,
        0.21,
        0.15,
        0.21,
        0.19,
        0.21,
        0.05,
        0.18,
        0.16,
        0.32,
        0.14,
        0.18,
        0.14,
        0.23,
        0.16,
        0.25,
        0.12,
        0.25,
        0.21,
        0.21,
        0.13,
        0.22,
        0.13,
        0.24,
        0.09,
        0.13,
        0.12,
        0.14,
        0.17,
        0.15
      ],
      "n_evaluations": 1000000.0,
      "evaluation_type": "function",
      "ess_per_eval": 0.00021832245363119382,
      "time": 4.273839473724365,
      "sigma": 0.7,
      "epsilon": 0.0,
      "n_leapfrog": null,
      "n_warmup": null,
      "target_accept": null,
      "cond": 31.62
    },
    "HMC": {
      "distribution": "Paired Rosenbrock",
      "tau": 2020.1559691905588,
      "tau_std": 451.19704341169455,
      "ess": 495.0112839063028,
      "ess_by_coordinate": [
        6427.469660795503,
        5973.462865292207,
        6042.485785142402,
        5338.117358563902,
        4644.1184371536265,
        4840.512214755918,
        3778.739886840669,
        3464.1677026234156,
        3035.367526062706,
        3012.8934667634435,
        2369.4965350994034,
        2202.240184174651,
        1685.770094763216,
        2116.504293659662,
        1098.2026473263038,
        1533.5044465124852,
        1144.4702961585144,
        1669.8881719628448,
        1460.3858687932245,
        1780.392554514798,
        1360.2029233245619,
        1571.3843210269067,
        918.4988000903805,
        1688.2184236655273,
        952.2051325813964,
        1667.402596971342,
        764.437205087048,
        1252.55986047627,
        495.0112839063028,
        845.5264549444685,
        557.4285121205295,
        924.3952395807717
      ],
      "ess_valid_fraction": [
        0.89,
        0.81,
        0.87,
        0.82,
        0.72,
        0.76,
        0.64,
        0.58,
        0.54,
        0.56,
        0.51,
        0.41,
        0.34,
        0.37,
        0.26,
        0.32,
        0.24,
        0.32,
        0.3,
        0.39,
        0.32,
        0.32,
        0.23,
        0.34,
        0.21,
        0.34,
        0.2,
        0.28,
        0.11,
        0.18,
        0.12,
        0.17
      ],
      "n_evaluations": 32000000.0,
      "evaluation_type": "gradient",
      "ess_per_eval": 1.5469102622071963e-05,
      "time": 22.402279376983643,
      "sigma": 0.7,
      "epsilon": 0.027656132355332375,
      "n_leapfrog": 31,
      "n_warmup": 1000,
      "target_accept": 0.651,
      "cond": 31.62
    }
  }
}