{
  "dim": 32,
  "seed": 2,
  "n_samples": 10000,
  "burn_in": 2000,
  "n_thin": 1,
  "n_chains": 100,
  "hwm_walkers_requested": 300,
  "jax_enable_x64": true,
  "af": true,
  "initialization_mode": "agnostic",
  "initialization_description": "independent N(0, 2^2) coordinates in the intrinsic Rosenbrock frame",
  "transform_affine": true,
  "overlay_rosenbrock": {
    "a": 1.0,
    "b": 100.0,
    "sigma": 1.5
  },
  "summary": {
    "Dense-mass NUTS": {
      "distribution": "Paired Rosenbrock",
      "tau": 10.750405717051366,
      "tau_std": 1.659475838001097,
      "ess": 93019.74514449127,
      "ess_by_coordinate": [
        256002.73276027216,
        214378.85884885595,
        254184.73328269192,
        211971.5838560236,
        251255.3274054381,
        203142.94909615803,
        252437.7057535476,
        201860.54371783635,
        250496.75931349248,
        207202.51004174078,
        250099.77440662097,
        190179.70311753647,
        234350.65034393393,
        194619.60558965174,
        212235.53983114654,
        182934.11980561615,
        205342.01364161534,
        182409.57359087415,
        203965.4015550811,
        178063.74135821164,
        182735.83514575014,
        153173.2282548701,
        176110.54523519357,
        150822.601492321,
        166770.24759694442,
        143390.89502966832,
        140928.76170562863,
        130344.60852951626,
        133115.9399544228,
        123179.0876824075,
        101455.47431945382,
        93019.74514449127
      ],
      "ess_valid_fraction": [
        1.0,
        1.0,
        1.0,
        1.0,
        1.0,
        1.0,
        1.0,
        1.0,
        1.0,
        1.0,
        1.0,
        1.0,
        1.0,
        1.0,
        1.0,
        1.0,
        1.0,
        1.0,
        1.0,
        1.0,
        1.0,
        1.0,
        1.0,
        1.0,
        1.0,
        1.0,
        1.0,
        1.0,
        1.0,
        1.0,
        1.0,
        1.0
      ],
      "n_evaluations": 252279733.3333333,
      "evaluation_type": "gradient",
      "ess_per_eval": 0.00036871667777445174,
      "time": 327.32340812683105,
      "sigma": 1.5,
      "epsilon": 0.013310117949239092,
      "n_leapfrog": 252.27973333333333,
      "n_warmup": 2000,
      "target_accept": 0.8,
      "cond": 31.62,
      "mean_mse": 0.00044029458048947185,
      "cov_mse": 0.001291371515316407,
      "acceptance_rate_mean": 0.8971733544006381,
      "acceptance_rate_min": 0.8116005711973473,
      "acceptance_rate_max": 0.9479232201117405,
      "n_divergent": 651,
      "actual_n_chains": 100,
      "diagnostic_draws_per_chain": 200,
      "sample_finite_fraction": 1.0,
      "finite_draw_fraction": 1.0,
      "sample_covariance_rank": 32,
      "sample_covariance_full_rank": true
    },
    "Hamiltonian Walk Move": {
      "distribution": "Paired Rosenbrock",
      "tau": 7.000531515200018,
      "tau_std": 0.7565696622337812,
      "ess": 428538.8892952201,
      "ess_by_coordinate": [
        590031.4116379947,
        462463.4730842596,
        576218.3619713924,
        456242.4264358893,
        597483.2218986324,
        456270.6230213782,
        589096.6535316942,
        454997.89893934334,
        572867.1529455888,
        458175.28354885825,
        574903.618176404,
        442061.79716325586,
        584357.7897302053,
        447776.365527248,
        585685.7496346487,
        451060.1341316808,
        586339.9089544574,
        453860.6346895037,
        584210.9137927336,
        444844.9173328629,
        600317.0988997265,
        478554.2128939979,
        591537.0576857583,
        466207.311605276,
        589155.3662116174,
        459737.2810294683,
        592427.0631752701,
        445407.33161266404,
        603062.4160861842,
        470804.0864688123,
        577516.2598472522,
        428538.8892952201
      ],
      "ess_valid_fraction": [
        1.0,
        1.0,
        0.9933333333333333,
        0.9966666666666667,
        1.0,
        1.0,
        0.9933333333333333,
        0.9933333333333333,
        0.9966666666666667,
        1.0,
        0.9933333333333333,
        0.9966666666666667,
        0.9933333333333333,
        0.9933333333333333,
        0.9966666666666667,
        0.9966666666666667,
        0.9933333333333333,
        1.0,
        0.99,
        0.9966666666666667,
        1.0,
        1.0,
        0.9966666666666667,
        0.9933333333333333,
        0.9966666666666667,
        0.9933333333333333,
        0.9966666666666667,
        0.9966666666666667,
        0.9933333333333333,
        0.99,
        0.99,
        0.9866666666666667
      ],
      "n_evaluations": 392328250.0,
      "evaluation_type": "gradient",
      "ess_per_eval": 0.0010922967930431216,
      "time": 161.97636604309082,
      "sigma": 1.5,
      "epsilon": 0.02150132557116532,
      "n_leapfrog": 129.77608333333333,
      "n_warmup": 2000,
      "target_accept": 0.651,
      "cond": 31.62,
      "mean_mse": 0.0007241023817316828,
      "cov_mse": 0.0029661750454228197,
      "acceptance_rate_mean": 0.6415202777777776,
      "acceptance_rate_min": 0.6415202777777778,
      "acceptance_rate_max": 0.6415202777777778,
      "n_divergent": null,
      "actual_n_chains": 300,
      "diagnostic_draws_per_chain": 200,
      "sample_finite_fraction": 1.0,
      "finite_draw_fraction": 1.0,
      "sample_covariance_rank": 32,
      "sample_covariance_full_rank": true
    },
    "Stretch Move": {
      "distribution": "Paired Rosenbrock",
      "tau": 4924.706479824202,
      "tau_std": 847.7637027915969,
      "ess": 203.05778711824814,
      "ess_by_coordinate": [
        364.4787191923216,
        719.9460832077683,
        476.3108607785262,
        520.9825204098569,
        588.1558685775057,
        839.6882328790844,
        321.7707587989089,
        721.3778002192491,
        570.8427850643671,
        465.0661974956844,
        412.02338620481294,
        724.4461477047706,
        254.12547750941553,
        571.845302762322,
        538.2341971953598,
        736.0716332260588,
        594.9617672269935,
        915.2738455477073,
        391.6219495664161,
        689.8887378476097,
        203.05778711824814,
        642.6343287217373,
        522.9956468355515,
        817.9705450521521,
        657.8206268570522,
        951.0554018368069,
        651.1194614335014,
        1216.5102399018735,
        654.2865156610077,
        926.1628804733513,
        410.5524823022984,
        761.8230700853854
      ],
      "ess_valid_fraction": [
        0.09,
        0.17,
        0.11,
        0.13,
        0.14,
        0.2,
        0.09,
        0.19,
        0.13,
        0.12,
        0.1,
        0.18,
        0.06,
        0.13,
        0.14,
        0.16,
        0.14,
        0.19,
        0.11,
        0.18,
        0.05,
        0.15,
        0.13,
        0.18,
        0.17,
        0.22,
        0.17,
        0.27,
        0.15,
        0.22,
        0.1,
        0.19
      ],
      "n_evaluations": 1000000.0,
      "evaluation_type": "function",
      "ess_per_eval": 0.00020305778711824813,
      "time": 4.969710350036621,
      "sigma": 1.5,
      "epsilon": 0.0,
      "n_leapfrog": null,
      "n_warmup": null,
      "target_accept": null,
      "cond": 31.62,
      "mean_mse": 4.4411658214749155,
      "cov_mse": 0.9681691470351433,
      "acceptance_rate_mean": 0.16511333333333333,
      "acceptance_rate_min": 0.12066666666666667,
      "acceptance_rate_max": 0.20216666666666666,
      "n_divergent": null,
      "actual_n_chains": 100,
      "diagnostic_draws_per_chain": 200,
      "sample_finite_fraction": 1.0,
      "finite_draw_fraction": 1.0,
      "sample_covariance_rank": 32,
      "sample_covariance_full_rank": true
    },
    "HMC": {
      "distribution": "Paired Rosenbrock",
      "tau": 4621.171959226486,
      "tau_std": 716.0696755808317,
      "ess": 216.39532326933463,