{
  "dim": 32,
  "seed": 2,
  "n_samples": 10000,
  "burn_in": 1000,
  "n_thin": 1,
  "n_chains": 100,
  "cond": 1000.0,
  "af": true,
  "transform_affine": true,
  "summary": {
    "Dense-mass NUTS": {
      "distribution": "Gaussian",
      "tau": 5.600399392341086,
      "tau_std": 1.0555763730397436,
      "ess": 178558.6937545143,
      "ess_by_coordinate": [
        997870.6185048141,
        996916.1881998708,
        997353.9155909606,
        998131.5246985576,
        999701.8647242583,
        999655.7807198754,
        997566.9851352111,
        998388.8928209939,
        998770.9901055166,
        999561.6787553106,
        999803.7688886924,
        997188.2159723649,
        997993.2245971914,
        998217.9119458883,
        999831.8476240552,
        997619.862615532,
        997449.6371206417,
        997287.0566532125,
        994577.8332953866,
        990125.4882754644,
        983599.6607173351,
        974144.3763090532,
        928046.9508088556,
        852242.8047693498,
        779270.7167085193,
        666010.5109246658,
        580926.5485037785,
        499567.6648278387,
        386304.3650933725,
        274734.41282574093,
        240382.0541749682,
        178558.6937545143
      ],
      "ess_valid_fraction": [
        1.0,
        1.0,
        1.0,
        1.0,
        1.0,
        1.0,
        1.0,
        1.0,
        1.0,
        1.0,
        1.0,
        1.0,
        1.0,
        1.0,
        1.0,
        1.0,
        1.0,
        1.0,
        1.0,
        1.0,
        1.0,
        1.0,
        1.0,
        1.0,
        1.0,
        1.0,
        1.0,
        1.0,
        1.0,
        1.0,
        1.0,
        1.0
      ],
      "n_evaluations": 55878520.0,
      "evaluation_type": "gradient",
      "ess_per_eval": 0.0031954800118992824,
      "time": 275.3855872154236,
      "sigma": 0.0,
      "epsilon": 0.49496909976005554,
      "n_leapfrog": 55.87852,
      "n_warmup": 1000,
      "target_accept": 0.8,
      "gamma": 0.05,
      "t0": 10,
      "kappa": 0.75
    },
    "Hamiltonian Walk Move": {
      "distribution": "Gaussian",
      "tau": 1.2888387487511794,
      "tau_std": 0.012197108388224532,
      "ess": 775892.2525947875,
      "ess_by_coordinate": [
        775892.2525947875,
        781349.9172673436,
        801994.8295577922,
        793007.3612031324,
        793132.9184371356,
        786347.1021449814,
        788726.1197810968,
        798440.9390449986,
        808545.131857267,
        785433.9223821802,
        792829.7261351532,
        799067.0373364682,
        798519.0838751959,
        802373.5353751179,
        807411.6536053416,
        797666.0593496601,
        795848.1012370797,
        804757.8959760508,
        798987.5952744097,
        790773.8275536902,
        804122.8777389919,
        789448.0681522685,
        790606.4897648876,
        784540.5094736187,
        798542.8144419283,
        803802.6845117544,
        795326.8200407011,
        800337.0536879355,
        786533.3924131499,
        791003.9781158654,
        797197.8534620313,
        788051.2437822063
      ],
      "ess_valid_fraction": [
        1.0,
        1.0,
        1.0,
        1.0,
        1.0,
        1.0,
        1.0,
        1.0,
        1.0,
        1.0,
        1.0,
        1.0,
        1.0,
        1.0,
        1.0,
        1.0,
        1.0,
        1.0,
        1.0,
        1.0,
        1.0,
        1.0,
        1.0,
        1.0,
        1.0,
        1.0,
        1.0,
        1.0,
        1.0,
        1.0,
        1.0,
        1.0
      ],
      "n_evaluations": 10000000.0,
      "evaluation_type": "gradient",
      "ess_per_eval": 0.07758922525947876,
      "time": 24.04107141494751,
      "sigma": 0.0,
      "epsilon": 0.5936576724052429,
      "n_leapfrog": 9,
      "n_warmup": 1000,
      "target_accept": 0.651,
      "gamma": 0.05,
      "t0": 10,
      "kappa": 0.75
    },
    "Stretch Move": {
      "distribution": "Gaussian",
      "tau": 280.76142849547625,
      "tau_std": 16.05920411823972,
      "ess": 3561.7428126033074,
      "ess_by_coordinate": [
        4640.477124281219,
        4273.661055579024,
        4135.375085745212,
        4632.90420374976,
        4597.962184664485,
        4547.658612411064,
        4331.342626182073,
        4550.722788860508,
        4378.037587373316,
        3792.334301402351,
        4506.674401415244,
        4434.441889530288,
        4649.700037815288,
        4498.501073995129,
        4485.048818523496,
        4680.104304437929,
        4270.37786833526,
        4121.494614653788,
        3561.7428126033074,
        4468.565157798813,
        3899.987264089102,
        4103.229367158905,
        3920.114089347783,
        4232.854559493873,
        4515.252200725525,
        4645.871684492645,
        4000.359580827193,
        3942.8022987041572,
        4387.094779318985,
        4118.3800819974385,
        4203.858947521978,
        4275.511375213131
      ],
      "ess_valid_fraction": [
        0.75,
        0.74,
        0.72,
        0.8,
        0.76,
        0.77,
        0.76,
        0.77,
        0.72,
        0.7,
        0.8,
        0.75,
        0.79,
        0.74,
        0.75,
        0.78,
        0.75,
        0.78,
        0.66,
        0.78,
        0.71,
        0.72,
        0.76,
        0.71,
        0.82,
        0.8,
        0.76,
        0.73,
        0.78,
        0.8,
        0.78,
        0.7
      ],
      "n_evaluations": 1000000.0,
      "evaluation_type": "function",
      "ess_per_eval": 0.0035617428126033072,
      "time": 5.682950496673584,
      "sigma": 0.0,
      "epsilon": 0.0,
      "n_leapfrog": null,
      "n_warmup": null,
      "target_accept": null,
      "gamma": null,
      "t0": null,
      "kappa": null
    },
    "HMC": {
      "distribution": "Gaussian",
      "tau": 6137.0360009016185,
      "tau_std": 1436.0111660429905,
      "ess": 162.94510898308005,
      "ess_by_coordinate": [
        990000.0,
        1000000.0,
        1000000.0,
        745249.8552317435,
        423308.1195317199,
        242209.87249801678,
        149538.17650664411,
        95032.17842868099,
        61183.08612984567,
        40689.903368308864,
        26817.72638351738,
        18420.001700998328,
        13071.818251155733,
        8733.902383222372,
        6887.918597594997,
        4726.938113403455,
        3667.8217197248773,
        2544.4941741911352,
        1981.4371238269255,
        932.5581804459935,
        585.230653417693,
        828.3700534040825,
        511.85357560914474,
        385.1128126899541,
        307.6550221288259,
        288.78796976960996,
        443.3980436850364,
        403.1587189775806,
        162.94510898308005,
        620.4564898579724,
        401.1737128953058,
        387.42386281432164
      ],
      "ess_valid_fraction": [
        0.99,
        1.0,
        1.0,
        1.0,
        1.0,
        1.0,
        1.0,
        1.0,
        1.0,
        1.0,
        1.0,
        1.0,
        1.0,
        0.98,
        0.92,
        0.79,
        0.7,
        0.54,
        0.43,
        0.24,
        0.13,
        0.22,
        0.13,
        0.09,
        0.09,
        0.07,
        0.11,
        0.09,
        0.05,
        0.16,
        0.1,
        0.09
      ],
      "n_evaluations": 3000000.0,
      "evaluation_type": "gradient",
      "ess_per_eval": 5.431503632769335e-05,
      "time": 13.126008987426758,
      "sigma": 0.0,
      "epsilon": 4.325451374053955,
      "n_leapfrog": 2,
      "n_warmup": 1000,
      "target_accept": 0.651,
      "gamma": 0.05,
      "t0": 10,
      "kappa": 0.75
    }
  }
}