{
  "dim": 32,
  "seed": 0,
  "n_samples": 10000,
  "burn_in": 2000,
  "n_thin": 1,
  "n_chains": 100,
  "hwm_walkers_requested": 300,
  "jax_enable_x64": true,
  "af": true,
  "initialization_mode": "agnostic",
  "initialization_description": "independent N(0, 2^2) coordinates in the intrinsic Rosenbrock frame",
  "transform_affine": true,
  "overlay_rosenbrock": {
    "a": 1.0,
    "b": 100.0,
    "sigma": 1.5
  },
  "summary": {
    "Dense-mass NUTS": {
      "distribution": "Paired Rosenbrock",
      "tau": 406.0272792926586,
      "tau_std": 103.99600494996938,
      "ess": 2462.8887047739827,
      "ess_by_coordinate": [
        254791.57601056233,
        206072.48508164802,
        232912.55868496638,
        192771.41594142094,
        230531.63629514186,
        187198.22842859253,
        222624.12961850862,
        181464.54397812707,
        207083.76488821994,
        179411.5510427669,
        165228.51312192268,
        140979.1978951973,
        145890.05095564952,
        125227.7050948458,
        104219.70427500579,
        88079.94351876593,
        72788.19640621598,
        59196.91571577531,
        49511.062804999754,
        39768.98179776272,
        30748.250606585985,
        24689.377626414804,
        18568.68006436983,
        14957.728055103871,
        12608.33154028628,
        9822.643417859521,
        8927.897691843351,
        7382.955817889159,
        4517.468340578512,
        3665.8467122533725,
        2771.379476442954,
        2462.8887047739827
      ],
      "ess_valid_fraction": [
        1.0,
        1.0,
        0.97,
        0.98,
        0.99,
        0.99,
        0.97,
        0.97,
        0.98,
        0.98,
        0.98,
        0.98,
        0.97,
        0.98,
        0.96,
        0.98,
        0.94,
        0.92,
        0.87,
        0.92,
        0.88,
        0.85,
        0.83,
        0.83,
        0.71,
        0.74,
        0.69,
        0.68,
        0.53,
        0.55,
        0.43,
        0.43
      ],
      "n_evaluations": 252578686.66666666,
      "evaluation_type": "gradient",
      "ess_per_eval": 9.750975972190038e-06,
      "time": 350.9180648326874,
      "sigma": 1.5,
      "epsilon": 0.013572841072660748,
      "n_leapfrog": 252.57868666666667,
      "n_warmup": 2000,
      "target_accept": 0.8,
      "cond": 1000.0,
      "mean_mse": 0.13176330121550295,
      "cov_mse": 3.8458742306581213,
      "acceptance_rate_mean": 0.8872147113186812,
      "acceptance_rate_min": 0.282576930791366,
      "acceptance_rate_max": 0.9592681113155718,
      "n_divergent": 11154,
      "actual_n_chains": 100,
      "diagnostic_draws_per_chain": 200,
      "sample_finite_fraction": 1.0,
      "finite_draw_fraction": 1.0,
      "sample_covariance_rank": 32,
      "sample_covariance_full_rank": true
    },
    "Hamiltonian Walk Move": {
      "distribution": "Paired Rosenbrock",
      "tau": 4.978728884018487,
      "tau_std": 1.084885109486979,
      "ess": 602563.4393609733,
      "ess_by_coordinate": [
        1110276.0598211868,
        624793.265072804,
        1149252.2858817473,
        636631.9722955722,
        1153289.9704778446,
        615407.7740440873,
        1106689.5234741725,
        610647.7387483143,
        1139224.3420351262,
        630255.4720789427,
        1089010.896297002,
        602563.4393609733,
        1148647.5865705493,
        619919.5271832934,
        1147278.5788754446,
        628716.9634937149,
        1114436.181772777,
        618028.2082855874,
        1123550.5303065274,
        614705.3489615847,
        1098364.2009684057,
        613195.3780314203,
        1165834.735583184,
        660655.9743093189,
        1149615.8873803008,
        630390.5932321795,
        1126278.6650869711,
        634801.2293034797,
        1099567.236688534,
        607730.2802810253,
        1125570.5545708085,
        606922.2568955244
      ],
      "ess_valid_fraction": [
        1.0,
        1.0,
        1.0,
        1.0,
        1.0,
        1.0,
        0.9966666666666667,
        1.0,
        1.0,
        1.0,
        1.0,
        1.0,
        1.0,
        1.0,
        0.9966666666666667,
        0.9966666666666667,
        1.0,
        1.0,
        1.0,
        1.0,
        1.0,
        1.0,
        1.0,
        1.0,
        1.0,
        1.0,
        0.9966666666666667,
        0.9966666666666667,
        1.0,
        1.0,
        1.0,
        1.0
      ],
      "n_evaluations": 753330250.0,
      "evaluation_type": "gradient",
      "ess_per_eval": 0.0007998662463919022,
      "time": 281.1166880130768,
      "sigma": 1.5,
      "epsilon": 0.02098018406303114,
      "n_leapfrog": 250.11008333333334,
      "n_warmup": 2000,
      "target_accept": 0.651,
      "cond": 1000.0,
      "mean_mse": 0.00034338219401956613,
      "cov_mse": 0.0010306127103808023,
      "acceptance_rate_mean": 0.6521830555555556,
      "acceptance_rate_min": 0.6521830555555556,
      "acceptance_rate_max": 0.6521830555555556,
      "n_divergent": null,
      "actual_n_chains": 300,
      "diagnostic_draws_per_chain": 200,
      "sample_finite_fraction": 1.0,
      "finite_draw_fraction": 1.0,
      "sample_covariance_rank": 32,
      "sample_covariance_full_rank": true
    },
    "Stretch Move": {
      "distribution": "Paired Rosenbrock",
      "tau": 3923.4864772270007,
      "tau_std": 711.0756758722467,
      "ess": 254.8753527772496,
      "ess_by_coordinate": [
        604.8168061550251,
        954.323659349702,
        773.4761326603622,
        934.2036576110532,
        695.3178417295545,
        849.0866301884569,
        529.7667906295288,
        884.0527231688054,
        417.04226399999,
        735.8159012608802,
        664.7779619336466,
        882.6321691813553,
        500.27817908784647,
        931.6669882068364,
        479.52576941357495,
        1048.359486394771,
        622.3344787927209,
        1124.1063192376264,
        391.84478585516024,
        1028.6807207305935,
        254.8753527772496,
        701.9457241629705,
        536.7637260179955,
        1033.297751959009,
        308.852964676084,
        361.9769832741668,
        597.4805050873451,
        842.6708089028141,
        470.22623491422604,
        988.4381660539406,
        632.7436082358871,
        1082.419401672656
      ],
      "ess_valid_fraction": [
        0.14,
        0.23,
        0.19,
        0.23,
        0.17,
        0.21,
        0.13,
        0.21,
        0.11,
        0.16,
        0.17,
        0.21,
        0.12,
        0.22,
        0.12,
        0.24,
        0.15,
        0.25,
        0.1,
        0.22,
        0.07,
        0.17,
        0.15,
        0.23,
        0.07,
        0.09,
        0.15,
        0.2,
        0.11,
        0.22,
        0.16,
        0.26
      ],
      "n_evaluations": 1000000.0,
      "evaluation_type": "function",
      "ess_per_eval": 0.0002548753527772496,
      "time": 4.692744970321655,
      "sigma": 1.5,
      "epsilon": 0.0,
      "n_leapfrog": null,
      "n_warmup": null,
      "target_accept": null,
      "cond": 1000.0,
      "mean_mse": 4.319453059762187,
      "cov_mse": 0.9592026126878789,
      "acceptance_rate_mean": 0.17193416666666667,
      "acceptance_rate_min": 0.13283333333333333,
      "acceptance_rate_max": 0.19858333333333333,
      "n_divergent": null,
      "actual_n_chains": 100,
      "diagnostic_draws_per_chain": 200,
      "sample_finite_fraction": 1.0,
      "finite_draw_fraction": 1.0,
      "sample_covariance_rank": 32,
      "sample_covariance_full_rank": true
    },
    "HMC": {
      "distribution": "Paired Rosenbrock",
      "tau": 5647.244118423507,
      "tau_std": 1198.2336084430412,
      "ess": 177.07752295276399,