{
  "dim": 32,
  "seed": 0,
  "n_samples": 10000,
  "burn_in": 1000,
  "n_thin": 1,
  "n_chains": 100,
  "af": true,
  "initialization_mode": "agnostic",
  "initialization_description": "independent N(0, 2^2) coordinates in the intrinsic Rosenbrock frame",
  "transform_affine": true,
  "overlay_rosenbrock": {
    "a": 1.0,
    "b": 100.0,
    "sigma": 0.7
  },
  "summary": {
    "Dense-mass NUTS": {
      "distribution": "Paired Rosenbrock",
      "tau": NaN,
      "tau_std": 3250.1831953477413,
      "ess": 0.0,
      "ess_by_coordinate": [
        156.56670923580916,
        242.48951269036695,
        121.00818108142079,
        183.71210413459343,
        282.99004637897843,
        434.5957576722874,
        275.3761445858938,
        328.8847565924009,
        278.1724995439301,
        212.94593687095403,
        99.43732824710824,
        282.6474222636738,
        233.0281928493487,
        75.66564665784239,
        309.7831521557492,
        64.570427051228,
        256.699264641234,
        101.40935787742833,
        112.87167680727812,
        258.8121133434409,
        238.01734933805852,
        233.35219265161186,
        353.83945160179326,
        0.0,
        397.80816499485115,
        391.17250337701915,
        193.19009624952668,
        172.97759770896405,
        214.30679459250916,
        103.96044803380587,
        231.373583510954,
        103.43229750577831
      ],
      "ess_valid_fraction": [
        0.04,
        0.06,
        0.03,
        0.05,
        0.07,
        0.11,
        0.06,
        0.08,
        0.07,
        0.06,
        0.03,
        0.07,
        0.05,
        0.02,
        0.08,
        0.02,
        0.06,
        0.03,
        0.03,
        0.07,
        0.06,
        0.06,
        0.09,
        0.0,
        0.07,
        0.1,
        0.04,
        0.04,
        0.05,
        0.02,
        0.06,
        0.03
      ],
      "n_evaluations": 255000000.0,
      "evaluation_type": "gradient",
      "ess_per_eval": 0.0,
      "time": 278.75583124160767,
      "sigma": 0.7,
      "epsilon": 0.001881120027974248,
      "n_leapfrog": 255.0,
      "n_warmup": 1000,
      "target_accept": 0.8,
      "cond": 1000.0
    },
    "Hamiltonian Walk Move": {
      "distribution": "Paired Rosenbrock",
      "tau": 5525.466227923824,
      "tau_std": 1052.024937401719,
      "ess": 180.98020307251915,
      "ess_by_coordinate": [
        518.073680488969,
        636.3536336628085,
        637.8805371223361,
        340.3026650511989,
        260.8568462056324,
        407.60815189235257,
        520.8597192063422,
        313.0230993778365,
        465.2011081178003,
        465.0010486555901,
        379.20139686096275,
        455.501335866419,
        367.5579745607405,
        347.3428787486803,
        359.6610455182939,
        351.5830775760717,
        180.98020307251915,
        322.92361830035713,
        546.4847425612494,
        474.1029740475311,
        525.0442931594324,
        244.5826539092076,
        354.1230317530974,
        438.66603447910154,
        269.1367306230155,
        390.4182729757586,
        240.3396582319234,
        418.2419434248427,
        189.26239834342852,
        441.22982488198124,
        348.2619847240549,
        181.07665871875616
      ],
      "ess_valid_fraction": [
        0.14,
        0.15,
        0.14,
        0.09,
        0.07,
        0.1,
        0.13,
        0.08,
        0.12,
        0.12,
        0.1,
        0.13,
        0.09,
        0.09,
        0.1,
        0.1,
        0.05,
        0.07,
        0.15,
        0.13,
        0.12,
        0.07,
        0.07,
        0.12,
        0.07,
        0.1,
        0.07,
        0.11,
        0.05,
        0.12,
        0.09,
        0.05
      ],
      "n_evaluations": 1001000000.0,
      "evaluation_type": "gradient",
      "ess_per_eval": 1.8079940366885029e-07,
      "time": 709.5280523300171,
      "sigma": 0.7,
      "epsilon": 1.4492046318537177e-07,
      "n_leapfrog": 1000,
      "n_warmup": 1000,
      "target_accept": 0.651,
      "cond": 1000.0
    },
    "Stretch Move": {
      "distribution": "Paired Rosenbrock",
      "tau": 3984.3524738182464,
      "tau_std": 736.1817727808024,
      "ess": 250.98181111514202,
      "ess_by_coordinate": [
        349.4623435757069,
        861.1599562910889,
        493.93375854382015,
        1131.819701629725,
        472.7501351321185,
        1201.406097420192,
        250.98181111514202,
        663.9663237154126,
        476.786354031055,
        827.6758598517124,
        501.06581263865405,
        797.1252220629017,
        301.09209156422315,
        736.7353232082245,
        537.760496517172,
        838.676494708129,
        569.2456293318255,
        1156.8624650533995,
        733.1237652773477,
        1034.9507748589936,
        701.3193454835692,
        1159.0945009317365,
        543.472708484569,
        1089.1175652191748,
        442.6594554176773,
        460.5617425056304,
        375.060949447445,
        600.5135306011794,
        837.9047177784371,
        693.9043197200032,
        513.6702053946489,
        954.7209453481366
      ],
      "ess_valid_fraction": [
        0.09,
        0.2,
        0.12,
        0.23,
        0.12,
        0.27,
        0.07,
        0.16,
        0.13,
        0.18,
        0.11,
        0.19,
        0.07,
        0.17,
        0.12,
        0.19,
        0.13,
        0.26,
        0.17,
        0.24,
        0.17,
        0.28,
        0.14,
        0.23,
        0.11,
        0.11,
        0.09,
        0.13,
        0.21,
        0.14,
        0.14,
        0.22
      ],
      "n_evaluations": 1000000.0,
      "evaluation_type": "function",
      "ess_per_eval": 0.000250981811115142,
      "time": 4.282357931137085,
      "sigma": 0.7,
      "epsilon": 0.0,
      "n_leapfrog": null,
      "n_warmup": null,
      "target_accept": null,
      "cond": 1000.0
    },
    "HMC": {
      "distribution": "Paired Rosenbrock",
      "tau": 7638.092648170582,
      "tau_std": 1410.9485116295416,
      "ess": 130.9227376601032,
      "ess_by_coordinate": [
        623.6791808524285,
        1028.7557280414003,
        573.3419765702587,
        1107.8722114619825,
        366.37527935352836,
        781.4860398405685,
        258.7911898082427,
        494.3987168283128,
        484.6544079955398,
        688.7643724057598,
        594.1546773717555,
        527.8418227385949,
        377.86624004775683,
        599.419029127985,
        375.439890149208,
        464.23543330168474,
        130.9227376601032,
        375.8765204706375,
        400.3127221172907,
        413.830191558874,
        414.7539403765164,
        500.447707097727,
        337.98256264883986,
        156.37737883519827,
        479.78374585896364,
        407.6970738987875,
        559.8466531066626,
        447.1342921785576,
        413.78906870280315,
        381.09579826142044,
        307.28256421765343,
        191.61975878028292
      ],
      "ess_valid_fraction": [
        0.15,
        0.22,
        0.13,
        0.27,
        0.1,
        0.2,
        0.07,
        0.13,
        0.12,
        0.17,
        0.16,
        0.14,
        0.11,
        0.15,
        0.1,
        0.12,
        0.04,
        0.1,
        0.1,
        0.11,
        0.11,
        0.13,
        0.09,
        0.04,
        0.12,
        0.11,
        0.13,
        0.11,
        0.1,
        0.1,
        0.08,
        0.05
      ],
      "n_evaluations": 1001000000.0,
      "evaluation_type": "gradient",
      "ess_per_eval": 1.3079194571438882e-07,
      "time": 357.5904459953308,
      "sigma": 0.7,
      "epsilon": 3.505532367853448e-05,
      "n_leapfrog": 1000,
      "n_warmup": 1000,
      "target_accept": 0.651,
      "cond": 1000.0
    }
  }
}